Customer_ID,Strategic_Segment,Cluster_ID,Cluster_Name,Strategic_Priority,Recommended_Action,Behavioral_Anomaly_Flag,Strategic_Whale_Flag
Accoount 1,Prospect - High Potential,-1,High-Potential Market Prospects,High,Launch targeted marketing campaigns; prioritize sales team outreach to acquire new accounts.,0,0
Accoount 2,Prospect - Medium Potential,-1,Medium-Potential Local Prospects,Medium,Deploy digital marketing and automated newsletters; outreach during regional events.,0,0
Accoount 3,Prospect - Medium Potential,-1,Medium-Potential Local Prospects,Medium,Deploy digital marketing and automated newsletters; outreach during regional events.,0,0
Accoount 4,Prospect - High Potential,-1,High-Potential Market Prospects,High,Launch targeted marketing campaigns; prioritize sales team outreach to acquire new accounts.,0,0
Accoount 5,Prospect - High Potential,-1,High-Potential Market Prospects,High,Launch targeted marketing campaigns; prioritize sales team outreach to acquire new accounts.,0,0
Accoount 6,Prospect - High Potential,-1,High-Potential Market Prospects,High,Launch targeted marketing campaigns; prioritize sales team outreach to acquire new accounts.,0,0
Accoount 7,Prospect - Medium Potential,-1,Medium-Potential Local Prospects,Medium,Deploy digital marketing and automated newsletters; outreach during regional events.,0,0
Accoount 8,Prospect - Medium Potential,-1,Medium-Potential Local Prospects,Medium,Deploy digital marketing and automated newsletters; outreach during regional events.,0,0
Accoount 9,Prospect - High Potential,-1,High-Potential Market Prospects,High,Launch targeted marketing campaigns; prioritize sales team outreach to acquire new accounts.,0,0
Accoount 10,Active - Stable Core Accounts,0,Stable Core Accounts,Medium,Apply benefits bonanza loyalty programs; maintain relationship at low cost.,0,0
Accoount 11,Active - Stable Core Accounts,0,Stable Core Accounts,Medium,Apply benefits bonanza loyalty programs; maintain relationship at low cost.,0,0
Accoount 12,Active - Under-Profiled Active Accounts,3,Under-Profiled Active Accounts,High,"Mandate sales team to visit casinos, audit machine counts, and enrich database profiles.",0,0
Accoount 13,Prospect - High Potential,-1,High-Potential Market Prospects,High,Launch targeted marketing campaigns; prioritize sales team outreach to acquire new accounts.,0,0
Accoount 14,Active - Under-Profiled Active Accounts,3,Under-Profiled Active Accounts,High,"Mandate sales team to visit casinos, audit machine counts, and enrich database profiles.",0,0
Accoount 15,Active - Competitive Niche Accounts,2,Competitive Niche Accounts,Low,Defend competitively in major hubs; use cost-effective remote support; monitor competitor moves.,1,0
Accoount 16,Active - Under-Profiled Active Accounts,3,Under-Profiled Active Accounts,High,"Mandate sales team to visit casinos, audit machine counts, and enrich database profiles.",0,0
Accoount 17,Active - Stable Core Accounts,0,Stable Core Accounts,Medium,Apply benefits bonanza loyalty programs; maintain relationship at low cost.,0,0
Accoount 18,Active - Stable Core Accounts,0,Stable Core Accounts,Medium,Apply benefits bonanza loyalty programs; maintain relationship at low cost.,0,0
Accoount 19,Active - Stable Core Accounts,0,Stable Core Accounts,Medium,Apply benefits bonanza loyalty programs; maintain relationship at low cost.,0,0
Accoount 20,Active - Stable Core Accounts,0,Stable Core Accounts,Medium,Apply benefits bonanza loyalty programs; maintain relationship at low cost.,0,0
Accoount 21,Active - Stable Core Accounts,0,Stable Core Accounts,Medium,Apply benefits bonanza loyalty programs; maintain relationship at low cost.,0,0
Accoount 22,Active - Under-Profiled Active Accounts,3,Under-Profiled Active Accounts,High,"Mandate sales team to visit casinos, audit machine counts, and enrich database profiles.",0,0
Accoount 23,Active - Under-Profiled Active Accounts,3,Under-Profiled Active Accounts,High,"Mandate sales team to visit casinos, audit machine counts, and enrich database profiles.",0,0
Accoount 24,Active - High-Value Growth Champions,1,High-Value Growth Champions,High,Deploy dedicated account managers; cross-sell early adopter products; aggressive upsell.,0,0
Accoount 25,Active - Under-Profiled Active Accounts,3,Under-Profiled Active Accounts,High,"Mandate sales team to visit casinos, audit machine counts, and enrich database profiles.",0,0
Accoount 26,Active - Stable Core Accounts,0,Stable Core Accounts,Medium,Apply benefits bonanza loyalty programs; maintain relationship at low cost.,0,0
Accoount 27,Prospect - Medium Potential,-1,Medium-Potential Local Prospects,Medium,Deploy digital marketing and automated newsletters; outreach during regional events.,0,0
Accoount 28,Active - Stable Core Accounts,0,Stable Core Accounts,Medium,Apply benefits bonanza loyalty programs; maintain relationship at low cost.,0,0
Accoount 29,Active - Stable Core Accounts,0,Stable Core Accounts,Medium,Apply benefits bonanza loyalty programs; maintain relationship at low cost.,0,0
Accoount 30,Prospect - Medium Potential,-1,Medium-Potential Local Prospects,Medium,Deploy digital marketing and automated newsletters; outreach during regional events.,0,0
Accoount 31,Active - Under-Profiled Active Accounts,3,Under-Profiled Active Accounts,High,"Mandate sales team to visit casinos, audit machine counts, and enrich database profiles.",0,0
Accoount 32,Active - Stable Core Accounts,0,Stable Core Accounts,Medium,Apply benefits bonanza loyalty programs; maintain relationship at low cost.,0,0
Accoount 33,Active - Under-Profiled Active Accounts,3,Under-Profiled Active Accounts,High,"Mandate sales team to visit casinos, audit machine counts, and enrich database profiles.",0,0
Accoount 34,Prospect - High Potential,-1,High-Potential Market Prospects,High,Launch targeted marketing campaigns; prioritize sales team outreach to acquire new accounts.,0,0
Accoount 35,Active - Stable Core Accounts,0,Stable Core Accounts,Medium,Apply benefits bonanza loyalty programs; maintain relationship at low cost.,0,0
Accoount 36,Active - Competitive Niche Accounts,2,Competitive Niche Accounts,Low,Defend competitively in major hubs; use cost-effective remote support; monitor competitor moves.,0,0
Accoount 37,Active - High-Value Growth Champions,1,High-Value Growth Champions,High,Deploy dedicated account managers; cross-sell early adopter products; aggressive upsell.,0,0
Accoount 38,Active - Stable Core Accounts,0,Stable Core Accounts,Medium,Apply benefits bonanza loyalty programs; maintain relationship at low cost.,0,0
Accoount 39,Active - Under-Profiled Active Accounts,3,Under-Profiled Active Accounts,High,"Mandate sales team to visit casinos, audit machine counts, and enrich database profiles.",0,0
Accoount 40,Active - Under-Profiled Active Accounts,3,Under-Profiled Active Accounts,High,"Mandate sales team to visit casinos, audit machine counts, and enrich database profiles.",0,1
Accoount 41,Active - High-Value Growth Champions,1,High-Value Growth Champions,High,Deploy dedicated account managers; cross-sell early adopter products; aggressive upsell.,0,0
Accoount 42,Prospect - High Potential,-1,High-Potential Market Prospects,High,Launch targeted marketing campaigns; prioritize sales team outreach to acquire new accounts.,0,0
Accoount 43,Prospect - High Potential,-1,High-Potential Market Prospects,High,Launch targeted marketing campaigns; prioritize sales team outreach to acquire new accounts.,0,0
Accoount 44,Prospect - High Potential,-1,High-Potential Market Prospects,High,Launch targeted marketing campaigns; prioritize sales team outreach to acquire new accounts.,0,0
Accoount 45,Prospect - Medium Potential,-1,Medium-Potential Local Prospects,Medium,Deploy digital marketing and automated newsletters; outreach during regional events.,0,0
Accoount 46,Prospect - High Potential,-1,High-Potential Market Prospects,High,Launch targeted marketing campaigns; prioritize sales team outreach to acquire new accounts.,0,0
Accoount 47,Prospect - High Potential,-1,High-Potential Market Prospects,High,Launch targeted marketing campaigns; prioritize sales team outreach to acquire new accounts.,0,0
Accoount 48,Prospect - Medium Potential,-1,Medium-Potential Local Prospects,Medium,Deploy digital marketing and automated newsletters; outreach during regional events.,0,0
Accoount 49,Prospect - High Potential,-1,High-Potential Market Prospects,High,Launch targeted marketing campaigns; prioritize sales team outreach to acquire new accounts.,0,0
Accoount 50,Active - Competitive Niche Accounts,2,Competitive Niche Accounts,Low,Defend competitively in major hubs; use cost-effective remote support; monitor competitor moves.,0,0
Accoount 51,Active - Stable Core Accounts,0,Stable Core Accounts,Medium,Apply benefits bonanza loyalty programs; maintain relationship at low cost.,0,0
Accoount 52,Active - Under-Profiled Active Accounts,3,Under-Profiled Active Accounts,High,"Mandate sales team to visit casinos, audit machine counts, and enrich database profiles.",0,0
Accoount 53,Prospect - Medium Potential,-1,Medium-Potential Local Prospects,Medium,Deploy digital marketing and automated newsletters; outreach during regional events.,0,0
Accoount 54,Active - Stable Core Accounts,0,Stable Core Accounts,Medium,Apply benefits bonanza loyalty programs; maintain relationship at low cost.,0,0
Accoount 55,Active - Stable Core Accounts,0,Stable Core Accounts,Medium,Apply benefits bonanza loyalty programs; maintain relationship at low cost.,0,0
Accoount 56,Prospect - High Potential,-1,High-Potential Market Prospects,High,Launch targeted marketing campaigns; prioritize sales team outreach to acquire new accounts.,0,0
Accoount 57,Active - High-Value Growth Champions,1,High-Value Growth Champions,High,Deploy dedicated account managers; cross-sell early adopter products; aggressive upsell.,0,0
Accoount 58,Active - Stable Core Accounts,0,Stable Core Accounts,Medium,Apply benefits bonanza loyalty programs; maintain relationship at low cost.,0,0
Accoount 59,Active - High-Value Growth Champions,1,High-Value Growth Champions,High,Deploy dedicated account managers; cross-sell early adopter products; aggressive upsell.,0,0
Accoount 60,Active - Stable Core Accounts,0,Stable Core Accounts,Medium,Apply benefits bonanza loyalty programs; maintain relationship at low cost.,0,0
Accoount 61,Prospect - High Potential,-1,High-Potential Market Prospects,High,Launch targeted marketing campaigns; prioritize sales team outreach to acquire new accounts.,0,0
Accoount 62,Prospect - Dormant / Address Missing,-1,Dormant / Unreachable Prospects,Low,Perform database cleanup and address validation before initiating any marketing spend.,0,0
Accoount 63,Prospect - Dormant / Address Missing,-1,Dormant / Unreachable Prospects,Low,Perform database cleanup and address validation before initiating any marketing spend.,0,0
Accoount 64,Prospect - Dormant / Address Missing,-1,Dormant / Unreachable Prospects,Low,Perform database cleanup and address validation before initiating any marketing spend.,0,0
Accoount 65,Prospect - Dormant / Address Missing,-1,Dormant / Unreachable Prospects,Low,Perform database cleanup and address validation before initiating any marketing spend.,0,0
Accoount 66,Prospect - Dormant / Address Missing,-1,Dormant / Unreachable Prospects,Low,Perform database cleanup and address validation before initiating any marketing spend.,0,0
Accoount 67,Prospect - High Potential,-1,High-Potential Market Prospects,High,Launch targeted marketing campaigns; prioritize sales team outreach to acquire new accounts.,0,0
Accoount 68,Prospect - Dormant / Address Missing,-1,Dormant / Unreachable Prospects,Low,Perform database cleanup and address validation before initiating any marketing spend.,0,0
Accoount 69,Active - Stable Core Accounts,0,Stable Core Accounts,Medium,Apply benefits bonanza loyalty programs; maintain relationship at low cost.,0,0
Accoount 70,Prospect - Medium Potential,-1,Medium-Potential Local Prospects,Medium,Deploy digital marketing and automated newsletters; outreach during regional events.,0,0
Accoount 71,Prospect - Dormant / Address Missing,-1,Dormant / Unreachable Prospects,Low,Perform database cleanup and address validation before initiating any marketing spend.,0,0
Accoount 72,Prospect - Dormant / Address Missing,-1,Dormant / Unreachable Prospects,Low,Perform database cleanup and address validation before initiating any marketing spend.,0,0
Accoount 73,Prospect - Dormant / Address Missing,-1,Dormant / Unreachable Prospects,Low,Perform database cleanup and address validation before initiating any marketing spend.,0,0
Accoount 74,Prospect - Dormant / Address Missing,-1,Dormant / Unreachable Prospects,Low,Perform database cleanup and address validation before initiating any marketing spend.,0,0
Accoount 75,Prospect - Dormant / Address Missing,-1,Dormant / Unreachable Prospects,Low,Perform database cleanup and address validation before initiating any marketing spend.,0,0
Accoount 76,Prospect - Dormant / Address Missing,-1,Dormant / Unreachable Prospects,Low,Perform database cleanup and address validation before initiating any marketing spend.,0,0
Accoount 77,Prospect - Medium Potential,-1,Medium-Potential Local Prospects,Medium,Deploy digital marketing and automated newsletters; outreach during regional events.,0,0
Accoount 78,Prospect - Medium Potential,-1,Medium-Potential Local Prospects,Medium,Deploy digital marketing and automated newsletters; outreach during regional events.,0,0
Accoount 79,Prospect - High Potential,-1,High-Potential Market Prospects,High,Launch targeted marketing campaigns; prioritize sales team outreach to acquire new accounts.,0,0
Accoount 80,Prospect - Dormant / Address Missing,-1,Dormant / Unreachable Prospects,Low,Perform database cleanup and address validation before initiating any marketing spend.,0,0
Accoount 81,Active - Under-Profiled Active Accounts,3,Under-Profiled Active Accounts,High,"Mandate sales team to visit casinos, audit machine counts, and enrich database profiles.",0,0
Accoount 82,Prospect - Dormant / Address Missing,-1,Dormant / Unreachable Prospects,Low,Perform database cleanup and address validation before initiating any marketing spend.,0,0
Accoount 83,Prospect - High Potential,-1,High-Potential Market Prospects,High,Launch targeted marketing campaigns; prioritize sales team outreach to acquire new accounts.,0,0
Accoount 84,Active - High-Value Growth Champions,1,High-Value Growth Champions,High,Deploy dedicated account managers; cross-sell early adopter products; aggressive upsell.,0,0
Accoount 85,Prospect - Medium Potential,-1,Medium-Potential Local Prospects,Medium,Deploy digital marketing and automated newsletters; outreach during regional events.,0,0
Accoount 86,Prospect - High Potential,-1,High-Potential Market Prospects,High,Launch targeted marketing campaigns; prioritize sales team outreach to acquire new accounts.,0,0
Accoount 87,Prospect - Medium Potential,-1,Medium-Potential Local Prospects,Medium,Deploy digital marketing and automated newsletters; outreach during regional events.,0,0
Accoount 88,Prospect - Medium Potential,-1,Medium-Potential Local Prospects,Medium,Deploy digital marketing and automated newsletters; outreach during regional events.,0,0
Accoount 89,Prospect - High Potential,-1,High-Potential Market Prospects,High,Launch targeted marketing campaigns; prioritize sales team outreach to acquire new accounts.,0,0
Accoount 90,Prospect - High Potential,-1,High-Potential Market Prospects,High,Launch targeted marketing campaigns; prioritize sales team outreach to acquire new accounts.,0,0
Accoount 91,Prospect - High Potential,-1,High-Potential Market Prospects,High,Launch targeted marketing campaigns; prioritize sales team outreach to acquire new accounts.,0,0
Accoount 92,Prospect - High Potential,-1,High-Potential Market Prospects,High,Launch targeted marketing campaigns; prioritize sales team outreach to acquire new accounts.,0,0
Accoount 93,Prospect - High Potential,-1,High-Potential Market Prospects,High,Launch targeted marketing campaigns; prioritize sales team outreach to acquire new accounts.,0,0
Accoount 94,Prospect - High Potential,-1,High-Potential Market Prospects,High,Launch targeted marketing campaigns; prioritize sales team outreach to acquire new accounts.,0,0
Accoount 95,Prospect - High Potential,-1,High-Potential Market Prospects,High,Launch targeted marketing campaigns; prioritize sales team outreach to acquire new accounts.,0,0
Accoount 96,Active - Under-Profiled Active Accounts,3,Under-Profiled Active Accounts,High,"Mandate sales team to visit casinos, audit machine counts, and enrich database profiles.",0,0
Accoount 97,Active - Stable Core Accounts,0,Stable Core Accounts,Medium,Apply benefits bonanza loyalty programs; maintain relationship at low cost.,0,0
Accoount 98,Active - Stable Core Accounts,0,Stable Core Accounts,Medium,Apply benefits bonanza loyalty programs; maintain relationship at low cost.,0,0
Accoount 99,Active - Under-Profiled Active Accounts,3,Under-Profiled Active Accounts,High,"Mandate sales team to visit casinos, audit machine counts, and enrich database profiles.",0,0
Accoount 100,Active - Stable Core Accounts,0,Stable Core Accounts,Medium,Apply benefits bonanza loyalty programs; maintain relationship at low cost.,0,0
Accoount 101,Active - Under-Profiled Active Accounts,3,Under-Profiled Active Accounts,High,"Mandate sales team to visit casinos, audit machine counts, and enrich database profiles.",0,0
Accoount 102,Active - Stable Core Accounts,0,Stable Core Accounts,Medium,Apply benefits bonanza loyalty programs; maintain relationship at low cost.,0,0
Accoount 103,Active - Stable Core Accounts,0,Stable Core Accounts,Medium,Apply benefits bonanza loyalty programs; maintain relationship at low cost.,0,0
Accoount 104,Active - Stable Core Accounts,0,Stable Core Accounts,Medium,Apply benefits bonanza loyalty programs; maintain relationship at low cost.,0,1
Accoount 105,Active - Under-Profiled Active Accounts,3,Under-Profiled Active Accounts,High,"Mandate sales team to visit casinos, audit machine counts, and enrich database profiles.",0,0
Accoount 106,Prospect - Medium Potential,-1,Medium-Potential Local Prospects,Medium,Deploy digital marketing and automated newsletters; outreach during regional events.,0,0
Accoount 107,Active - Stable Core Accounts,0,Stable Core Accounts,Medium,Apply benefits bonanza loyalty programs; maintain relationship at low cost.,0,0
Accoount 108,Active - Stable Core Accounts,0,Stable Core Accounts,Medium,Apply benefits bonanza loyalty programs; maintain relationship at low cost.,0,0
Accoount 109,Active - Stable Core Accounts,0,Stable Core Accounts,Medium,Apply benefits bonanza loyalty programs; maintain relationship at low cost.,0,0
Accoount 110,Active - Under-Profiled Active Accounts,3,Under-Profiled Active Accounts,High,"Mandate sales team to visit casinos, audit machine counts, and enrich database profiles.",0,0
Accoount 111,Prospect - High Potential,-1,High-Potential Market Prospects,High,Launch targeted marketing campaigns; prioritize sales team outreach to acquire new accounts.,0,0
Accoount 112,Active - Under-Profiled Active Accounts,3,Under-Profiled Active Accounts,High,"Mandate sales team to visit casinos, audit machine counts, and enrich database profiles.",0,0
Accoount 113,Active - Stable Core Accounts,0,Stable Core Accounts,Medium,Apply benefits bonanza loyalty programs; maintain relationship at low cost.,0,0
Accoount 114,Active - Stable Core Accounts,0,Stable Core Accounts,Medium,Apply benefits bonanza loyalty programs; maintain relationship at low cost.,0,0
Accoount 115,Active - Under-Profiled Active Accounts,3,Under-Profiled Active Accounts,High,"Mandate sales team to visit casinos, audit machine counts, and enrich database profiles.",0,0
Accoount 116,Active - High-Value Growth Champions,1,High-Value Growth Champions,High,Deploy dedicated account managers; cross-sell early adopter products; aggressive upsell.,0,0
Accoount 117,Prospect - Medium Potential,-1,Medium-Potential Local Prospects,Medium,Deploy digital marketing and automated newsletters; outreach during regional events.,0,0
Accoount 118,Prospect - High Potential,-1,High-Potential Market Prospects,High,Launch targeted marketing campaigns; prioritize sales team outreach to acquire new accounts.,0,0
Accoount 119,Prospect - High Potential,-1,High-Potential Market Prospects,High,Launch targeted marketing campaigns; prioritize sales team outreach to acquire new accounts.,0,0
Accoount 120,Prospect - High Potential,-1,High-Potential Market Prospects,High,Launch targeted marketing campaigns; prioritize sales team outreach to acquire new accounts.,0,0
Accoount 121,Active - High-Value Growth Champions,1,High-Value Growth Champions,High,Deploy dedicated account managers; cross-sell early adopter products; aggressive upsell.,0,0
Accoount 122,Prospect - High Potential,-1,High-Potential Market Prospects,High,Launch targeted marketing campaigns; prioritize sales team outreach to acquire new accounts.,0,0
Accoount 123,Prospect - Medium Potential,-1,Medium-Potential Local Prospects,Medium,Deploy digital marketing and automated newsletters; outreach during regional events.,0,0
Accoount 124,Prospect - High Potential,-1,High-Potential Market Prospects,High,Launch targeted marketing campaigns; prioritize sales team outreach to acquire new accounts.,0,0
Accoount 125,Active - Stable Core Accounts,0,Stable Core Accounts,Medium,Apply benefits bonanza loyalty programs; maintain relationship at low cost.,0,0
Accoount 126,Active - Under-Profiled Active Accounts,3,Under-Profiled Active Accounts,High,"Mandate sales team to visit casinos, audit machine counts, and enrich database profiles.",0,0
Accoount 127,Active - High-Value Growth Champions,1,High-Value Growth Champions,High,Deploy dedicated account managers; cross-sell early adopter products; aggressive upsell.,0,0
Accoount 128,Active - Competitive Niche Accounts,2,Competitive Niche Accounts,Low,Defend competitively in major hubs; use cost-effective remote support; monitor competitor moves.,0,0
Accoount 129,Prospect - High Potential,-1,High-Potential Market Prospects,High,Launch targeted marketing campaigns; prioritize sales team outreach to acquire new accounts.,0,0
Accoount 130,Prospect - Medium Potential,-1,Medium-Potential Local Prospects,Medium,Deploy digital marketing and automated newsletters; outreach during regional events.,0,0
Accoount 131,Active - Stable Core Accounts,0,Stable Core Accounts,Medium,Apply benefits bonanza loyalty programs; maintain relationship at low cost.,0,0
Accoount 132,Active - Stable Core Accounts,0,Stable Core Accounts,Medium,Apply benefits bonanza loyalty programs; maintain relationship at low cost.,0,0
Accoount 133,Active - Competitive Niche Accounts,2,Competitive Niche Accounts,Low,Defend competitively in major hubs; use cost-effective remote support; monitor competitor moves.,0,0
Accoount 134,Active - High-Value Growth Champions,1,High-Value Growth Champions,High,Deploy dedicated account managers; cross-sell early adopter products; aggressive upsell.,0,0
Accoount 135,Prospect - Medium Potential,-1,Medium-Potential Local Prospects,Medium,Deploy digital marketing and automated newsletters; outreach during regional events.,0,0
Accoount 136,Active - Stable Core Accounts,0,Stable Core Accounts,Medium,Apply benefits bonanza loyalty programs; maintain relationship at low cost.,0,0
Accoount 137,Active - Stable Core Accounts,0,Stable Core Accounts,Medium,Apply benefits bonanza loyalty programs; maintain relationship at low cost.,0,0
Accoount 138,Prospect - Dormant / Address Missing,-1,Dormant / Unreachable Prospects,Low,Perform database cleanup and address validation before initiating any marketing spend.,0,0
Accoount 139,Prospect - Dormant / Address Missing,-1,Dormant / Unreachable Prospects,Low,Perform database cleanup and address validation before initiating any marketing spend.,0,0
Accoount 140,Prospect - Dormant / Address Missing,-1,Dormant / Unreachable Prospects,Low,Perform database cleanup and address validation before initiating any marketing spend.,0,0
Accoount 141,Prospect - Dormant / Address Missing,-1,Dormant / Unreachable Prospects,Low,Perform database cleanup and address validation before initiating any marketing spend.,0,0
Accoount 142,Prospect - Dormant / Address Missing,-1,Dormant / Unreachable Prospects,Low,Perform database cleanup and address validation before initiating any marketing spend.,0,0
Accoount 143,Prospect - Dormant / Address Missing,-1,Dormant / Unreachable Prospects,Low,Perform database cleanup and address validation before initiating any marketing spend.,0,0
Accoount 144,Prospect - Medium Potential,-1,Medium-Potential Local Prospects,Medium,Deploy digital marketing and automated newsletters; outreach during regional events.,0,0
Accoount 145,Prospect - Dormant / Address Missing,-1,Dormant / Unreachable Prospects,Low,Perform database cleanup and address validation before initiating any marketing spend.,0,0
Accoount 146,Prospect - Dormant / Address Missing,-1,Dormant / Unreachable Prospects,Low,Perform database cleanup and address validation before initiating any marketing spend.,0,0
Accoount 147,Active - Stable Core Accounts,0,Stable Core Accounts,Medium,Apply benefits bonanza loyalty programs; maintain relationship at low cost.,0,0
Accoount 148,Prospect - Dormant / Address Missing,-1,Dormant / Unreachable Prospects,Low,Perform database cleanup and address validation before initiating any marketing spend.,0,0
Accoount 149,Prospect - Medium Potential,-1,Medium-Potential Local Prospects,Medium,Deploy digital marketing and automated newsletters; outreach during regional events.,0,0
Accoount 150,Prospect - Medium Potential,-1,Medium-Potential Local Prospects,Medium,Deploy digital marketing and automated newsletters; outreach during regional events.,0,0
Accoount 151,Prospect - Dormant / Address Missing,-1,Dormant / Unreachable Prospects,Low,Perform database cleanup and address validation before initiating any marketing spend.,0,0
Accoount 152,Prospect - Dormant / Address Missing,-1,Dormant / Unreachable Prospects,Low,Perform database cleanup and address validation before initiating any marketing spend.,0,0
Accoount 153,Prospect - Dormant / Address Missing,-1,Dormant / Unreachable Prospects,Low,Perform database cleanup and address validation before initiating any marketing spend.,0,0
Accoount 154,Prospect - Dormant / Address Missing,-1,Dormant / Unreachable Prospects,Low,Perform database cleanup and address validation before initiating any marketing spend.,0,0
Accoount 155,Prospect - Dormant / Address Missing,-1,Dormant / Unreachable Prospects,Low,Perform database cleanup and address validation before initiating any marketing spend.,0,0
Accoount 156,Prospect - Medium Potential,-1,Medium-Potential Local Prospects,Medium,Deploy digital marketing and automated newsletters; outreach during regional events.,0,0
Accoount 157,Prospect - High Potential,-1,High-Potential Market Prospects,High,Launch targeted marketing campaigns; prioritize sales team outreach to acquire new accounts.,0,0
Accoount 158,Prospect - Dormant / Address Missing,-1,Dormant / Unreachable Prospects,Low,Perform database cleanup and address validation before initiating any marketing spend.,0,0
Accoount 159,Prospect - High Potential,-1,High-Potential Market Prospects,High,Launch targeted marketing campaigns; prioritize sales team outreach to acquire new accounts.,0,0
Accoount 160,Prospect - Medium Potential,-1,Medium-Potential Local Prospects,Medium,Deploy digital marketing and automated newsletters; outreach during regional events.,0,0
Accoount 161,Active - High-Value Growth Champions,1,High-Value Growth Champions,High,Deploy dedicated account managers; cross-sell early adopter products; aggressive upsell.,0,0
Accoount 162,Prospect - Medium Potential,-1,Medium-Potential Local Prospects,Medium,Deploy digital marketing and automated newsletters; outreach during regional events.,0,0
Accoount 163,Active - High-Value Growth Champions,1,High-Value Growth Champions,High,Deploy dedicated account managers; cross-sell early adopter products; aggressive upsell.,0,0
Accoount 164,Prospect - High Potential,-1,High-Potential Market Prospects,High,Launch targeted marketing campaigns; prioritize sales team outreach to acquire new accounts.,0,0
Accoount 165,Prospect - Medium Potential,-1,Medium-Potential Local Prospects,Medium,Deploy digital marketing and automated newsletters; outreach during regional events.,0,0
Accoount 166,Active - Competitive Niche Accounts,2,Competitive Niche Accounts,Low,Defend competitively in major hubs; use cost-effective remote support; monitor competitor moves.,0,0
Accoount 167,Prospect - High Potential,-1,High-Potential Market Prospects,High,Launch targeted marketing campaigns; prioritize sales team outreach to acquire new accounts.,0,0
Accoount 168,Active - High-Value Growth Champions,1,High-Value Growth Champions,High,Deploy dedicated account managers; cross-sell early adopter products; aggressive upsell.,0,0
Accoount 169,Prospect - High Potential,-1,High-Potential Market Prospects,High,Launch targeted marketing campaigns; prioritize sales team outreach to acquire new accounts.,0,0
Accoount 170,Prospect - High Potential,-1,High-Potential Market Prospects,High,Launch targeted marketing campaigns; prioritize sales team outreach to acquire new accounts.,0,0
Accoount 171,Prospect - High Potential,-1,High-Potential Market Prospects,High,Launch targeted marketing campaigns; prioritize sales team outreach to acquire new accounts.,0,0
Accoount 172,Prospect - Medium Potential,-1,Medium-Potential Local Prospects,Medium,Deploy digital marketing and automated newsletters; outreach during regional events.,0,0
Accoount 173,Active - High-Value Growth Champions,1,High-Value Growth Champions,High,Deploy dedicated account managers; cross-sell early adopter products; aggressive upsell.,0,0
Accoount 174,Active - High-Value Growth Champions,1,High-Value Growth Champions,High,Deploy dedicated account managers; cross-sell early adopter products; aggressive upsell.,0,0
Accoount 175,Prospect - Medium Potential,-1,Medium-Potential Local Prospects,Medium,Deploy digital marketing and automated newsletters; outreach during regional events.,0,0
Accoount 176,Prospect - High Potential,-1,High-Potential Market Prospects,High,Launch targeted marketing campaigns; prioritize sales team outreach to acquire new accounts.,0,0
Accoount 177,Prospect - High Potential,-1,High-Potential Market Prospects,High,Launch targeted marketing campaigns; prioritize sales team outreach to acquire new accounts.,0,0
Accoount 178,Prospect - High Potential,-1,High-Potential Market Prospects,High,Launch targeted marketing campaigns; prioritize sales team outreach to acquire new accounts.,0,0
Accoount 179,Prospect - Medium Potential,-1,Medium-Potential Local Prospects,Medium,Deploy digital marketing and automated newsletters; outreach during regional events.,0,0
Accoount 180,Prospect - High Potential,-1,High-Potential Market Prospects,High,Launch targeted marketing campaigns; prioritize sales team outreach to acquire new accounts.,0,0
Accoount 181,Prospect - Medium Potential,-1,Medium-Potential Local Prospects,Medium,Deploy digital marketing and automated newsletters; outreach during regional events.,0,0
Accoount 182,Active - Stable Core Accounts,0,Stable Core Accounts,Medium,Apply benefits bonanza loyalty programs; maintain relationship at low cost.,0,0
Accoount 183,Active - Under-Profiled Active Accounts,3,Under-Profiled Active Accounts,High,"Mandate sales team to visit casinos, audit machine counts, and enrich database profiles.",0,0
Accoount 184,Active - Stable Core Accounts,0,Stable Core Accounts,Medium,Apply benefits bonanza loyalty programs; maintain relationship at low cost.,0,0
Accoount 185,Active - Competitive Niche Accounts,2,Competitive Niche Accounts,Low,Defend competitively in major hubs; use cost-effective remote support; monitor competitor moves.,0,0
Accoount 186,Active - Under-Profiled Active Accounts,3,Under-Profiled Active Accounts,High,"Mandate sales team to visit casinos, audit machine counts, and enrich database profiles.",0,0
Accoount 187,Prospect - High Potential,-1,High-Potential Market Prospects,High,Launch targeted marketing campaigns; prioritize sales team outreach to acquire new accounts.,0,0
Accoount 188,Active - Under-Profiled Active Accounts,3,Under-Profiled Active Accounts,High,"Mandate sales team to visit casinos, audit machine counts, and enrich database profiles.",0,0
Accoount 189,Active - Stable Core Accounts,0,Stable Core Accounts,Medium,Apply benefits bonanza loyalty programs; maintain relationship at low cost.,0,0
Accoount 190,Active - Competitive Niche Accounts,2,Competitive Niche Accounts,Low,Defend competitively in major hubs; use cost-effective remote support; monitor competitor moves.,0,0
Accoount 191,Active - Stable Core Accounts,0,Stable Core Accounts,Medium,Apply benefits bonanza loyalty programs; maintain relationship at low cost.,0,0
Accoount 192,Active - Stable Core Accounts,0,Stable Core Accounts,Medium,Apply benefits bonanza loyalty programs; maintain relationship at low cost.,0,0
Accoount 193,Active - Stable Core Accounts,0,Stable Core Accounts,Medium,Apply benefits bonanza loyalty programs; maintain relationship at low cost.,0,0
Accoount 194,Active - Stable Core Accounts,0,Stable Core Accounts,Medium,Apply benefits bonanza loyalty programs; maintain relationship at low cost.,0,0
Accoount 195,Active - Stable Core Accounts,0,Stable Core Accounts,Medium,Apply benefits bonanza loyalty programs; maintain relationship at low cost.,0,0
Accoount 196,Active - Competitive Niche Accounts,2,Competitive Niche Accounts,Low,Defend competitively in major hubs; use cost-effective remote support; monitor competitor moves.,0,1
Accoount 197,Active - Under-Profiled Active Accounts,3,Under-Profiled Active Accounts,High,"Mandate sales team to visit casinos, audit machine counts, and enrich database profiles.",0,0
Accoount 198,Active - Under-Profiled Active Accounts,3,Under-Profiled Active Accounts,High,"Mandate sales team to visit casinos, audit machine counts, and enrich database profiles.",0,0
Accoount 199,Active - Stable Core Accounts,0,Stable Core Accounts,Medium,Apply benefits bonanza loyalty programs; maintain relationship at low cost.,0,0
Accoount 200,Active - Stable Core Accounts,0,Stable Core Accounts,Medium,Apply benefits bonanza loyalty programs; maintain relationship at low cost.,0,0
Accoount 201,Active - Stable Core Accounts,0,Stable Core Accounts,Medium,Apply benefits bonanza loyalty programs; maintain relationship at low cost.,0,0
Accoount 202,Active - Stable Core Accounts,0,Stable Core Accounts,Medium,Apply benefits bonanza loyalty programs; maintain relationship at low cost.,0,0
Accoount 203,Prospect - Medium Potential,-1,Medium-Potential Local Prospects,Medium,Deploy digital marketing and automated newsletters; outreach during regional events.,0,0
Accoount 204,Active - Stable Core Accounts,0,Stable Core Accounts,Medium,Apply benefits bonanza loyalty programs; maintain relationship at low cost.,0,0
Accoount 205,Active - Stable Core Accounts,0,Stable Core Accounts,Medium,Apply benefits bonanza loyalty programs; maintain relationship at low cost.,0,0
Accoount 206,Active - High-Value Growth Champions,1,High-Value Growth Champions,High,Deploy dedicated account managers; cross-sell early adopter products; aggressive upsell.,0,0
Accoount 207,Prospect - Medium Potential,-1,Medium-Potential Local Prospects,Medium,Deploy digital marketing and automated newsletters; outreach during regional events.,0,0
Accoount 208,Prospect - High Potential,-1,High-Potential Market Prospects,High,Launch targeted marketing campaigns; prioritize sales team outreach to acquire new accounts.,0,0
Accoount 209,Active - High-Value Growth Champions,1,High-Value Growth Champions,High,Deploy dedicated account managers; cross-sell early adopter products; aggressive upsell.,0,0
Accoount 210,Prospect - High Potential,-1,High-Potential Market Prospects,High,Launch targeted marketing campaigns; prioritize sales team outreach to acquire new accounts.,0,0
Accoount 211,Prospect - High Potential,-1,High-Potential Market Prospects,High,Launch targeted marketing campaigns; prioritize sales team outreach to acquire new accounts.,0,0
Accoount 212,Active - Competitive Niche Accounts,2,Competitive Niche Accounts,Low,Defend competitively in major hubs; use cost-effective remote support; monitor competitor moves.,0,0
Accoount 213,Prospect - Medium Potential,-1,Medium-Potential Local Prospects,Medium,Deploy digital marketing and automated newsletters; outreach during regional events.,0,0
Accoount 214,Prospect - High Potential,-1,High-Potential Market Prospects,High,Launch targeted marketing campaigns; prioritize sales team outreach to acquire new accounts.,0,0
Accoount 215,Active - Stable Core Accounts,0,Stable Core Accounts,Medium,Apply benefits bonanza loyalty programs; maintain relationship at low cost.,0,0
Accoount 216,Prospect - High Potential,-1,High-Potential Market Prospects,High,Launch targeted marketing campaigns; prioritize sales team outreach to acquire new accounts.,0,0
Accoount 217,Active - Stable Core Accounts,0,Stable Core Accounts,Medium,Apply benefits bonanza loyalty programs; maintain relationship at low cost.,0,0
Accoount 218,Prospect - High Potential,-1,High-Potential Market Prospects,High,Launch targeted marketing campaigns; prioritize sales team outreach to acquire new accounts.,0,0
Accoount 219,Prospect - High Potential,-1,High-Potential Market Prospects,High,Launch targeted marketing campaigns; prioritize sales team outreach to acquire new accounts.,0,0
Accoount 220,Active - Stable Core Accounts,0,Stable Core Accounts,Medium,Apply benefits bonanza loyalty programs; maintain relationship at low cost.,0,0
Accoount 221,Prospect - High Potential,-1,High-Potential Market Prospects,High,Launch targeted marketing campaigns; prioritize sales team outreach to acquire new accounts.,0,0
Accoount 222,Prospect - High Potential,-1,High-Potential Market Prospects,High,Launch targeted marketing campaigns; prioritize sales team outreach to acquire new accounts.,0,0
Accoount 223,Active - Stable Core Accounts,0,Stable Core Accounts,Medium,Apply benefits bonanza loyalty programs; maintain relationship at low cost.,0,0
Accoount 224,Prospect - Medium Potential,-1,Medium-Potential Local Prospects,Medium,Deploy digital marketing and automated newsletters; outreach during regional events.,0,0
Accoount 225,Active - Under-Profiled Active Accounts,3,Under-Profiled Active Accounts,High,"Mandate sales team to visit casinos, audit machine counts, and enrich database profiles.",0,0
Accoount 226,Active - Stable Core Accounts,0,Stable Core Accounts,Medium,Apply benefits bonanza loyalty programs; maintain relationship at low cost.,0,0
Accoount 227,Prospect - Medium Potential,-1,Medium-Potential Local Prospects,Medium,Deploy digital marketing and automated newsletters; outreach during regional events.,0,0
Accoount 228,Prospect - High Potential,-1,High-Potential Market Prospects,High,Launch targeted marketing campaigns; prioritize sales team outreach to acquire new accounts.,0,0
Accoount 229,Active - High-Value Growth Champions,1,High-Value Growth Champions,High,Deploy dedicated account managers; cross-sell early adopter products; aggressive upsell.,1,0
Accoount 230,Prospect - Medium Potential,-1,Medium-Potential Local Prospects,Medium,Deploy digital marketing and automated newsletters; outreach during regional events.,0,0
Accoount 231,Prospect - Dormant / Address Missing,-1,Dormant / Unreachable Prospects,Low,Perform database cleanup and address validation before initiating any marketing spend.,0,0
Accoount 232,Prospect - Medium Potential,-1,Medium-Potential Local Prospects,Medium,Deploy digital marketing and automated newsletters; outreach during regional events.,0,0
Accoount 233,Prospect - High Potential,-1,High-Potential Market Prospects,High,Launch targeted marketing campaigns; prioritize sales team outreach to acquire new accounts.,0,0
Accoount 234,Prospect - Dormant / Address Missing,-1,Dormant / Unreachable Prospects,Low,Perform database cleanup and address validation before initiating any marketing spend.,0,0
Accoount 235,Prospect - Dormant / Address Missing,-1,Dormant / Unreachable Prospects,Low,Perform database cleanup and address validation before initiating any marketing spend.,0,0
Accoount 236,Prospect - Dormant / Address Missing,-1,Dormant / Unreachable Prospects,Low,Perform database cleanup and address validation before initiating any marketing spend.,0,0
Accoount 237,Prospect - Dormant / Address Missing,-1,Dormant / Unreachable Prospects,Low,Perform database cleanup and address validation before initiating any marketing spend.,0,0
Accoount 238,Prospect - Dormant / Address Missing,-1,Dormant / Unreachable Prospects,Low,Perform database cleanup and address validation before initiating any marketing spend.,0,0
Accoount 239,Active - High-Value Growth Champions,1,High-Value Growth Champions,High,Deploy dedicated account managers; cross-sell early adopter products; aggressive upsell.,1,0
Accoount 240,Prospect - Dormant / Address Missing,-1,Dormant / Unreachable Prospects,Low,Perform database cleanup and address validation before initiating any marketing spend.,0,0
Accoount 241,Prospect - Dormant / Address Missing,-1,Dormant / Unreachable Prospects,Low,Perform database cleanup and address validation before initiating any marketing spend.,0,0
Accoount 242,Prospect - Medium Potential,-1,Medium-Potential Local Prospects,Medium,Deploy digital marketing and automated newsletters; outreach during regional events.,0,0
Accoount 243,Prospect - Medium Potential,-1,Medium-Potential Local Prospects,Medium,Deploy digital marketing and automated newsletters; outreach during regional events.,0,0
Accoount 244,Active - High-Value Growth Champions,1,High-Value Growth Champions,High,Deploy dedicated account managers; cross-sell early adopter products; aggressive upsell.,0,0
Accoount 245,Active - High-Value Growth Champions,1,High-Value Growth Champions,High,Deploy dedicated account managers; cross-sell early adopter products; aggressive upsell.,0,0
Accoount 246,Active - Stable Core Accounts,0,Stable Core Accounts,Medium,Apply benefits bonanza loyalty programs; maintain relationship at low cost.,0,0
Accoount 247,Active - High-Value Growth Champions,1,High-Value Growth Champions,High,Deploy dedicated account managers; cross-sell early adopter products; aggressive upsell.,0,0
Accoount 248,Prospect - Medium Potential,-1,Medium-Potential Local Prospects,Medium,Deploy digital marketing and automated newsletters; outreach during regional events.,0,0
Accoount 249,Active - Competitive Niche Accounts,2,Competitive Niche Accounts,Low,Defend competitively in major hubs; use cost-effective remote support; monitor competitor moves.,0,0
Accoount 250,Prospect - Dormant / Address Missing,-1,Dormant / Unreachable Prospects,Low,Perform database cleanup and address validation before initiating any marketing spend.,0,0
Accoount 251,Active - Competitive Niche Accounts,2,Competitive Niche Accounts,Low,Defend competitively in major hubs; use cost-effective remote support; monitor competitor moves.,0,0
Accoount 252,Prospect - High Potential,-1,High-Potential Market Prospects,High,Launch targeted marketing campaigns; prioritize sales team outreach to acquire new accounts.,0,0
Accoount 253,Prospect - Medium Potential,-1,Medium-Potential Local Prospects,Medium,Deploy digital marketing and automated newsletters; outreach during regional events.,0,0
Accoount 254,Prospect - High Potential,-1,High-Potential Market Prospects,High,Launch targeted marketing campaigns; prioritize sales team outreach to acquire new accounts.,0,0
Accoount 255,Active - Competitive Niche Accounts,2,Competitive Niche Accounts,Low,Defend competitively in major hubs; use cost-effective remote support; monitor competitor moves.,1,0
Accoount 256,Prospect - Medium Potential,-1,Medium-Potential Local Prospects,Medium,Deploy digital marketing and automated newsletters; outreach during regional events.,0,0
Accoount 257,Prospect - High Potential,-1,High-Potential Market Prospects,High,Launch targeted marketing campaigns; prioritize sales team outreach to acquire new accounts.,0,0
Accoount 258,Prospect - High Potential,-1,High-Potential Market Prospects,High,Launch targeted marketing campaigns; prioritize sales team outreach to acquire new accounts.,0,0
Accoount 259,Active - High-Value Growth Champions,1,High-Value Growth Champions,High,Deploy dedicated account managers; cross-sell early adopter products; aggressive upsell.,0,0
Accoount 260,Active - High-Value Growth Champions,1,High-Value Growth Champions,High,Deploy dedicated account managers; cross-sell early adopter products; aggressive upsell.,0,0
Accoount 261,Active - High-Value Growth Champions,1,High-Value Growth Champions,High,Deploy dedicated account managers; cross-sell early adopter products; aggressive upsell.,0,0
Accoount 262,Active - High-Value Growth Champions,1,High-Value Growth Champions,High,Deploy dedicated account managers; cross-sell early adopter products; aggressive upsell.,0,0
Accoount 263,Active - High-Value Growth Champions,1,High-Value Growth Champions,High,Deploy dedicated account managers; cross-sell early adopter products; aggressive upsell.,0,0
Accoount 264,Prospect - Medium Potential,-1,Medium-Potential Local Prospects,Medium,Deploy digital marketing and automated newsletters; outreach during regional events.,0,0
Accoount 265,Active - High-Value Growth Champions,1,High-Value Growth Champions,High,Deploy dedicated account managers; cross-sell early adopter products; aggressive upsell.,0,0
Accoount 266,Prospect - Dormant / Address Missing,-1,Dormant / Unreachable Prospects,Low,Perform database cleanup and address validation before initiating any marketing spend.,0,0
Accoount 267,Prospect - High Potential,-1,High-Potential Market Prospects,High,Launch targeted marketing campaigns; prioritize sales team outreach to acquire new accounts.,0,0
Accoount 268,Prospect - High Potential,-1,High-Potential Market Prospects,High,Launch targeted marketing campaigns; prioritize sales team outreach to acquire new accounts.,0,0
Accoount 269,Prospect - High Potential,-1,High-Potential Market Prospects,High,Launch targeted marketing campaigns; prioritize sales team outreach to acquire new accounts.,0,0
Accoount 270,Active - High-Value Growth Champions,1,High-Value Growth Champions,High,Deploy dedicated account managers; cross-sell early adopter products; aggressive upsell.,0,0
Accoount 271,Active - High-Value Growth Champions,1,High-Value Growth Champions,High,Deploy dedicated account managers; cross-sell early adopter products; aggressive upsell.,0,0
Accoount 272,Prospect - Medium Potential,-1,Medium-Potential Local Prospects,Medium,Deploy digital marketing and automated newsletters; outreach during regional events.,0,0
Accoount 273,Prospect - Medium Potential,-1,Medium-Potential Local Prospects,Medium,Deploy digital marketing and automated newsletters; outreach during regional events.,0,0
Accoount 274,Prospect - Medium Potential,-1,Medium-Potential Local Prospects,Medium,Deploy digital marketing and automated newsletters; outreach during regional events.,0,0
Accoount 275,Prospect - High Potential,-1,High-Potential Market Prospects,High,Launch targeted marketing campaigns; prioritize sales team outreach to acquire new accounts.,0,0
Accoount 276,Prospect - High Potential,-1,High-Potential Market Prospects,High,Launch targeted marketing campaigns; prioritize sales team outreach to acquire new accounts.,0,0
Accoount 277,Prospect - High Potential,-1,High-Potential Market Prospects,High,Launch targeted marketing campaigns; prioritize sales team outreach to acquire new accounts.,0,0
Accoount 278,Prospect - High Potential,-1,High-Potential Market Prospects,High,Launch targeted marketing campaigns; prioritize sales team outreach to acquire new accounts.,0,0
Accoount 279,Prospect - Dormant / Address Missing,-1,Dormant / Unreachable Prospects,Low,Perform database cleanup and address validation before initiating any marketing spend.,0,0
Accoount 280,Active - Under-Profiled Active Accounts,3,Under-Profiled Active Accounts,High,"Mandate sales team to visit casinos, audit machine counts, and enrich database profiles.",0,0
Accoount 281,Active - High-Value Growth Champions,1,High-Value Growth Champions,High,Deploy dedicated account managers; cross-sell early adopter products; aggressive upsell.,0,0
Accoount 282,Active - High-Value Growth Champions,1,High-Value Growth Champions,High,Deploy dedicated account managers; cross-sell early adopter products; aggressive upsell.,0,0
Accoount 283,Active - Under-Profiled Active Accounts,3,Under-Profiled Active Accounts,High,"Mandate sales team to visit casinos, audit machine counts, and enrich database profiles.",0,0
Accoount 284,Active - Stable Core Accounts,0,Stable Core Accounts,Medium,Apply benefits bonanza loyalty programs; maintain relationship at low cost.,0,0
Accoount 285,Active - Under-Profiled Active Accounts,3,Under-Profiled Active Accounts,High,"Mandate sales team to visit casinos, audit machine counts, and enrich database profiles.",0,0
Accoount 286,Active - Under-Profiled Active Accounts,3,Under-Profiled Active Accounts,High,"Mandate sales team to visit casinos, audit machine counts, and enrich database profiles.",0,0
Accoount 287,Active - High-Value Growth Champions,1,High-Value Growth Champions,High,Deploy dedicated account managers; cross-sell early adopter products; aggressive upsell.,0,0
Accoount 288,Active - Stable Core Accounts,0,Stable Core Accounts,Medium,Apply benefits bonanza loyalty programs; maintain relationship at low cost.,0,0
Accoount 289,Active - Under-Profiled Active Accounts,3,Under-Profiled Active Accounts,High,"Mandate sales team to visit casinos, audit machine counts, and enrich database profiles.",0,0
Accoount 290,Active - Competitive Niche Accounts,2,Competitive Niche Accounts,Low,Defend competitively in major hubs; use cost-effective remote support; monitor competitor moves.,0,1
Accoount 291,Active - Stable Core Accounts,0,Stable Core Accounts,Medium,Apply benefits bonanza loyalty programs; maintain relationship at low cost.,0,0
Accoount 292,Active - Stable Core Accounts,0,Stable Core Accounts,Medium,Apply benefits bonanza loyalty programs; maintain relationship at low cost.,0,0
Accoount 293,Active - Stable Core Accounts,0,Stable Core Accounts,Medium,Apply benefits bonanza loyalty programs; maintain relationship at low cost.,0,0
Accoount 294,Active - Stable Core Accounts,0,Stable Core Accounts,Medium,Apply benefits bonanza loyalty programs; maintain relationship at low cost.,0,0
Accoount 295,Active - Competitive Niche Accounts,2,Competitive Niche Accounts,Low,Defend competitively in major hubs; use cost-effective remote support; monitor competitor moves.,0,0
Accoount 296,Active - Stable Core Accounts,0,Stable Core Accounts,Medium,Apply benefits bonanza loyalty programs; maintain relationship at low cost.,0,0
Accoount 297,Active - High-Value Growth Champions,1,High-Value Growth Champions,High,Deploy dedicated account managers; cross-sell early adopter products; aggressive upsell.,0,0
Accoount 298,Active - Stable Core Accounts,0,Stable Core Accounts,Medium,Apply benefits bonanza loyalty programs; maintain relationship at low cost.,0,0
Accoount 299,Active - Stable Core Accounts,0,Stable Core Accounts,Medium,Apply benefits bonanza loyalty programs; maintain relationship at low cost.,0,0
Accoount 300,Prospect - High Potential,-1,High-Potential Market Prospects,High,Launch targeted marketing campaigns; prioritize sales team outreach to acquire new accounts.,0,0
Accoount 301,Prospect - High Potential,-1,High-Potential Market Prospects,High,Launch targeted marketing campaigns; prioritize sales team outreach to acquire new accounts.,0,0
Accoount 302,Prospect - High Potential,-1,High-Potential Market Prospects,High,Launch targeted marketing campaigns; prioritize sales team outreach to acquire new accounts.,0,0
Accoount 303,Active - Under-Profiled Active Accounts,3,Under-Profiled Active Accounts,High,"Mandate sales team to visit casinos, audit machine counts, and enrich database profiles.",0,0
Accoount 304,Active - Under-Profiled Active Accounts,3,Under-Profiled Active Accounts,High,"Mandate sales team to visit casinos, audit machine counts, and enrich database profiles.",0,0
Accoount 305,Active - Under-Profiled Active Accounts,3,Under-Profiled Active Accounts,High,"Mandate sales team to visit casinos, audit machine counts, and enrich database profiles.",0,0
Accoount 306,Prospect - High Potential,-1,High-Potential Market Prospects,High,Launch targeted marketing campaigns; prioritize sales team outreach to acquire new accounts.,0,0
Accoount 307,Active - High-Value Growth Champions,1,High-Value Growth Champions,High,Deploy dedicated account managers; cross-sell early adopter products; aggressive upsell.,0,0
Accoount 308,Prospect - High Potential,-1,High-Potential Market Prospects,High,Launch targeted marketing campaigns; prioritize sales team outreach to acquire new accounts.,0,0
Accoount 309,Prospect - Medium Potential,-1,Medium-Potential Local Prospects,Medium,Deploy digital marketing and automated newsletters; outreach during regional events.,0,0
Accoount 310,Active - High-Value Growth Champions,1,High-Value Growth Champions,High,Deploy dedicated account managers; cross-sell early adopter products; aggressive upsell.,0,0
Accoount 311,Prospect - Medium Potential,-1,Medium-Potential Local Prospects,Medium,Deploy digital marketing and automated newsletters; outreach during regional events.,0,0
Accoount 312,Prospect - High Potential,-1,High-Potential Market Prospects,High,Launch targeted marketing campaigns; prioritize sales team outreach to acquire new accounts.,0,0
Accoount 313,Active - Under-Profiled Active Accounts,3,Under-Profiled Active Accounts,High,"Mandate sales team to visit casinos, audit machine counts, and enrich database profiles.",0,0
Accoount 314,Prospect - Medium Potential,-1,Medium-Potential Local Prospects,Medium,Deploy digital marketing and automated newsletters; outreach during regional events.,0,0
Accoount 315,Active - Stable Core Accounts,0,Stable Core Accounts,Medium,Apply benefits bonanza loyalty programs; maintain relationship at low cost.,0,0
Accoount 316,Prospect - High Potential,-1,High-Potential Market Prospects,High,Launch targeted marketing campaigns; prioritize sales team outreach to acquire new accounts.,0,0
Accoount 317,Prospect - High Potential,-1,High-Potential Market Prospects,High,Launch targeted marketing campaigns; prioritize sales team outreach to acquire new accounts.,0,0
Accoount 318,Prospect - High Potential,-1,High-Potential Market Prospects,High,Launch targeted marketing campaigns; prioritize sales team outreach to acquire new accounts.,0,0
Accoount 319,Prospect - High Potential,-1,High-Potential Market Prospects,High,Launch targeted marketing campaigns; prioritize sales team outreach to acquire new accounts.,0,0
Accoount 320,Prospect - High Potential,-1,High-Potential Market Prospects,High,Launch targeted marketing campaigns; prioritize sales team outreach to acquire new accounts.,0,0
Accoount 321,Prospect - Dormant / Address Missing,-1,Dormant / Unreachable Prospects,Low,Perform database cleanup and address validation before initiating any marketing spend.,0,0
Accoount 322,Prospect - Dormant / Address Missing,-1,Dormant / Unreachable Prospects,Low,Perform database cleanup and address validation before initiating any marketing spend.,0,0
Accoount 323,Prospect - Dormant / Address Missing,-1,Dormant / Unreachable Prospects,Low,Perform database cleanup and address validation before initiating any marketing spend.,0,0
Accoount 324,Prospect - Dormant / Address Missing,-1,Dormant / Unreachable Prospects,Low,Perform database cleanup and address validation before initiating any marketing spend.,0,0
Accoount 325,Prospect - Medium Potential,-1,Medium-Potential Local Prospects,Medium,Deploy digital marketing and automated newsletters; outreach during regional events.,0,0
Accoount 326,Prospect - Dormant / Address Missing,-1,Dormant / Unreachable Prospects,Low,Perform database cleanup and address validation before initiating any marketing spend.,0,0
Accoount 327,Prospect - Dormant / Address Missing,-1,Dormant / Unreachable Prospects,Low,Perform database cleanup and address validation before initiating any marketing spend.,0,0
Accoount 328,Active - High-Value Growth Champions,1,High-Value Growth Champions,High,Deploy dedicated account managers; cross-sell early adopter products; aggressive upsell.,1,0
Accoount 329,Prospect - High Potential,-1,High-Potential Market Prospects,High,Launch targeted marketing campaigns; prioritize sales team outreach to acquire new accounts.,0,0
Accoount 330,Prospect - Dormant / Address Missing,-1,Dormant / Unreachable Prospects,Low,Perform database cleanup and address validation before initiating any marketing spend.,0,0
Accoount 331,Prospect - Dormant / Address Missing,-1,Dormant / Unreachable Prospects,Low,Perform database cleanup and address validation before initiating any marketing spend.,0,0
Accoount 332,Prospect - Dormant / Address Missing,-1,Dormant / Unreachable Prospects,Low,Perform database cleanup and address validation before initiating any marketing spend.,0,0
Accoount 333,Prospect - High Potential,-1,High-Potential Market Prospects,High,Launch targeted marketing campaigns; prioritize sales team outreach to acquire new accounts.,0,0
Accoount 334,Prospect - Medium Potential,-1,Medium-Potential Local Prospects,Medium,Deploy digital marketing and automated newsletters; outreach during regional events.,0,0
Accoount 335,Prospect - Dormant / Address Missing,-1,Dormant / Unreachable Prospects,Low,Perform database cleanup and address validation before initiating any marketing spend.,0,0
Accoount 336,Active - Stable Core Accounts,0,Stable Core Accounts,Medium,Apply benefits bonanza loyalty programs; maintain relationship at low cost.,0,0
Accoount 337,Prospect - High Potential,-1,High-Potential Market Prospects,High,Launch targeted marketing campaigns; prioritize sales team outreach to acquire new accounts.,0,0
Accoount 338,Prospect - High Potential,-1,High-Potential Market Prospects,High,Launch targeted marketing campaigns; prioritize sales team outreach to acquire new accounts.,0,0
Accoount 339,Prospect - Dormant / Address Missing,-1,Dormant / Unreachable Prospects,Low,Perform database cleanup and address validation before initiating any marketing spend.,0,0
Accoount 340,Prospect - High Potential,-1,High-Potential Market Prospects,High,Launch targeted marketing campaigns; prioritize sales team outreach to acquire new accounts.,0,0
Accoount 341,Prospect - Medium Potential,-1,Medium-Potential Local Prospects,Medium,Deploy digital marketing and automated newsletters; outreach during regional events.,0,0
Accoount 342,Prospect - Dormant / Address Missing,-1,Dormant / Unreachable Prospects,Low,Perform database cleanup and address validation before initiating any marketing spend.,0,0
Accoount 343,Prospect - Dormant / Address Missing,-1,Dormant / Unreachable Prospects,Low,Perform database cleanup and address validation before initiating any marketing spend.,0,0
Accoount 344,Prospect - Medium Potential,-1,Medium-Potential Local Prospects,Medium,Deploy digital marketing and automated newsletters; outreach during regional events.,0,0
Accoount 345,Prospect - Medium Potential,-1,Medium-Potential Local Prospects,Medium,Deploy digital marketing and automated newsletters; outreach during regional events.,0,0
Accoount 346,Active - Competitive Niche Accounts,2,Competitive Niche Accounts,Low,Defend competitively in major hubs; use cost-effective remote support; monitor competitor moves.,1,0
Accoount 347,Prospect - Dormant / Address Missing,-1,Dormant / Unreachable Prospects,Low,Perform database cleanup and address validation before initiating any marketing spend.,0,0
Accoount 348,Prospect - Dormant / Address Missing,-1,Dormant / Unreachable Prospects,Low,Perform database cleanup and address validation before initiating any marketing spend.,0,0
Accoount 349,Active - Stable Core Accounts,0,Stable Core Accounts,Medium,Apply benefits bonanza loyalty programs; maintain relationship at low cost.,0,0
Accoount 350,Active - High-Value Growth Champions,1,High-Value Growth Champions,High,Deploy dedicated account managers; cross-sell early adopter products; aggressive upsell.,0,0
Accoount 351,Prospect - High Potential,-1,High-Potential Market Prospects,High,Launch targeted marketing campaigns; prioritize sales team outreach to acquire new accounts.,0,0
Accoount 352,Active - High-Value Growth Champions,1,High-Value Growth Champions,High,Deploy dedicated account managers; cross-sell early adopter products; aggressive upsell.,0,0
Accoount 353,Active - High-Value Growth Champions,1,High-Value Growth Champions,High,Deploy dedicated account managers; cross-sell early adopter products; aggressive upsell.,0,0
Accoount 354,Active - High-Value Growth Champions,1,High-Value Growth Champions,High,Deploy dedicated account managers; cross-sell early adopter products; aggressive upsell.,0,0
Accoount 355,Prospect - Medium Potential,-1,Medium-Potential Local Prospects,Medium,Deploy digital marketing and automated newsletters; outreach during regional events.,0,0
Accoount 356,Prospect - High Potential,-1,High-Potential Market Prospects,High,Launch targeted marketing campaigns; prioritize sales team outreach to acquire new accounts.,0,0
Accoount 357,Prospect - High Potential,-1,High-Potential Market Prospects,High,Launch targeted marketing campaigns; prioritize sales team outreach to acquire new accounts.,0,0
Accoount 358,Active - High-Value Growth Champions,1,High-Value Growth Champions,High,Deploy dedicated account managers; cross-sell early adopter products; aggressive upsell.,0,0
Accoount 359,Active - Competitive Niche Accounts,2,Competitive Niche Accounts,Low,Defend competitively in major hubs; use cost-effective remote support; monitor competitor moves.,1,0
Accoount 360,Prospect - Dormant / Address Missing,-1,Dormant / Unreachable Prospects,Low,Perform database cleanup and address validation before initiating any marketing spend.,0,0
Accoount 361,Prospect - High Potential,-1,High-Potential Market Prospects,High,Launch targeted marketing campaigns; prioritize sales team outreach to acquire new accounts.,0,0
Accoount 362,Prospect - Dormant / Address Missing,-1,Dormant / Unreachable Prospects,Low,Perform database cleanup and address validation before initiating any marketing spend.,0,0
Accoount 363,Prospect - Dormant / Address Missing,-1,Dormant / Unreachable Prospects,Low,Perform database cleanup and address validation before initiating any marketing spend.,0,0
Accoount 364,Prospect - Medium Potential,-1,Medium-Potential Local Prospects,Medium,Deploy digital marketing and automated newsletters; outreach during regional events.,0,0
Accoount 365,Prospect - High Potential,-1,High-Potential Market Prospects,High,Launch targeted marketing campaigns; prioritize sales team outreach to acquire new accounts.,0,0
Accoount 366,Prospect - High Potential,-1,High-Potential Market Prospects,High,Launch targeted marketing campaigns; prioritize sales team outreach to acquire new accounts.,0,0
Accoount 367,Prospect - High Potential,-1,High-Potential Market Prospects,High,Launch targeted marketing campaigns; prioritize sales team outreach to acquire new accounts.,0,0
Accoount 368,Prospect - Medium Potential,-1,Medium-Potential Local Prospects,Medium,Deploy digital marketing and automated newsletters; outreach during regional events.,0,0
Accoount 369,Prospect - Dormant / Address Missing,-1,Dormant / Unreachable Prospects,Low,Perform database cleanup and address validation before initiating any marketing spend.,0,0
Accoount 370,Prospect - High Potential,-1,High-Potential Market Prospects,High,Launch targeted marketing campaigns; prioritize sales team outreach to acquire new accounts.,0,0
Accoount 371,Prospect - Medium Potential,-1,Medium-Potential Local Prospects,Medium,Deploy digital marketing and automated newsletters; outreach during regional events.,0,0
Accoount 372,Active - Under-Profiled Active Accounts,3,Under-Profiled Active Accounts,High,"Mandate sales team to visit casinos, audit machine counts, and enrich database profiles.",0,0
Accoount 373,Active - Stable Core Accounts,0,Stable Core Accounts,Medium,Apply benefits bonanza loyalty programs; maintain relationship at low cost.,0,0
Accoount 374,Active - Stable Core Accounts,0,Stable Core Accounts,Medium,Apply benefits bonanza loyalty programs; maintain relationship at low cost.,0,0
Accoount 375,Prospect - High Potential,-1,High-Potential Market Prospects,High,Launch targeted marketing campaigns; prioritize sales team outreach to acquire new accounts.,0,0
Accoount 376,Active - Under-Profiled Active Accounts,3,Under-Profiled Active Accounts,High,"Mandate sales team to visit casinos, audit machine counts, and enrich database profiles.",0,0
Accoount 377,Active - Stable Core Accounts,0,Stable Core Accounts,Medium,Apply benefits bonanza loyalty programs; maintain relationship at low cost.,0,0
Accoount 378,Active - Stable Core Accounts,0,Stable Core Accounts,Medium,Apply benefits bonanza loyalty programs; maintain relationship at low cost.,0,0
Accoount 379,Prospect - Medium Potential,-1,Medium-Potential Local Prospects,Medium,Deploy digital marketing and automated newsletters; outreach during regional events.,0,0
Accoount 380,Active - Stable Core Accounts,0,Stable Core Accounts,Medium,Apply benefits bonanza loyalty programs; maintain relationship at low cost.,0,0
Accoount 381,Active - Competitive Niche Accounts,2,Competitive Niche Accounts,Low,Defend competitively in major hubs; use cost-effective remote support; monitor competitor moves.,0,1
Accoount 382,Prospect - Medium Potential,-1,Medium-Potential Local Prospects,Medium,Deploy digital marketing and automated newsletters; outreach during regional events.,0,0
Accoount 383,Active - High-Value Growth Champions,1,High-Value Growth Champions,High,Deploy dedicated account managers; cross-sell early adopter products; aggressive upsell.,0,0
Accoount 384,Active - Competitive Niche Accounts,2,Competitive Niche Accounts,Low,Defend competitively in major hubs; use cost-effective remote support; monitor competitor moves.,0,0
Accoount 385,Prospect - Medium Potential,-1,Medium-Potential Local Prospects,Medium,Deploy digital marketing and automated newsletters; outreach during regional events.,0,0
Accoount 386,Active - Stable Core Accounts,0,Stable Core Accounts,Medium,Apply benefits bonanza loyalty programs; maintain relationship at low cost.,0,0
Accoount 387,Active - Under-Profiled Active Accounts,3,Under-Profiled Active Accounts,High,"Mandate sales team to visit casinos, audit machine counts, and enrich database profiles.",0,0
Accoount 388,Active - Stable Core Accounts,0,Stable Core Accounts,Medium,Apply benefits bonanza loyalty programs; maintain relationship at low cost.,0,0
Accoount 389,Prospect - High Potential,-1,High-Potential Market Prospects,High,Launch targeted marketing campaigns; prioritize sales team outreach to acquire new accounts.,0,0
Accoount 390,Prospect - High Potential,-1,High-Potential Market Prospects,High,Launch targeted marketing campaigns; prioritize sales team outreach to acquire new accounts.,0,0
Accoount 391,Prospect - Medium Potential,-1,Medium-Potential Local Prospects,Medium,Deploy digital marketing and automated newsletters; outreach during regional events.,0,0
Accoount 392,Active - Stable Core Accounts,0,Stable Core Accounts,Medium,Apply benefits bonanza loyalty programs; maintain relationship at low cost.,0,0
Accoount 393,Active - Stable Core Accounts,0,Stable Core Accounts,Medium,Apply benefits bonanza loyalty programs; maintain relationship at low cost.,0,0
Accoount 394,Active - Stable Core Accounts,0,Stable Core Accounts,Medium,Apply benefits bonanza loyalty programs; maintain relationship at low cost.,0,0
Accoount 395,Active - Stable Core Accounts,0,Stable Core Accounts,Medium,Apply benefits bonanza loyalty programs; maintain relationship at low cost.,0,0
Accoount 396,Active - Stable Core Accounts,0,Stable Core Accounts,Medium,Apply benefits bonanza loyalty programs; maintain relationship at low cost.,0,0
Accoount 397,Prospect - High Potential,-1,High-Potential Market Prospects,High,Launch targeted marketing campaigns; prioritize sales team outreach to acquire new accounts.,0,0
Accoount 398,Prospect - Medium Potential,-1,Medium-Potential Local Prospects,Medium,Deploy digital marketing and automated newsletters; outreach during regional events.,0,0
Accoount 399,Prospect - High Potential,-1,High-Potential Market Prospects,High,Launch targeted marketing campaigns; prioritize sales team outreach to acquire new accounts.,0,0
Accoount 400,Prospect - High Potential,-1,High-Potential Market Prospects,High,Launch targeted marketing campaigns; prioritize sales team outreach to acquire new accounts.,0,0
Accoount 401,Prospect - Medium Potential,-1,Medium-Potential Local Prospects,Medium,Deploy digital marketing and automated newsletters; outreach during regional events.,0,0
Accoount 402,Prospect - Dormant / Address Missing,-1,Dormant / Unreachable Prospects,Low,Perform database cleanup and address validation before initiating any marketing spend.,0,0
Accoount 403,Prospect - Dormant / Address Missing,-1,Dormant / Unreachable Prospects,Low,Perform database cleanup and address validation before initiating any marketing spend.,0,0
Accoount 404,Prospect - Dormant / Address Missing,-1,Dormant / Unreachable Prospects,Low,Perform database cleanup and address validation before initiating any marketing spend.,0,0
Accoount 405,Prospect - Dormant / Address Missing,-1,Dormant / Unreachable Prospects,Low,Perform database cleanup and address validation before initiating any marketing spend.,0,0
Accoount 406,Prospect - Dormant / Address Missing,-1,Dormant / Unreachable Prospects,Low,Perform database cleanup and address validation before initiating any marketing spend.,0,0
Accoount 407,Prospect - Medium Potential,-1,Medium-Potential Local Prospects,Medium,Deploy digital marketing and automated newsletters; outreach during regional events.,0,0
Accoount 408,Prospect - High Potential,-1,High-Potential Market Prospects,High,Launch targeted marketing campaigns; prioritize sales team outreach to acquire new accounts.,0,0
Accoount 409,Prospect - High Potential,-1,High-Potential Market Prospects,High,Launch targeted marketing campaigns; prioritize sales team outreach to acquire new accounts.,0,0
Accoount 410,Prospect - Dormant / Address Missing,-1,Dormant / Unreachable Prospects,Low,Perform database cleanup and address validation before initiating any marketing spend.,0,0
Accoount 411,Prospect - Medium Potential,-1,Medium-Potential Local Prospects,Medium,Deploy digital marketing and automated newsletters; outreach during regional events.,0,0
Accoount 412,Prospect - High Potential,-1,High-Potential Market Prospects,High,Launch targeted marketing campaigns; prioritize sales team outreach to acquire new accounts.,0,0
Accoount 413,Active - Competitive Niche Accounts,2,Competitive Niche Accounts,Low,Defend competitively in major hubs; use cost-effective remote support; monitor competitor moves.,1,0
Accoount 414,Prospect - Dormant / Address Missing,-1,Dormant / Unreachable Prospects,Low,Perform database cleanup and address validation before initiating any marketing spend.,0,0
Accoount 415,Prospect - Dormant / Address Missing,-1,Dormant / Unreachable Prospects,Low,Perform database cleanup and address validation before initiating any marketing spend.,0,0
Accoount 416,Prospect - Dormant / Address Missing,-1,Dormant / Unreachable Prospects,Low,Perform database cleanup and address validation before initiating any marketing spend.,0,0
Accoount 417,Prospect - Dormant / Address Missing,-1,Dormant / Unreachable Prospects,Low,Perform database cleanup and address validation before initiating any marketing spend.,0,0
Accoount 418,Prospect - Dormant / Address Missing,-1,Dormant / Unreachable Prospects,Low,Perform database cleanup and address validation before initiating any marketing spend.,0,0
Accoount 419,Prospect - Dormant / Address Missing,-1,Dormant / Unreachable Prospects,Low,Perform database cleanup and address validation before initiating any marketing spend.,0,0
Accoount 420,Prospect - High Potential,-1,High-Potential Market Prospects,High,Launch targeted marketing campaigns; prioritize sales team outreach to acquire new accounts.,0,0
Accoount 421,Prospect - Dormant / Address Missing,-1,Dormant / Unreachable Prospects,Low,Perform database cleanup and address validation before initiating any marketing spend.,0,0
Accoount 422,Active - High-Value Growth Champions,1,High-Value Growth Champions,High,Deploy dedicated account managers; cross-sell early adopter products; aggressive upsell.,0,0
Accoount 423,Prospect - Dormant / Address Missing,-1,Dormant / Unreachable Prospects,Low,Perform database cleanup and address validation before initiating any marketing spend.,0,0
Accoount 424,Prospect - High Potential,-1,High-Potential Market Prospects,High,Launch targeted marketing campaigns; prioritize sales team outreach to acquire new accounts.,0,0
Accoount 425,Active - High-Value Growth Champions,1,High-Value Growth Champions,High,Deploy dedicated account managers; cross-sell early adopter products; aggressive upsell.,0,0
Accoount 426,Active - Stable Core Accounts,0,Stable Core Accounts,Medium,Apply benefits bonanza loyalty programs; maintain relationship at low cost.,0,0
Accoount 427,Active - Competitive Niche Accounts,2,Competitive Niche Accounts,Low,Defend competitively in major hubs; use cost-effective remote support; monitor competitor moves.,1,0
Accoount 428,Active - High-Value Growth Champions,1,High-Value Growth Champions,High,Deploy dedicated account managers; cross-sell early adopter products; aggressive upsell.,1,0
Accoount 429,Prospect - Dormant / Address Missing,-1,Dormant / Unreachable Prospects,Low,Perform database cleanup and address validation before initiating any marketing spend.,0,0
Accoount 430,Prospect - Dormant / Address Missing,-1,Dormant / Unreachable Prospects,Low,Perform database cleanup and address validation before initiating any marketing spend.,0,0
Accoount 431,Prospect - Dormant / Address Missing,-1,Dormant / Unreachable Prospects,Low,Perform database cleanup and address validation before initiating any marketing spend.,0,0
Accoount 432,Prospect - Dormant / Address Missing,-1,Dormant / Unreachable Prospects,Low,Perform database cleanup and address validation before initiating any marketing spend.,0,0
Accoount 433,Prospect - Dormant / Address Missing,-1,Dormant / Unreachable Prospects,Low,Perform database cleanup and address validation before initiating any marketing spend.,0,0
Accoount 434,Active - High-Value Growth Champions,1,High-Value Growth Champions,High,Deploy dedicated account managers; cross-sell early adopter products; aggressive upsell.,0,0
Accoount 435,Prospect - High Potential,-1,High-Potential Market Prospects,High,Launch targeted marketing campaigns; prioritize sales team outreach to acquire new accounts.,0,0
Accoount 436,Active - High-Value Growth Champions,1,High-Value Growth Champions,High,Deploy dedicated account managers; cross-sell early adopter products; aggressive upsell.,1,0
Accoount 437,Prospect - Dormant / Address Missing,-1,Dormant / Unreachable Prospects,Low,Perform database cleanup and address validation before initiating any marketing spend.,0,0
Accoount 438,Active - High-Value Growth Champions,1,High-Value Growth Champions,High,Deploy dedicated account managers; cross-sell early adopter products; aggressive upsell.,0,0
Accoount 439,Active - High-Value Growth Champions,1,High-Value Growth Champions,High,Deploy dedicated account managers; cross-sell early adopter products; aggressive upsell.,0,0
Accoount 440,Prospect - High Potential,-1,High-Potential Market Prospects,High,Launch targeted marketing campaigns; prioritize sales team outreach to acquire new accounts.,0,0
Accoount 441,Prospect - Medium Potential,-1,Medium-Potential Local Prospects,Medium,Deploy digital marketing and automated newsletters; outreach during regional events.,0,0
Accoount 442,Prospect - Medium Potential,-1,Medium-Potential Local Prospects,Medium,Deploy digital marketing and automated newsletters; outreach during regional events.,0,0
Accoount 443,Prospect - Medium Potential,-1,Medium-Potential Local Prospects,Medium,Deploy digital marketing and automated newsletters; outreach during regional events.,0,0
Accoount 444,Prospect - High Potential,-1,High-Potential Market Prospects,High,Launch targeted marketing campaigns; prioritize sales team outreach to acquire new accounts.,0,0
Accoount 445,Active - High-Value Growth Champions,1,High-Value Growth Champions,High,Deploy dedicated account managers; cross-sell early adopter products; aggressive upsell.,0,0
Accoount 446,Active - High-Value Growth Champions,1,High-Value Growth Champions,High,Deploy dedicated account managers; cross-sell early adopter products; aggressive upsell.,0,0
Accoount 447,Active - High-Value Growth Champions,1,High-Value Growth Champions,High,Deploy dedicated account managers; cross-sell early adopter products; aggressive upsell.,0,0
Accoount 448,Prospect - High Potential,-1,High-Potential Market Prospects,High,Launch targeted marketing campaigns; prioritize sales team outreach to acquire new accounts.,0,0
Accoount 449,Prospect - Medium Potential,-1,Medium-Potential Local Prospects,Medium,Deploy digital marketing and automated newsletters; outreach during regional events.,0,0
Accoount 450,Prospect - High Potential,-1,High-Potential Market Prospects,High,Launch targeted marketing campaigns; prioritize sales team outreach to acquire new accounts.,0,0
Accoount 451,Prospect - High Potential,-1,High-Potential Market Prospects,High,Launch targeted marketing campaigns; prioritize sales team outreach to acquire new accounts.,0,0
Accoount 452,Prospect - High Potential,-1,High-Potential Market Prospects,High,Launch targeted marketing campaigns; prioritize sales team outreach to acquire new accounts.,0,0
Accoount 453,Prospect - High Potential,-1,High-Potential Market Prospects,High,Launch targeted marketing campaigns; prioritize sales team outreach to acquire new accounts.,0,0
Accoount 454,Prospect - High Potential,-1,High-Potential Market Prospects,High,Launch targeted marketing campaigns; prioritize sales team outreach to acquire new accounts.,0,0
Accoount 455,Active - High-Value Growth Champions,1,High-Value Growth Champions,High,Deploy dedicated account managers; cross-sell early adopter products; aggressive upsell.,0,0
Accoount 456,Prospect - High Potential,-1,High-Potential Market Prospects,High,Launch targeted marketing campaigns; prioritize sales team outreach to acquire new accounts.,0,0
Accoount 457,Prospect - Medium Potential,-1,Medium-Potential Local Prospects,Medium,Deploy digital marketing and automated newsletters; outreach during regional events.,0,0
Accoount 458,Prospect - Medium Potential,-1,Medium-Potential Local Prospects,Medium,Deploy digital marketing and automated newsletters; outreach during regional events.,0,0
Accoount 459,Prospect - Medium Potential,-1,Medium-Potential Local Prospects,Medium,Deploy digital marketing and automated newsletters; outreach during regional events.,0,0
Accoount 460,Prospect - Medium Potential,-1,Medium-Potential Local Prospects,Medium,Deploy digital marketing and automated newsletters; outreach during regional events.,0,0
Accoount 461,Prospect - Medium Potential,-1,Medium-Potential Local Prospects,Medium,Deploy digital marketing and automated newsletters; outreach during regional events.,0,0
Accoount 462,Active - High-Value Growth Champions,1,High-Value Growth Champions,High,Deploy dedicated account managers; cross-sell early adopter products; aggressive upsell.,0,0
Accoount 463,Prospect - Medium Potential,-1,Medium-Potential Local Prospects,Medium,Deploy digital marketing and automated newsletters; outreach during regional events.,0,0
Accoount 464,Prospect - Medium Potential,-1,Medium-Potential Local Prospects,Medium,Deploy digital marketing and automated newsletters; outreach during regional events.,0,0
Accoount 465,Active - Under-Profiled Active Accounts,3,Under-Profiled Active Accounts,High,"Mandate sales team to visit casinos, audit machine counts, and enrich database profiles.",0,0
Accoount 466,Active - Stable Core Accounts,0,Stable Core Accounts,Medium,Apply benefits bonanza loyalty programs; maintain relationship at low cost.,0,0
Accoount 467,Active - Stable Core Accounts,0,Stable Core Accounts,Medium,Apply benefits bonanza loyalty programs; maintain relationship at low cost.,0,0
Accoount 468,Active - Stable Core Accounts,0,Stable Core Accounts,Medium,Apply benefits bonanza loyalty programs; maintain relationship at low cost.,0,0
Accoount 469,Active - Under-Profiled Active Accounts,3,Under-Profiled Active Accounts,High,"Mandate sales team to visit casinos, audit machine counts, and enrich database profiles.",0,0
Accoount 470,Prospect - High Potential,-1,High-Potential Market Prospects,High,Launch targeted marketing campaigns; prioritize sales team outreach to acquire new accounts.,0,0
Accoount 471,Active - Under-Profiled Active Accounts,3,Under-Profiled Active Accounts,High,"Mandate sales team to visit casinos, audit machine counts, and enrich database profiles.",0,1
Accoount 472,Active - Stable Core Accounts,0,Stable Core Accounts,Medium,Apply benefits bonanza loyalty programs; maintain relationship at low cost.,0,0
Accoount 473,Prospect - Medium Potential,-1,Medium-Potential Local Prospects,Medium,Deploy digital marketing and automated newsletters; outreach during regional events.,0,0
Accoount 474,Active - Stable Core Accounts,0,Stable Core Accounts,Medium,Apply benefits bonanza loyalty programs; maintain relationship at low cost.,0,0
Accoount 475,Active - Stable Core Accounts,0,Stable Core Accounts,Medium,Apply benefits bonanza loyalty programs; maintain relationship at low cost.,0,0
Accoount 476,Active - High-Value Growth Champions,1,High-Value Growth Champions,High,Deploy dedicated account managers; cross-sell early adopter products; aggressive upsell.,1,0
Accoount 477,Prospect - Medium Potential,-1,Medium-Potential Local Prospects,Medium,Deploy digital marketing and automated newsletters; outreach during regional events.,0,0
Accoount 478,Active - Competitive Niche Accounts,2,Competitive Niche Accounts,Low,Defend competitively in major hubs; use cost-effective remote support; monitor competitor moves.,0,0
Accoount 479,Active - Stable Core Accounts,0,Stable Core Accounts,Medium,Apply benefits bonanza loyalty programs; maintain relationship at low cost.,0,0
Accoount 480,Active - Under-Profiled Active Accounts,3,Under-Profiled Active Accounts,High,"Mandate sales team to visit casinos, audit machine counts, and enrich database profiles.",0,0
Accoount 481,Active - Stable Core Accounts,0,Stable Core Accounts,Medium,Apply benefits bonanza loyalty programs; maintain relationship at low cost.,0,0
Accoount 482,Active - Stable Core Accounts,0,Stable Core Accounts,Medium,Apply benefits bonanza loyalty programs; maintain relationship at low cost.,0,0
Accoount 483,Active - Stable Core Accounts,0,Stable Core Accounts,Medium,Apply benefits bonanza loyalty programs; maintain relationship at low cost.,0,0
Accoount 484,Active - High-Value Growth Champions,1,High-Value Growth Champions,High,Deploy dedicated account managers; cross-sell early adopter products; aggressive upsell.,0,0
Accoount 485,Active - High-Value Growth Champions,1,High-Value Growth Champions,High,Deploy dedicated account managers; cross-sell early adopter products; aggressive upsell.,0,0
Accoount 486,Prospect - High Potential,-1,High-Potential Market Prospects,High,Launch targeted marketing campaigns; prioritize sales team outreach to acquire new accounts.,0,0
Accoount 487,Prospect - High Potential,-1,High-Potential Market Prospects,High,Launch targeted marketing campaigns; prioritize sales team outreach to acquire new accounts.,0,0
Accoount 488,Prospect - High Potential,-1,High-Potential Market Prospects,High,Launch targeted marketing campaigns; prioritize sales team outreach to acquire new accounts.,0,0
Accoount 489,Prospect - High Potential,-1,High-Potential Market Prospects,High,Launch targeted marketing campaigns; prioritize sales team outreach to acquire new accounts.,0,0
Accoount 490,Prospect - Medium Potential,-1,Medium-Potential Local Prospects,Medium,Deploy digital marketing and automated newsletters; outreach during regional events.,0,0
Accoount 491,Active - Stable Core Accounts,0,Stable Core Accounts,Medium,Apply benefits bonanza loyalty programs; maintain relationship at low cost.,0,0
Accoount 492,Active - Stable Core Accounts,0,Stable Core Accounts,Medium,Apply benefits bonanza loyalty programs; maintain relationship at low cost.,0,0
Accoount 493,Prospect - Medium Potential,-1,Medium-Potential Local Prospects,Medium,Deploy digital marketing and automated newsletters; outreach during regional events.,0,0
Accoount 494,Active - High-Value Growth Champions,1,High-Value Growth Champions,High,Deploy dedicated account managers; cross-sell early adopter products; aggressive upsell.,0,0
Accoount 495,Active - Stable Core Accounts,0,Stable Core Accounts,Medium,Apply benefits bonanza loyalty programs; maintain relationship at low cost.,0,0
Accoount 496,Active - Stable Core Accounts,0,Stable Core Accounts,Medium,Apply benefits bonanza loyalty programs; maintain relationship at low cost.,0,0
Accoount 497,Prospect - Medium Potential,-1,Medium-Potential Local Prospects,Medium,Deploy digital marketing and automated newsletters; outreach during regional events.,0,0
Accoount 498,Prospect - Medium Potential,-1,Medium-Potential Local Prospects,Medium,Deploy digital marketing and automated newsletters; outreach during regional events.,0,0
Accoount 499,Active - Stable Core Accounts,0,Stable Core Accounts,Medium,Apply benefits bonanza loyalty programs; maintain relationship at low cost.,0,0
Accoount 500,Active - Competitive Niche Accounts,2,Competitive Niche Accounts,Low,Defend competitively in major hubs; use cost-effective remote support; monitor competitor moves.,1,0
Accoount 501,Prospect - Dormant / Address Missing,-1,Dormant / Unreachable Prospects,Low,Perform database cleanup and address validation before initiating any marketing spend.,0,0
Accoount 502,Prospect - Dormant / Address Missing,-1,Dormant / Unreachable Prospects,Low,Perform database cleanup and address validation before initiating any marketing spend.,0,0
Accoount 503,Prospect - High Potential,-1,High-Potential Market Prospects,High,Launch targeted marketing campaigns; prioritize sales team outreach to acquire new accounts.,0,0
Accoount 504,Prospect - Dormant / Address Missing,-1,Dormant / Unreachable Prospects,Low,Perform database cleanup and address validation before initiating any marketing spend.,0,0
Accoount 505,Prospect - Dormant / Address Missing,-1,Dormant / Unreachable Prospects,Low,Perform database cleanup and address validation before initiating any marketing spend.,0,0
Accoount 506,Prospect - Dormant / Address Missing,-1,Dormant / Unreachable Prospects,Low,Perform database cleanup and address validation before initiating any marketing spend.,0,0
Accoount 507,Prospect - Dormant / Address Missing,-1,Dormant / Unreachable Prospects,Low,Perform database cleanup and address validation before initiating any marketing spend.,0,0
Accoount 508,Prospect - Dormant / Address Missing,-1,Dormant / Unreachable Prospects,Low,Perform database cleanup and address validation before initiating any marketing spend.,0,0
Accoount 509,Prospect - Medium Potential,-1,Medium-Potential Local Prospects,Medium,Deploy digital marketing and automated newsletters; outreach during regional events.,0,0
Accoount 510,Active - High-Value Growth Champions,1,High-Value Growth Champions,High,Deploy dedicated account managers; cross-sell early adopter products; aggressive upsell.,1,0
Accoount 511,Prospect - High Potential,-1,High-Potential Market Prospects,High,Launch targeted marketing campaigns; prioritize sales team outreach to acquire new accounts.,0,0
Accoount 512,Prospect - High Potential,-1,High-Potential Market Prospects,High,Launch targeted marketing campaigns; prioritize sales team outreach to acquire new accounts.,0,0
Accoount 513,Prospect - High Potential,-1,High-Potential Market Prospects,High,Launch targeted marketing campaigns; prioritize sales team outreach to acquire new accounts.,0,0
Accoount 514,Prospect - Dormant / Address Missing,-1,Dormant / Unreachable Prospects,Low,Perform database cleanup and address validation before initiating any marketing spend.,0,0
Accoount 515,Active - Competitive Niche Accounts,2,Competitive Niche Accounts,Low,Defend competitively in major hubs; use cost-effective remote support; monitor competitor moves.,1,0
Accoount 516,Prospect - Medium Potential,-1,Medium-Potential Local Prospects,Medium,Deploy digital marketing and automated newsletters; outreach during regional events.,0,0
Accoount 517,Active - Stable Core Accounts,0,Stable Core Accounts,Medium,Apply benefits bonanza loyalty programs; maintain relationship at low cost.,0,0
Accoount 518,Prospect - Dormant / Address Missing,-1,Dormant / Unreachable Prospects,Low,Perform database cleanup and address validation before initiating any marketing spend.,0,0
Accoount 519,Prospect - Dormant / Address Missing,-1,Dormant / Unreachable Prospects,Low,Perform database cleanup and address validation before initiating any marketing spend.,0,0
Accoount 520,Prospect - Dormant / Address Missing,-1,Dormant / Unreachable Prospects,Low,Perform database cleanup and address validation before initiating any marketing spend.,0,0
Accoount 521,Prospect - Medium Potential,-1,Medium-Potential Local Prospects,Medium,Deploy digital marketing and automated newsletters; outreach during regional events.,0,0
Accoount 522,Prospect - Medium Potential,-1,Medium-Potential Local Prospects,Medium,Deploy digital marketing and automated newsletters; outreach during regional events.,0,0
Accoount 523,Prospect - High Potential,-1,High-Potential Market Prospects,High,Launch targeted marketing campaigns; prioritize sales team outreach to acquire new accounts.,0,0
Accoount 524,Prospect - High Potential,-1,High-Potential Market Prospects,High,Launch targeted marketing campaigns; prioritize sales team outreach to acquire new accounts.,0,0
Accoount 525,Prospect - Medium Potential,-1,Medium-Potential Local Prospects,Medium,Deploy digital marketing and automated newsletters; outreach during regional events.,0,0
Accoount 526,Prospect - High Potential,-1,High-Potential Market Prospects,High,Launch targeted marketing campaigns; prioritize sales team outreach to acquire new accounts.,0,0
Accoount 527,Active - High-Value Growth Champions,1,High-Value Growth Champions,High,Deploy dedicated account managers; cross-sell early adopter products; aggressive upsell.,0,0
Accoount 528,Active - High-Value Growth Champions,1,High-Value Growth Champions,High,Deploy dedicated account managers; cross-sell early adopter products; aggressive upsell.,0,0
Accoount 529,Active - High-Value Growth Champions,1,High-Value Growth Champions,High,Deploy dedicated account managers; cross-sell early adopter products; aggressive upsell.,0,0
Accoount 530,Active - High-Value Growth Champions,1,High-Value Growth Champions,High,Deploy dedicated account managers; cross-sell early adopter products; aggressive upsell.,0,0
Accoount 531,Prospect - High Potential,-1,High-Potential Market Prospects,High,Launch targeted marketing campaigns; prioritize sales team outreach to acquire new accounts.,0,0
Accoount 532,Active - High-Value Growth Champions,1,High-Value Growth Champions,High,Deploy dedicated account managers; cross-sell early adopter products; aggressive upsell.,0,0
Accoount 533,Active - High-Value Growth Champions,1,High-Value Growth Champions,High,Deploy dedicated account managers; cross-sell early adopter products; aggressive upsell.,0,0
Accoount 534,Active - High-Value Growth Champions,1,High-Value Growth Champions,High,Deploy dedicated account managers; cross-sell early adopter products; aggressive upsell.,0,0
Accoount 535,Prospect - High Potential,-1,High-Potential Market Prospects,High,Launch targeted marketing campaigns; prioritize sales team outreach to acquire new accounts.,0,0
Accoount 536,Prospect - Medium Potential,-1,Medium-Potential Local Prospects,Medium,Deploy digital marketing and automated newsletters; outreach during regional events.,0,0
Accoount 537,Prospect - Medium Potential,-1,Medium-Potential Local Prospects,Medium,Deploy digital marketing and automated newsletters; outreach during regional events.,0,0
Accoount 538,Prospect - High Potential,-1,High-Potential Market Prospects,High,Launch targeted marketing campaigns; prioritize sales team outreach to acquire new accounts.,0,0
Accoount 539,Prospect - High Potential,-1,High-Potential Market Prospects,High,Launch targeted marketing campaigns; prioritize sales team outreach to acquire new accounts.,0,0
Accoount 540,Prospect - Medium Potential,-1,Medium-Potential Local Prospects,Medium,Deploy digital marketing and automated newsletters; outreach during regional events.,0,0
Accoount 541,Prospect - High Potential,-1,High-Potential Market Prospects,High,Launch targeted marketing campaigns; prioritize sales team outreach to acquire new accounts.,0,0
Accoount 542,Prospect - High Potential,-1,High-Potential Market Prospects,High,Launch targeted marketing campaigns; prioritize sales team outreach to acquire new accounts.,0,0
Accoount 543,Prospect - High Potential,-1,High-Potential Market Prospects,High,Launch targeted marketing campaigns; prioritize sales team outreach to acquire new accounts.,0,0
Accoount 544,Prospect - Medium Potential,-1,Medium-Potential Local Prospects,Medium,Deploy digital marketing and automated newsletters; outreach during regional events.,0,0
Accoount 545,Prospect - High Potential,-1,High-Potential Market Prospects,High,Launch targeted marketing campaigns; prioritize sales team outreach to acquire new accounts.,0,0
Accoount 546,Prospect - High Potential,-1,High-Potential Market Prospects,High,Launch targeted marketing campaigns; prioritize sales team outreach to acquire new accounts.,0,0
Accoount 547,Prospect - High Potential,-1,High-Potential Market Prospects,High,Launch targeted marketing campaigns; prioritize sales team outreach to acquire new accounts.,0,0
Accoount 548,Active - Stable Core Accounts,0,Stable Core Accounts,Medium,Apply benefits bonanza loyalty programs; maintain relationship at low cost.,0,0
Accoount 549,Active - Under-Profiled Active Accounts,3,Under-Profiled Active Accounts,High,"Mandate sales team to visit casinos, audit machine counts, and enrich database profiles.",0,0
Accoount 550,Active - Under-Profiled Active Accounts,3,Under-Profiled Active Accounts,High,"Mandate sales team to visit casinos, audit machine counts, and enrich database profiles.",0,0
Accoount 551,Active - Competitive Niche Accounts,2,Competitive Niche Accounts,Low,Defend competitively in major hubs; use cost-effective remote support; monitor competitor moves.,0,1
Accoount 552,Active - Under-Profiled Active Accounts,3,Under-Profiled Active Accounts,High,"Mandate sales team to visit casinos, audit machine counts, and enrich database profiles.",0,0
Accoount 553,Prospect - Medium Potential,-1,Medium-Potential Local Prospects,Medium,Deploy digital marketing and automated newsletters; outreach during regional events.,0,0
Accoount 554,Active - Stable Core Accounts,0,Stable Core Accounts,Medium,Apply benefits bonanza loyalty programs; maintain relationship at low cost.,0,0
Accoount 555,Active - Competitive Niche Accounts,2,Competitive Niche Accounts,Low,Defend competitively in major hubs; use cost-effective remote support; monitor competitor moves.,0,0
Accoount 556,Active - Stable Core Accounts,0,Stable Core Accounts,Medium,Apply benefits bonanza loyalty programs; maintain relationship at low cost.,0,1
Accoount 557,Active - Stable Core Accounts,0,Stable Core Accounts,Medium,Apply benefits bonanza loyalty programs; maintain relationship at low cost.,0,0
Accoount 558,Active - Under-Profiled Active Accounts,3,Under-Profiled Active Accounts,High,"Mandate sales team to visit casinos, audit machine counts, and enrich database profiles.",0,0
Accoount 559,Active - Stable Core Accounts,0,Stable Core Accounts,Medium,Apply benefits bonanza loyalty programs; maintain relationship at low cost.,0,0
Accoount 560,Prospect - Medium Potential,-1,Medium-Potential Local Prospects,Medium,Deploy digital marketing and automated newsletters; outreach during regional events.,0,0
Accoount 561,Active - Under-Profiled Active Accounts,3,Under-Profiled Active Accounts,High,"Mandate sales team to visit casinos, audit machine counts, and enrich database profiles.",0,0
Accoount 562,Active - Competitive Niche Accounts,2,Competitive Niche Accounts,Low,Defend competitively in major hubs; use cost-effective remote support; monitor competitor moves.,0,0
Accoount 563,Active - Stable Core Accounts,0,Stable Core Accounts,Medium,Apply benefits bonanza loyalty programs; maintain relationship at low cost.,0,0
Accoount 564,Prospect - Medium Potential,-1,Medium-Potential Local Prospects,Medium,Deploy digital marketing and automated newsletters; outreach during regional events.,0,0
Accoount 565,Active - Competitive Niche Accounts,2,Competitive Niche Accounts,Low,Defend competitively in major hubs; use cost-effective remote support; monitor competitor moves.,0,1
Accoount 566,Prospect - Medium Potential,-1,Medium-Potential Local Prospects,Medium,Deploy digital marketing and automated newsletters; outreach during regional events.,0,0
Accoount 567,Active - High-Value Growth Champions,1,High-Value Growth Champions,High,Deploy dedicated account managers; cross-sell early adopter products; aggressive upsell.,0,0
Accoount 568,Prospect - Medium Potential,-1,Medium-Potential Local Prospects,Medium,Deploy digital marketing and automated newsletters; outreach during regional events.,0,0
Accoount 569,Active - High-Value Growth Champions,1,High-Value Growth Champions,High,Deploy dedicated account managers; cross-sell early adopter products; aggressive upsell.,1,0
Accoount 570,Active - Stable Core Accounts,0,Stable Core Accounts,Medium,Apply benefits bonanza loyalty programs; maintain relationship at low cost.,0,0
Accoount 571,Active - Competitive Niche Accounts,2,Competitive Niche Accounts,Low,Defend competitively in major hubs; use cost-effective remote support; monitor competitor moves.,0,0
Accoount 572,Active - Stable Core Accounts,0,Stable Core Accounts,Medium,Apply benefits bonanza loyalty programs; maintain relationship at low cost.,0,0
Accoount 573,Active - Stable Core Accounts,0,Stable Core Accounts,Medium,Apply benefits bonanza loyalty programs; maintain relationship at low cost.,0,0
Accoount 574,Active - Competitive Niche Accounts,2,Competitive Niche Accounts,Low,Defend competitively in major hubs; use cost-effective remote support; monitor competitor moves.,0,0
Accoount 575,Active - Stable Core Accounts,0,Stable Core Accounts,Medium,Apply benefits bonanza loyalty programs; maintain relationship at low cost.,0,0
Accoount 576,Prospect - Medium Potential,-1,Medium-Potential Local Prospects,Medium,Deploy digital marketing and automated newsletters; outreach during regional events.,0,0
Accoount 577,Prospect - Medium Potential,-1,Medium-Potential Local Prospects,Medium,Deploy digital marketing and automated newsletters; outreach during regional events.,0,0
Accoount 578,Active - Under-Profiled Active Accounts,3,Under-Profiled Active Accounts,High,"Mandate sales team to visit casinos, audit machine counts, and enrich database profiles.",0,0
Accoount 579,Active - Stable Core Accounts,0,Stable Core Accounts,Medium,Apply benefits bonanza loyalty programs; maintain relationship at low cost.,0,0
Accoount 580,Active - Stable Core Accounts,0,Stable Core Accounts,Medium,Apply benefits bonanza loyalty programs; maintain relationship at low cost.,0,0
Accoount 581,Active - High-Value Growth Champions,1,High-Value Growth Champions,High,Deploy dedicated account managers; cross-sell early adopter products; aggressive upsell.,0,0
Accoount 582,Prospect - High Potential,-1,High-Potential Market Prospects,High,Launch targeted marketing campaigns; prioritize sales team outreach to acquire new accounts.,0,0
Accoount 583,Prospect - High Potential,-1,High-Potential Market Prospects,High,Launch targeted marketing campaigns; prioritize sales team outreach to acquire new accounts.,0,0
Accoount 584,Prospect - High Potential,-1,High-Potential Market Prospects,High,Launch targeted marketing campaigns; prioritize sales team outreach to acquire new accounts.,0,0
Accoount 585,Prospect - High Potential,-1,High-Potential Market Prospects,High,Launch targeted marketing campaigns; prioritize sales team outreach to acquire new accounts.,0,0
Accoount 586,Active - Competitive Niche Accounts,2,Competitive Niche Accounts,Low,Defend competitively in major hubs; use cost-effective remote support; monitor competitor moves.,0,0
Accoount 587,Active - Stable Core Accounts,0,Stable Core Accounts,Medium,Apply benefits bonanza loyalty programs; maintain relationship at low cost.,0,0
Accoount 588,Active - High-Value Growth Champions,1,High-Value Growth Champions,High,Deploy dedicated account managers; cross-sell early adopter products; aggressive upsell.,0,0
Accoount 589,Prospect - Medium Potential,-1,Medium-Potential Local Prospects,Medium,Deploy digital marketing and automated newsletters; outreach during regional events.,0,0
Accoount 590,Active - High-Value Growth Champions,1,High-Value Growth Champions,High,Deploy dedicated account managers; cross-sell early adopter products; aggressive upsell.,0,0
Accoount 591,Active - Competitive Niche Accounts,2,Competitive Niche Accounts,Low,Defend competitively in major hubs; use cost-effective remote support; monitor competitor moves.,0,0
Accoount 592,Active - Competitive Niche Accounts,2,Competitive Niche Accounts,Low,Defend competitively in major hubs; use cost-effective remote support; monitor competitor moves.,0,0
Accoount 593,Prospect - Medium Potential,-1,Medium-Potential Local Prospects,Medium,Deploy digital marketing and automated newsletters; outreach during regional events.,0,0
Accoount 594,Prospect - High Potential,-1,High-Potential Market Prospects,High,Launch targeted marketing campaigns; prioritize sales team outreach to acquire new accounts.,0,0
Accoount 595,Prospect - Medium Potential,-1,Medium-Potential Local Prospects,Medium,Deploy digital marketing and automated newsletters; outreach during regional events.,0,0
Accoount 596,Prospect - Dormant / Address Missing,-1,Dormant / Unreachable Prospects,Low,Perform database cleanup and address validation before initiating any marketing spend.,0,0
Accoount 597,Prospect - Dormant / Address Missing,-1,Dormant / Unreachable Prospects,Low,Perform database cleanup and address validation before initiating any marketing spend.,0,0
Accoount 598,Prospect - Dormant / Address Missing,-1,Dormant / Unreachable Prospects,Low,Perform database cleanup and address validation before initiating any marketing spend.,0,0
Accoount 599,Prospect - Dormant / Address Missing,-1,Dormant / Unreachable Prospects,Low,Perform database cleanup and address validation before initiating any marketing spend.,0,0
Accoount 600,Prospect - Dormant / Address Missing,-1,Dormant / Unreachable Prospects,Low,Perform database cleanup and address validation before initiating any marketing spend.,0,0
Accoount 601,Prospect - Dormant / Address Missing,-1,Dormant / Unreachable Prospects,Low,Perform database cleanup and address validation before initiating any marketing spend.,0,0
Accoount 602,Prospect - Dormant / Address Missing,-1,Dormant / Unreachable Prospects,Low,Perform database cleanup and address validation before initiating any marketing spend.,0,0
Accoount 603,Prospect - Dormant / Address Missing,-1,Dormant / Unreachable Prospects,Low,Perform database cleanup and address validation before initiating any marketing spend.,0,0
Accoount 604,Prospect - Dormant / Address Missing,-1,Dormant / Unreachable Prospects,Low,Perform database cleanup and address validation before initiating any marketing spend.,0,0
Accoount 605,Prospect - Dormant / Address Missing,-1,Dormant / Unreachable Prospects,Low,Perform database cleanup and address validation before initiating any marketing spend.,0,0
Accoount 606,Prospect - Dormant / Address Missing,-1,Dormant / Unreachable Prospects,Low,Perform database cleanup and address validation before initiating any marketing spend.,0,0
Accoount 607,Prospect - Medium Potential,-1,Medium-Potential Local Prospects,Medium,Deploy digital marketing and automated newsletters; outreach during regional events.,0,0
Accoount 608,Active - High-Value Growth Champions,1,High-Value Growth Champions,High,Deploy dedicated account managers; cross-sell early adopter products; aggressive upsell.,1,0
Accoount 609,Active - Stable Core Accounts,0,Stable Core Accounts,Medium,Apply benefits bonanza loyalty programs; maintain relationship at low cost.,0,0
Accoount 610,Prospect - Medium Potential,-1,Medium-Potential Local Prospects,Medium,Deploy digital marketing and automated newsletters; outreach during regional events.,0,0
Accoount 611,Prospect - Dormant / Address Missing,-1,Dormant / Unreachable Prospects,Low,Perform database cleanup and address validation before initiating any marketing spend.,0,0
Accoount 612,Prospect - High Potential,-1,High-Potential Market Prospects,High,Launch targeted marketing campaigns; prioritize sales team outreach to acquire new accounts.,0,0
Accoount 613,Prospect - High Potential,-1,High-Potential Market Prospects,High,Launch targeted marketing campaigns; prioritize sales team outreach to acquire new accounts.,0,0
Accoount 614,Prospect - Medium Potential,-1,Medium-Potential Local Prospects,Medium,Deploy digital marketing and automated newsletters; outreach during regional events.,0,0
Accoount 615,Prospect - High Potential,-1,High-Potential Market Prospects,High,Launch targeted marketing campaigns; prioritize sales team outreach to acquire new accounts.,0,0
Accoount 616,Prospect - Dormant / Address Missing,-1,Dormant / Unreachable Prospects,Low,Perform database cleanup and address validation before initiating any marketing spend.,0,0
Accoount 617,Prospect - Medium Potential,-1,Medium-Potential Local Prospects,Medium,Deploy digital marketing and automated newsletters; outreach during regional events.,0,0
Accoount 618,Prospect - Dormant / Address Missing,-1,Dormant / Unreachable Prospects,Low,Perform database cleanup and address validation before initiating any marketing spend.,0,0
Accoount 619,Prospect - Dormant / Address Missing,-1,Dormant / Unreachable Prospects,Low,Perform database cleanup and address validation before initiating any marketing spend.,0,0
Accoount 620,Prospect - Dormant / Address Missing,-1,Dormant / Unreachable Prospects,Low,Perform database cleanup and address validation before initiating any marketing spend.,0,0
Accoount 621,Active - Competitive Niche Accounts,2,Competitive Niche Accounts,Low,Defend competitively in major hubs; use cost-effective remote support; monitor competitor moves.,1,0
Accoount 622,Prospect - Medium Potential,-1,Medium-Potential Local Prospects,Medium,Deploy digital marketing and automated newsletters; outreach during regional events.,0,0
Accoount 623,Prospect - Medium Potential,-1,Medium-Potential Local Prospects,Medium,Deploy digital marketing and automated newsletters; outreach during regional events.,0,0
Accoount 624,Prospect - Dormant / Address Missing,-1,Dormant / Unreachable Prospects,Low,Perform database cleanup and address validation before initiating any marketing spend.,0,0
Accoount 625,Prospect - Dormant / Address Missing,-1,Dormant / Unreachable Prospects,Low,Perform database cleanup and address validation before initiating any marketing spend.,0,0
Accoount 626,Prospect - High Potential,-1,High-Potential Market Prospects,High,Launch targeted marketing campaigns; prioritize sales team outreach to acquire new accounts.,0,0
Accoount 627,Active - Under-Profiled Active Accounts,3,Under-Profiled Active Accounts,High,"Mandate sales team to visit casinos, audit machine counts, and enrich database profiles.",0,0
Accoount 628,Prospect - Dormant / Address Missing,-1,Dormant / Unreachable Prospects,Low,Perform database cleanup and address validation before initiating any marketing spend.,0,0
Accoount 629,Active - High-Value Growth Champions,1,High-Value Growth Champions,High,Deploy dedicated account managers; cross-sell early adopter products; aggressive upsell.,0,0
Accoount 630,Active - High-Value Growth Champions,1,High-Value Growth Champions,High,Deploy dedicated account managers; cross-sell early adopter products; aggressive upsell.,0,0
Accoount 631,Prospect - Medium Potential,-1,Medium-Potential Local Prospects,Medium,Deploy digital marketing and automated newsletters; outreach during regional events.,0,0
Accoount 632,Active - High-Value Growth Champions,1,High-Value Growth Champions,High,Deploy dedicated account managers; cross-sell early adopter products; aggressive upsell.,0,0
Accoount 633,Active - High-Value Growth Champions,1,High-Value Growth Champions,High,Deploy dedicated account managers; cross-sell early adopter products; aggressive upsell.,0,0
Accoount 634,Prospect - High Potential,-1,High-Potential Market Prospects,High,Launch targeted marketing campaigns; prioritize sales team outreach to acquire new accounts.,0,0
Accoount 635,Prospect - Medium Potential,-1,Medium-Potential Local Prospects,Medium,Deploy digital marketing and automated newsletters; outreach during regional events.,0,0
Accoount 636,Active - High-Value Growth Champions,1,High-Value Growth Champions,High,Deploy dedicated account managers; cross-sell early adopter products; aggressive upsell.,0,0
Accoount 637,Prospect - Medium Potential,-1,Medium-Potential Local Prospects,Medium,Deploy digital marketing and automated newsletters; outreach during regional events.,0,0
Accoount 638,Prospect - Medium Potential,-1,Medium-Potential Local Prospects,Medium,Deploy digital marketing and automated newsletters; outreach during regional events.,0,0
Accoount 639,Prospect - High Potential,-1,High-Potential Market Prospects,High,Launch targeted marketing campaigns; prioritize sales team outreach to acquire new accounts.,0,0
Accoount 640,Prospect - High Potential,-1,High-Potential Market Prospects,High,Launch targeted marketing campaigns; prioritize sales team outreach to acquire new accounts.,0,0
Accoount 641,Active - High-Value Growth Champions,1,High-Value Growth Champions,High,Deploy dedicated account managers; cross-sell early adopter products; aggressive upsell.,0,0
Accoount 642,Prospect - Medium Potential,-1,Medium-Potential Local Prospects,Medium,Deploy digital marketing and automated newsletters; outreach during regional events.,0,0
Accoount 643,Prospect - High Potential,-1,High-Potential Market Prospects,High,Launch targeted marketing campaigns; prioritize sales team outreach to acquire new accounts.,0,0
Accoount 644,Prospect - High Potential,-1,High-Potential Market Prospects,High,Launch targeted marketing campaigns; prioritize sales team outreach to acquire new accounts.,0,0
Accoount 645,Prospect - High Potential,-1,High-Potential Market Prospects,High,Launch targeted marketing campaigns; prioritize sales team outreach to acquire new accounts.,0,0
Accoount 646,Prospect - High Potential,-1,High-Potential Market Prospects,High,Launch targeted marketing campaigns; prioritize sales team outreach to acquire new accounts.,0,0
Accoount 647,Prospect - High Potential,-1,High-Potential Market Prospects,High,Launch targeted marketing campaigns; prioritize sales team outreach to acquire new accounts.,0,0
Accoount 648,Prospect - High Potential,-1,High-Potential Market Prospects,High,Launch targeted marketing campaigns; prioritize sales team outreach to acquire new accounts.,0,0
Accoount 649,Prospect - Medium Potential,-1,Medium-Potential Local Prospects,Medium,Deploy digital marketing and automated newsletters; outreach during regional events.,0,0
Accoount 650,Prospect - Medium Potential,-1,Medium-Potential Local Prospects,Medium,Deploy digital marketing and automated newsletters; outreach during regional events.,0,0
Accoount 651,Prospect - High Potential,-1,High-Potential Market Prospects,High,Launch targeted marketing campaigns; prioritize sales team outreach to acquire new accounts.,0,0
Accoount 652,Prospect - High Potential,-1,High-Potential Market Prospects,High,Launch targeted marketing campaigns; prioritize sales team outreach to acquire new accounts.,0,0
Accoount 653,Active - Under-Profiled Active Accounts,3,Under-Profiled Active Accounts,High,"Mandate sales team to visit casinos, audit machine counts, and enrich database profiles.",0,0
Accoount 654,Prospect - High Potential,-1,High-Potential Market Prospects,High,Launch targeted marketing campaigns; prioritize sales team outreach to acquire new accounts.,0,0
Accoount 655,Active - Stable Core Accounts,0,Stable Core Accounts,Medium,Apply benefits bonanza loyalty programs; maintain relationship at low cost.,0,0
Accoount 656,Active - Under-Profiled Active Accounts,3,Under-Profiled Active Accounts,High,"Mandate sales team to visit casinos, audit machine counts, and enrich database profiles.",0,0
Accoount 657,Active - Stable Core Accounts,0,Stable Core Accounts,Medium,Apply benefits bonanza loyalty programs; maintain relationship at low cost.,0,0
Accoount 658,Active - Stable Core Accounts,0,Stable Core Accounts,Medium,Apply benefits bonanza loyalty programs; maintain relationship at low cost.,0,0
Accoount 659,Active - Under-Profiled Active Accounts,3,Under-Profiled Active Accounts,High,"Mandate sales team to visit casinos, audit machine counts, and enrich database profiles.",0,0
Accoount 660,Active - Stable Core Accounts,0,Stable Core Accounts,Medium,Apply benefits bonanza loyalty programs; maintain relationship at low cost.,0,0
Accoount 661,Active - Under-Profiled Active Accounts,3,Under-Profiled Active Accounts,High,"Mandate sales team to visit casinos, audit machine counts, and enrich database profiles.",0,0
Accoount 662,Active - Stable Core Accounts,0,Stable Core Accounts,Medium,Apply benefits bonanza loyalty programs; maintain relationship at low cost.,0,0
Accoount 663,Active - Competitive Niche Accounts,2,Competitive Niche Accounts,Low,Defend competitively in major hubs; use cost-effective remote support; monitor competitor moves.,0,0
Accoount 664,Active - Under-Profiled Active Accounts,3,Under-Profiled Active Accounts,High,"Mandate sales team to visit casinos, audit machine counts, and enrich database profiles.",0,0
Accoount 665,Active - Under-Profiled Active Accounts,3,Under-Profiled Active Accounts,High,"Mandate sales team to visit casinos, audit machine counts, and enrich database profiles.",0,0
Accoount 666,Active - Under-Profiled Active Accounts,3,Under-Profiled Active Accounts,High,"Mandate sales team to visit casinos, audit machine counts, and enrich database profiles.",0,0
Accoount 667,Active - Stable Core Accounts,0,Stable Core Accounts,Medium,Apply benefits bonanza loyalty programs; maintain relationship at low cost.,0,0
Accoount 668,Active - Stable Core Accounts,0,Stable Core Accounts,Medium,Apply benefits bonanza loyalty programs; maintain relationship at low cost.,0,0
Accoount 669,Active - Competitive Niche Accounts,2,Competitive Niche Accounts,Low,Defend competitively in major hubs; use cost-effective remote support; monitor competitor moves.,1,0
Accoount 670,Active - High-Value Growth Champions,1,High-Value Growth Champions,High,Deploy dedicated account managers; cross-sell early adopter products; aggressive upsell.,0,0
Accoount 671,Prospect - High Potential,-1,High-Potential Market Prospects,High,Launch targeted marketing campaigns; prioritize sales team outreach to acquire new accounts.,0,0
Accoount 672,Active - High-Value Growth Champions,1,High-Value Growth Champions,High,Deploy dedicated account managers; cross-sell early adopter products; aggressive upsell.,0,0
Accoount 673,Active - Stable Core Accounts,0,Stable Core Accounts,Medium,Apply benefits bonanza loyalty programs; maintain relationship at low cost.,0,0
Accoount 674,Prospect - High Potential,-1,High-Potential Market Prospects,High,Launch targeted marketing campaigns; prioritize sales team outreach to acquire new accounts.,0,0
Accoount 675,Active - Under-Profiled Active Accounts,3,Under-Profiled Active Accounts,High,"Mandate sales team to visit casinos, audit machine counts, and enrich database profiles.",0,0
Accoount 676,Prospect - High Potential,-1,High-Potential Market Prospects,High,Launch targeted marketing campaigns; prioritize sales team outreach to acquire new accounts.,0,0
Accoount 677,Active - Competitive Niche Accounts,2,Competitive Niche Accounts,Low,Defend competitively in major hubs; use cost-effective remote support; monitor competitor moves.,0,0
Accoount 678,Active - Stable Core Accounts,0,Stable Core Accounts,Medium,Apply benefits bonanza loyalty programs; maintain relationship at low cost.,0,0
Accoount 679,Prospect - Medium Potential,-1,Medium-Potential Local Prospects,Medium,Deploy digital marketing and automated newsletters; outreach during regional events.,0,0
Accoount 680,Active - Stable Core Accounts,0,Stable Core Accounts,Medium,Apply benefits bonanza loyalty programs; maintain relationship at low cost.,0,0
Accoount 681,Active - Under-Profiled Active Accounts,3,Under-Profiled Active Accounts,High,"Mandate sales team to visit casinos, audit machine counts, and enrich database profiles.",0,0
Accoount 682,Active - Stable Core Accounts,0,Stable Core Accounts,Medium,Apply benefits bonanza loyalty programs; maintain relationship at low cost.,0,0
Accoount 683,Prospect - Dormant / Address Missing,-1,Dormant / Unreachable Prospects,Low,Perform database cleanup and address validation before initiating any marketing spend.,0,0
Accoount 684,Prospect - Dormant / Address Missing,-1,Dormant / Unreachable Prospects,Low,Perform database cleanup and address validation before initiating any marketing spend.,0,0
Accoount 685,Prospect - Dormant / Address Missing,-1,Dormant / Unreachable Prospects,Low,Perform database cleanup and address validation before initiating any marketing spend.,0,0
Accoount 686,Prospect - Medium Potential,-1,Medium-Potential Local Prospects,Medium,Deploy digital marketing and automated newsletters; outreach during regional events.,0,0
Accoount 687,Prospect - Dormant / Address Missing,-1,Dormant / Unreachable Prospects,Low,Perform database cleanup and address validation before initiating any marketing spend.,0,0
Accoount 688,Prospect - Dormant / Address Missing,-1,Dormant / Unreachable Prospects,Low,Perform database cleanup and address validation before initiating any marketing spend.,0,0
Accoount 689,Prospect - Medium Potential,-1,Medium-Potential Local Prospects,Medium,Deploy digital marketing and automated newsletters; outreach during regional events.,0,0
Accoount 690,Prospect - Dormant / Address Missing,-1,Dormant / Unreachable Prospects,Low,Perform database cleanup and address validation before initiating any marketing spend.,0,0
Accoount 691,Prospect - Dormant / Address Missing,-1,Dormant / Unreachable Prospects,Low,Perform database cleanup and address validation before initiating any marketing spend.,0,0
Accoount 692,Prospect - High Potential,-1,High-Potential Market Prospects,High,Launch targeted marketing campaigns; prioritize sales team outreach to acquire new accounts.,0,0
Accoount 693,Active - Stable Core Accounts,0,Stable Core Accounts,Medium,Apply benefits bonanza loyalty programs; maintain relationship at low cost.,0,0
Accoount 694,Prospect - High Potential,-1,High-Potential Market Prospects,High,Launch targeted marketing campaigns; prioritize sales team outreach to acquire new accounts.,0,0
Accoount 695,Prospect - Dormant / Address Missing,-1,Dormant / Unreachable Prospects,Low,Perform database cleanup and address validation before initiating any marketing spend.,0,0
Accoount 696,Prospect - Medium Potential,-1,Medium-Potential Local Prospects,Medium,Deploy digital marketing and automated newsletters; outreach during regional events.,0,0
Accoount 697,Prospect - High Potential,-1,High-Potential Market Prospects,High,Launch targeted marketing campaigns; prioritize sales team outreach to acquire new accounts.,0,0
Accoount 698,Prospect - Dormant / Address Missing,-1,Dormant / Unreachable Prospects,Low,Perform database cleanup and address validation before initiating any marketing spend.,0,0
Accoount 699,Active - High-Value Growth Champions,1,High-Value Growth Champions,High,Deploy dedicated account managers; cross-sell early adopter products; aggressive upsell.,0,0
Accoount 700,Active - High-Value Growth Champions,1,High-Value Growth Champions,High,Deploy dedicated account managers; cross-sell early adopter products; aggressive upsell.,0,0
Accoount 701,Prospect - High Potential,-1,High-Potential Market Prospects,High,Launch targeted marketing campaigns; prioritize sales team outreach to acquire new accounts.,0,0
Accoount 702,Active - Competitive Niche Accounts,2,Competitive Niche Accounts,Low,Defend competitively in major hubs; use cost-effective remote support; monitor competitor moves.,1,0
Accoount 703,Prospect - Dormant / Address Missing,-1,Dormant / Unreachable Prospects,Low,Perform database cleanup and address validation before initiating any marketing spend.,0,0
Accoount 704,Prospect - High Potential,-1,High-Potential Market Prospects,High,Launch targeted marketing campaigns; prioritize sales team outreach to acquire new accounts.,0,0
Accoount 705,Prospect - Medium Potential,-1,Medium-Potential Local Prospects,Medium,Deploy digital marketing and automated newsletters; outreach during regional events.,0,0
Accoount 706,Prospect - Medium Potential,-1,Medium-Potential Local Prospects,Medium,Deploy digital marketing and automated newsletters; outreach during regional events.,0,0
Accoount 707,Prospect - High Potential,-1,High-Potential Market Prospects,High,Launch targeted marketing campaigns; prioritize sales team outreach to acquire new accounts.,0,0
Accoount 708,Active - Competitive Niche Accounts,2,Competitive Niche Accounts,Low,Defend competitively in major hubs; use cost-effective remote support; monitor competitor moves.,0,0
Accoount 709,Prospect - Medium Potential,-1,Medium-Potential Local Prospects,Medium,Deploy digital marketing and automated newsletters; outreach during regional events.,0,0
Accoount 710,Active - High-Value Growth Champions,1,High-Value Growth Champions,High,Deploy dedicated account managers; cross-sell early adopter products; aggressive upsell.,0,0
Accoount 711,Prospect - High Potential,-1,High-Potential Market Prospects,High,Launch targeted marketing campaigns; prioritize sales team outreach to acquire new accounts.,0,0
Accoount 712,Active - High-Value Growth Champions,1,High-Value Growth Champions,High,Deploy dedicated account managers; cross-sell early adopter products; aggressive upsell.,0,0
Accoount 713,Active - High-Value Growth Champions,1,High-Value Growth Champions,High,Deploy dedicated account managers; cross-sell early adopter products; aggressive upsell.,0,0
Accoount 714,Prospect - Medium Potential,-1,Medium-Potential Local Prospects,Medium,Deploy digital marketing and automated newsletters; outreach during regional events.,0,0
Accoount 715,Active - Competitive Niche Accounts,2,Competitive Niche Accounts,Low,Defend competitively in major hubs; use cost-effective remote support; monitor competitor moves.,0,0
Accoount 716,Prospect - High Potential,-1,High-Potential Market Prospects,High,Launch targeted marketing campaigns; prioritize sales team outreach to acquire new accounts.,0,0
Accoount 717,Active - Competitive Niche Accounts,2,Competitive Niche Accounts,Low,Defend competitively in major hubs; use cost-effective remote support; monitor competitor moves.,0,0
Accoount 718,Prospect - Medium Potential,-1,Medium-Potential Local Prospects,Medium,Deploy digital marketing and automated newsletters; outreach during regional events.,0,0
Accoount 719,Prospect - High Potential,-1,High-Potential Market Prospects,High,Launch targeted marketing campaigns; prioritize sales team outreach to acquire new accounts.,0,0
Accoount 720,Prospect - Medium Potential,-1,Medium-Potential Local Prospects,Medium,Deploy digital marketing and automated newsletters; outreach during regional events.,0,0
Accoount 721,Prospect - Medium Potential,-1,Medium-Potential Local Prospects,Medium,Deploy digital marketing and automated newsletters; outreach during regional events.,0,0
Accoount 722,Prospect - High Potential,-1,High-Potential Market Prospects,High,Launch targeted marketing campaigns; prioritize sales team outreach to acquire new accounts.,0,0
Accoount 723,Prospect - High Potential,-1,High-Potential Market Prospects,High,Launch targeted marketing campaigns; prioritize sales team outreach to acquire new accounts.,0,0
Accoount 724,Prospect - High Potential,-1,High-Potential Market Prospects,High,Launch targeted marketing campaigns; prioritize sales team outreach to acquire new accounts.,0,0
Accoount 725,Active - Under-Profiled Active Accounts,3,Under-Profiled Active Accounts,High,"Mandate sales team to visit casinos, audit machine counts, and enrich database profiles.",0,0
Accoount 726,Active - Under-Profiled Active Accounts,3,Under-Profiled Active Accounts,High,"Mandate sales team to visit casinos, audit machine counts, and enrich database profiles.",0,0
Accoount 727,Active - Under-Profiled Active Accounts,3,Under-Profiled Active Accounts,High,"Mandate sales team to visit casinos, audit machine counts, and enrich database profiles.",0,0
Accoount 728,Prospect - Medium Potential,-1,Medium-Potential Local Prospects,Medium,Deploy digital marketing and automated newsletters; outreach during regional events.,0,0
Accoount 729,Active - Under-Profiled Active Accounts,3,Under-Profiled Active Accounts,High,"Mandate sales team to visit casinos, audit machine counts, and enrich database profiles.",0,0
Accoount 730,Active - Stable Core Accounts,0,Stable Core Accounts,Medium,Apply benefits bonanza loyalty programs; maintain relationship at low cost.,0,0
Accoount 731,Active - Under-Profiled Active Accounts,3,Under-Profiled Active Accounts,High,"Mandate sales team to visit casinos, audit machine counts, and enrich database profiles.",0,0
Accoount 732,Active - Stable Core Accounts,0,Stable Core Accounts,Medium,Apply benefits bonanza loyalty programs; maintain relationship at low cost.,0,0
Accoount 733,Prospect - High Potential,-1,High-Potential Market Prospects,High,Launch targeted marketing campaigns; prioritize sales team outreach to acquire new accounts.,0,0
Accoount 734,Prospect - High Potential,-1,High-Potential Market Prospects,High,Launch targeted marketing campaigns; prioritize sales team outreach to acquire new accounts.,0,0
Accoount 735,Active - Competitive Niche Accounts,2,Competitive Niche Accounts,Low,Defend competitively in major hubs; use cost-effective remote support; monitor competitor moves.,0,0
Accoount 736,Active - Stable Core Accounts,0,Stable Core Accounts,Medium,Apply benefits bonanza loyalty programs; maintain relationship at low cost.,0,0
Accoount 737,Active - Stable Core Accounts,0,Stable Core Accounts,Medium,Apply benefits bonanza loyalty programs; maintain relationship at low cost.,0,0
Accoount 738,Active - Stable Core Accounts,0,Stable Core Accounts,Medium,Apply benefits bonanza loyalty programs; maintain relationship at low cost.,0,0
Accoount 739,Active - Stable Core Accounts,0,Stable Core Accounts,Medium,Apply benefits bonanza loyalty programs; maintain relationship at low cost.,0,0
Accoount 740,Active - Stable Core Accounts,0,Stable Core Accounts,Medium,Apply benefits bonanza loyalty programs; maintain relationship at low cost.,0,0
Accoount 741,Active - Stable Core Accounts,0,Stable Core Accounts,Medium,Apply benefits bonanza loyalty programs; maintain relationship at low cost.,0,1
Accoount 742,Active - Under-Profiled Active Accounts,3,Under-Profiled Active Accounts,High,"Mandate sales team to visit casinos, audit machine counts, and enrich database profiles.",0,0
Accoount 743,Prospect - Medium Potential,-1,Medium-Potential Local Prospects,Medium,Deploy digital marketing and automated newsletters; outreach during regional events.,0,0
Accoount 744,Prospect - High Potential,-1,High-Potential Market Prospects,High,Launch targeted marketing campaigns; prioritize sales team outreach to acquire new accounts.,0,0
Accoount 745,Active - Under-Profiled Active Accounts,3,Under-Profiled Active Accounts,High,"Mandate sales team to visit casinos, audit machine counts, and enrich database profiles.",0,0
Accoount 746,Prospect - Medium Potential,-1,Medium-Potential Local Prospects,Medium,Deploy digital marketing and automated newsletters; outreach during regional events.,0,0
Accoount 747,Prospect - Medium Potential,-1,Medium-Potential Local Prospects,Medium,Deploy digital marketing and automated newsletters; outreach during regional events.,0,0
Accoount 748,Active - Stable Core Accounts,0,Stable Core Accounts,Medium,Apply benefits bonanza loyalty programs; maintain relationship at low cost.,1,0
Accoount 749,Prospect - High Potential,-1,High-Potential Market Prospects,High,Launch targeted marketing campaigns; prioritize sales team outreach to acquire new accounts.,0,0
Accoount 750,Prospect - High Potential,-1,High-Potential Market Prospects,High,Launch targeted marketing campaigns; prioritize sales team outreach to acquire new accounts.,0,0
Accoount 751,Active - High-Value Growth Champions,1,High-Value Growth Champions,High,Deploy dedicated account managers; cross-sell early adopter products; aggressive upsell.,0,0
Accoount 752,Prospect - High Potential,-1,High-Potential Market Prospects,High,Launch targeted marketing campaigns; prioritize sales team outreach to acquire new accounts.,0,0
Accoount 753,Prospect - High Potential,-1,High-Potential Market Prospects,High,Launch targeted marketing campaigns; prioritize sales team outreach to acquire new accounts.,0,0
Accoount 754,Prospect - High Potential,-1,High-Potential Market Prospects,High,Launch targeted marketing campaigns; prioritize sales team outreach to acquire new accounts.,0,0
Accoount 755,Active - Competitive Niche Accounts,2,Competitive Niche Accounts,Low,Defend competitively in major hubs; use cost-effective remote support; monitor competitor moves.,0,0
Accoount 756,Active - Stable Core Accounts,0,Stable Core Accounts,Medium,Apply benefits bonanza loyalty programs; maintain relationship at low cost.,0,0
Accoount 757,Active - Under-Profiled Active Accounts,3,Under-Profiled Active Accounts,High,"Mandate sales team to visit casinos, audit machine counts, and enrich database profiles.",0,1
Accoount 758,Active - High-Value Growth Champions,1,High-Value Growth Champions,High,Deploy dedicated account managers; cross-sell early adopter products; aggressive upsell.,0,0
Accoount 759,Prospect - High Potential,-1,High-Potential Market Prospects,High,Launch targeted marketing campaigns; prioritize sales team outreach to acquire new accounts.,0,0
Accoount 760,Active - High-Value Growth Champions,1,High-Value Growth Champions,High,Deploy dedicated account managers; cross-sell early adopter products; aggressive upsell.,0,0
Accoount 761,Active - Stable Core Accounts,0,Stable Core Accounts,Medium,Apply benefits bonanza loyalty programs; maintain relationship at low cost.,0,0
Accoount 762,Active - Stable Core Accounts,0,Stable Core Accounts,Medium,Apply benefits bonanza loyalty programs; maintain relationship at low cost.,0,0
Accoount 763,Prospect - Medium Potential,-1,Medium-Potential Local Prospects,Medium,Deploy digital marketing and automated newsletters; outreach during regional events.,0,0
Accoount 764,Active - Stable Core Accounts,0,Stable Core Accounts,Medium,Apply benefits bonanza loyalty programs; maintain relationship at low cost.,0,0
Accoount 765,Active - Stable Core Accounts,0,Stable Core Accounts,Medium,Apply benefits bonanza loyalty programs; maintain relationship at low cost.,0,0
Accoount 766,Active - High-Value Growth Champions,1,High-Value Growth Champions,High,Deploy dedicated account managers; cross-sell early adopter products; aggressive upsell.,0,0
Accoount 767,Active - Stable Core Accounts,0,Stable Core Accounts,Medium,Apply benefits bonanza loyalty programs; maintain relationship at low cost.,0,0
Accoount 768,Prospect - Medium Potential,-1,Medium-Potential Local Prospects,Medium,Deploy digital marketing and automated newsletters; outreach during regional events.,0,0
Accoount 769,Prospect - Dormant / Address Missing,-1,Dormant / Unreachable Prospects,Low,Perform database cleanup and address validation before initiating any marketing spend.,0,0
Accoount 770,Prospect - Dormant / Address Missing,-1,Dormant / Unreachable Prospects,Low,Perform database cleanup and address validation before initiating any marketing spend.,0,0
Accoount 771,Prospect - Dormant / Address Missing,-1,Dormant / Unreachable Prospects,Low,Perform database cleanup and address validation before initiating any marketing spend.,0,0
Accoount 772,Prospect - Dormant / Address Missing,-1,Dormant / Unreachable Prospects,Low,Perform database cleanup and address validation before initiating any marketing spend.,0,0
Accoount 773,Prospect - High Potential,-1,High-Potential Market Prospects,High,Launch targeted marketing campaigns; prioritize sales team outreach to acquire new accounts.,0,0
Accoount 774,Prospect - Dormant / Address Missing,-1,Dormant / Unreachable Prospects,Low,Perform database cleanup and address validation before initiating any marketing spend.,0,0
Accoount 775,Prospect - Dormant / Address Missing,-1,Dormant / Unreachable Prospects,Low,Perform database cleanup and address validation before initiating any marketing spend.,0,0
Accoount 776,Prospect - Dormant / Address Missing,-1,Dormant / Unreachable Prospects,Low,Perform database cleanup and address validation before initiating any marketing spend.,0,0
Accoount 777,Prospect - Dormant / Address Missing,-1,Dormant / Unreachable Prospects,Low,Perform database cleanup and address validation before initiating any marketing spend.,0,0
Accoount 778,Prospect - Dormant / Address Missing,-1,Dormant / Unreachable Prospects,Low,Perform database cleanup and address validation before initiating any marketing spend.,0,0
Accoount 779,Active - Competitive Niche Accounts,2,Competitive Niche Accounts,Low,Defend competitively in major hubs; use cost-effective remote support; monitor competitor moves.,0,0
Accoount 780,Prospect - Medium Potential,-1,Medium-Potential Local Prospects,Medium,Deploy digital marketing and automated newsletters; outreach during regional events.,0,0
Accoount 781,Prospect - Medium Potential,-1,Medium-Potential Local Prospects,Medium,Deploy digital marketing and automated newsletters; outreach during regional events.,0,0
Accoount 782,Prospect - High Potential,-1,High-Potential Market Prospects,High,Launch targeted marketing campaigns; prioritize sales team outreach to acquire new accounts.,0,0
Accoount 783,Prospect - Dormant / Address Missing,-1,Dormant / Unreachable Prospects,Low,Perform database cleanup and address validation before initiating any marketing spend.,0,0
Accoount 784,Prospect - Dormant / Address Missing,-1,Dormant / Unreachable Prospects,Low,Perform database cleanup and address validation before initiating any marketing spend.,0,0
Accoount 785,Prospect - Dormant / Address Missing,-1,Dormant / Unreachable Prospects,Low,Perform database cleanup and address validation before initiating any marketing spend.,0,0
Accoount 786,Prospect - Medium Potential,-1,Medium-Potential Local Prospects,Medium,Deploy digital marketing and automated newsletters; outreach during regional events.,0,0
Accoount 787,Active - Stable Core Accounts,0,Stable Core Accounts,Medium,Apply benefits bonanza loyalty programs; maintain relationship at low cost.,0,0
Accoount 788,Prospect - Dormant / Address Missing,-1,Dormant / Unreachable Prospects,Low,Perform database cleanup and address validation before initiating any marketing spend.,0,0
Accoount 789,Prospect - Dormant / Address Missing,-1,Dormant / Unreachable Prospects,Low,Perform database cleanup and address validation before initiating any marketing spend.,0,0
Accoount 790,Prospect - Dormant / Address Missing,-1,Dormant / Unreachable Prospects,Low,Perform database cleanup and address validation before initiating any marketing spend.,0,0
Accoount 791,Active - Competitive Niche Accounts,2,Competitive Niche Accounts,Low,Defend competitively in major hubs; use cost-effective remote support; monitor competitor moves.,0,0
Accoount 792,Prospect - Medium Potential,-1,Medium-Potential Local Prospects,Medium,Deploy digital marketing and automated newsletters; outreach during regional events.,0,0
Accoount 793,Active - High-Value Growth Champions,1,High-Value Growth Champions,High,Deploy dedicated account managers; cross-sell early adopter products; aggressive upsell.,0,0
Accoount 794,Active - High-Value Growth Champions,1,High-Value Growth Champions,High,Deploy dedicated account managers; cross-sell early adopter products; aggressive upsell.,0,0
Accoount 795,Prospect - Medium Potential,-1,Medium-Potential Local Prospects,Medium,Deploy digital marketing and automated newsletters; outreach during regional events.,0,0
Accoount 796,Prospect - Medium Potential,-1,Medium-Potential Local Prospects,Medium,Deploy digital marketing and automated newsletters; outreach during regional events.,0,0
Accoount 797,Prospect - Medium Potential,-1,Medium-Potential Local Prospects,Medium,Deploy digital marketing and automated newsletters; outreach during regional events.,0,0
Accoount 798,Active - High-Value Growth Champions,1,High-Value Growth Champions,High,Deploy dedicated account managers; cross-sell early adopter products; aggressive upsell.,0,0
Accoount 799,Prospect - Dormant / Address Missing,-1,Dormant / Unreachable Prospects,Low,Perform database cleanup and address validation before initiating any marketing spend.,0,0
Accoount 800,Active - High-Value Growth Champions,1,High-Value Growth Champions,High,Deploy dedicated account managers; cross-sell early adopter products; aggressive upsell.,0,0
Accoount 801,Active - High-Value Growth Champions,1,High-Value Growth Champions,High,Deploy dedicated account managers; cross-sell early adopter products; aggressive upsell.,0,0
Accoount 802,Prospect - High Potential,-1,High-Potential Market Prospects,High,Launch targeted marketing campaigns; prioritize sales team outreach to acquire new accounts.,0,0
Accoount 803,Prospect - Medium Potential,-1,Medium-Potential Local Prospects,Medium,Deploy digital marketing and automated newsletters; outreach during regional events.,0,0
Accoount 804,Prospect - Dormant / Address Missing,-1,Dormant / Unreachable Prospects,Low,Perform database cleanup and address validation before initiating any marketing spend.,0,0
Accoount 805,Prospect - Dormant / Address Missing,-1,Dormant / Unreachable Prospects,Low,Perform database cleanup and address validation before initiating any marketing spend.,0,0
Accoount 806,Prospect - High Potential,-1,High-Potential Market Prospects,High,Launch targeted marketing campaigns; prioritize sales team outreach to acquire new accounts.,0,0
Accoount 807,Prospect - High Potential,-1,High-Potential Market Prospects,High,Launch targeted marketing campaigns; prioritize sales team outreach to acquire new accounts.,0,0
Accoount 808,Prospect - Medium Potential,-1,Medium-Potential Local Prospects,Medium,Deploy digital marketing and automated newsletters; outreach during regional events.,0,0
Accoount 809,Prospect - Medium Potential,-1,Medium-Potential Local Prospects,Medium,Deploy digital marketing and automated newsletters; outreach during regional events.,0,0
Accoount 810,Prospect - High Potential,-1,High-Potential Market Prospects,High,Launch targeted marketing campaigns; prioritize sales team outreach to acquire new accounts.,0,0
Accoount 811,Prospect - High Potential,-1,High-Potential Market Prospects,High,Launch targeted marketing campaigns; prioritize sales team outreach to acquire new accounts.,0,0
Accoount 812,Prospect - Medium Potential,-1,Medium-Potential Local Prospects,Medium,Deploy digital marketing and automated newsletters; outreach during regional events.,0,0
Accoount 813,Prospect - High Potential,-1,High-Potential Market Prospects,High,Launch targeted marketing campaigns; prioritize sales team outreach to acquire new accounts.,0,0
Accoount 814,Prospect - High Potential,-1,High-Potential Market Prospects,High,Launch targeted marketing campaigns; prioritize sales team outreach to acquire new accounts.,0,0
Accoount 815,Prospect - High Potential,-1,High-Potential Market Prospects,High,Launch targeted marketing campaigns; prioritize sales team outreach to acquire new accounts.,0,0
Accoount 816,Prospect - Medium Potential,-1,Medium-Potential Local Prospects,Medium,Deploy digital marketing and automated newsletters; outreach during regional events.,0,0
Accoount 817,Prospect - Medium Potential,-1,Medium-Potential Local Prospects,Medium,Deploy digital marketing and automated newsletters; outreach during regional events.,0,0
Accoount 818,Active - Under-Profiled Active Accounts,3,Under-Profiled Active Accounts,High,"Mandate sales team to visit casinos, audit machine counts, and enrich database profiles.",0,0
Accoount 819,Active - Stable Core Accounts,0,Stable Core Accounts,Medium,Apply benefits bonanza loyalty programs; maintain relationship at low cost.,0,0
Accoount 820,Active - Under-Profiled Active Accounts,3,Under-Profiled Active Accounts,High,"Mandate sales team to visit casinos, audit machine counts, and enrich database profiles.",0,0
Accoount 821,Active - Stable Core Accounts,0,Stable Core Accounts,Medium,Apply benefits bonanza loyalty programs; maintain relationship at low cost.,0,0
Accoount 822,Active - Competitive Niche Accounts,2,Competitive Niche Accounts,Low,Defend competitively in major hubs; use cost-effective remote support; monitor competitor moves.,0,0
Accoount 823,Active - High-Value Growth Champions,1,High-Value Growth Champions,High,Deploy dedicated account managers; cross-sell early adopter products; aggressive upsell.,0,0
Accoount 824,Active - Under-Profiled Active Accounts,3,Under-Profiled Active Accounts,High,"Mandate sales team to visit casinos, audit machine counts, and enrich database profiles.",0,0
Accoount 825,Prospect - Medium Potential,-1,Medium-Potential Local Prospects,Medium,Deploy digital marketing and automated newsletters; outreach during regional events.,0,0
Accoount 826,Active - Competitive Niche Accounts,2,Competitive Niche Accounts,Low,Defend competitively in major hubs; use cost-effective remote support; monitor competitor moves.,0,0
Accoount 827,Active - Under-Profiled Active Accounts,3,Under-Profiled Active Accounts,High,"Mandate sales team to visit casinos, audit machine counts, and enrich database profiles.",0,0
Accoount 828,Active - Under-Profiled Active Accounts,3,Under-Profiled Active Accounts,High,"Mandate sales team to visit casinos, audit machine counts, and enrich database profiles.",0,1
Accoount 829,Active - Stable Core Accounts,0,Stable Core Accounts,Medium,Apply benefits bonanza loyalty programs; maintain relationship at low cost.,0,0
Accoount 830,Active - Stable Core Accounts,0,Stable Core Accounts,Medium,Apply benefits bonanza loyalty programs; maintain relationship at low cost.,0,0
Accoount 831,Active - Stable Core Accounts,0,Stable Core Accounts,Medium,Apply benefits bonanza loyalty programs; maintain relationship at low cost.,0,0
Accoount 832,Active - Stable Core Accounts,0,Stable Core Accounts,Medium,Apply benefits bonanza loyalty programs; maintain relationship at low cost.,0,0
Accoount 833,Active - Stable Core Accounts,0,Stable Core Accounts,Medium,Apply benefits bonanza loyalty programs; maintain relationship at low cost.,0,0
Accoount 834,Active - Stable Core Accounts,0,Stable Core Accounts,Medium,Apply benefits bonanza loyalty programs; maintain relationship at low cost.,0,0
Accoount 835,Prospect - High Potential,-1,High-Potential Market Prospects,High,Launch targeted marketing campaigns; prioritize sales team outreach to acquire new accounts.,0,0
Accoount 836,Active - Under-Profiled Active Accounts,3,Under-Profiled Active Accounts,High,"Mandate sales team to visit casinos, audit machine counts, and enrich database profiles.",0,1
Accoount 837,Active - Stable Core Accounts,0,Stable Core Accounts,Medium,Apply benefits bonanza loyalty programs; maintain relationship at low cost.,0,0
Accoount 838,Prospect - Medium Potential,-1,Medium-Potential Local Prospects,Medium,Deploy digital marketing and automated newsletters; outreach during regional events.,0,0
Accoount 839,Prospect - Medium Potential,-1,Medium-Potential Local Prospects,Medium,Deploy digital marketing and automated newsletters; outreach during regional events.,0,0
Accoount 840,Active - Under-Profiled Active Accounts,3,Under-Profiled Active Accounts,High,"Mandate sales team to visit casinos, audit machine counts, and enrich database profiles.",0,1
Accoount 841,Active - Competitive Niche Accounts,2,Competitive Niche Accounts,Low,Defend competitively in major hubs; use cost-effective remote support; monitor competitor moves.,0,0
Accoount 842,Active - Stable Core Accounts,0,Stable Core Accounts,Medium,Apply benefits bonanza loyalty programs; maintain relationship at low cost.,0,0
Accoount 843,Active - Stable Core Accounts,0,Stable Core Accounts,Medium,Apply benefits bonanza loyalty programs; maintain relationship at low cost.,0,0
Accoount 844,Active - Stable Core Accounts,0,Stable Core Accounts,Medium,Apply benefits bonanza loyalty programs; maintain relationship at low cost.,0,0
Accoount 845,Active - Stable Core Accounts,0,Stable Core Accounts,Medium,Apply benefits bonanza loyalty programs; maintain relationship at low cost.,0,0
Accoount 846,Active - Stable Core Accounts,0,Stable Core Accounts,Medium,Apply benefits bonanza loyalty programs; maintain relationship at low cost.,0,0
Accoount 847,Prospect - High Potential,-1,High-Potential Market Prospects,High,Launch targeted marketing campaigns; prioritize sales team outreach to acquire new accounts.,0,0
Accoount 848,Prospect - High Potential,-1,High-Potential Market Prospects,High,Launch targeted marketing campaigns; prioritize sales team outreach to acquire new accounts.,0,0
Accoount 849,Prospect - High Potential,-1,High-Potential Market Prospects,High,Launch targeted marketing campaigns; prioritize sales team outreach to acquire new accounts.,0,0
Accoount 850,Active - Stable Core Accounts,0,Stable Core Accounts,Medium,Apply benefits bonanza loyalty programs; maintain relationship at low cost.,0,0
Accoount 851,Prospect - Medium Potential,-1,Medium-Potential Local Prospects,Medium,Deploy digital marketing and automated newsletters; outreach during regional events.,0,0
Accoount 852,Active - Stable Core Accounts,0,Stable Core Accounts,Medium,Apply benefits bonanza loyalty programs; maintain relationship at low cost.,0,0
Accoount 853,Active - Under-Profiled Active Accounts,3,Under-Profiled Active Accounts,High,"Mandate sales team to visit casinos, audit machine counts, and enrich database profiles.",0,0
Accoount 854,Active - Stable Core Accounts,0,Stable Core Accounts,Medium,Apply benefits bonanza loyalty programs; maintain relationship at low cost.,0,0
Accoount 855,Active - Stable Core Accounts,0,Stable Core Accounts,Medium,Apply benefits bonanza loyalty programs; maintain relationship at low cost.,0,0
Accoount 856,Active - Under-Profiled Active Accounts,3,Under-Profiled Active Accounts,High,"Mandate sales team to visit casinos, audit machine counts, and enrich database profiles.",0,0
Accoount 857,Active - Stable Core Accounts,0,Stable Core Accounts,Medium,Apply benefits bonanza loyalty programs; maintain relationship at low cost.,1,0
Accoount 858,Prospect - Dormant / Address Missing,-1,Dormant / Unreachable Prospects,Low,Perform database cleanup and address validation before initiating any marketing spend.,0,0
Accoount 859,Prospect - Dormant / Address Missing,-1,Dormant / Unreachable Prospects,Low,Perform database cleanup and address validation before initiating any marketing spend.,0,0
Accoount 860,Prospect - High Potential,-1,High-Potential Market Prospects,High,Launch targeted marketing campaigns; prioritize sales team outreach to acquire new accounts.,0,0
Accoount 861,Prospect - Dormant / Address Missing,-1,Dormant / Unreachable Prospects,Low,Perform database cleanup and address validation before initiating any marketing spend.,0,0
Accoount 862,Prospect - Dormant / Address Missing,-1,Dormant / Unreachable Prospects,Low,Perform database cleanup and address validation before initiating any marketing spend.,0,0
Accoount 863,Prospect - High Potential,-1,High-Potential Market Prospects,High,Launch targeted marketing campaigns; prioritize sales team outreach to acquire new accounts.,0,0
Accoount 864,Prospect - Dormant / Address Missing,-1,Dormant / Unreachable Prospects,Low,Perform database cleanup and address validation before initiating any marketing spend.,0,0
Accoount 865,Prospect - Dormant / Address Missing,-1,Dormant / Unreachable Prospects,Low,Perform database cleanup and address validation before initiating any marketing spend.,0,0
Accoount 866,Prospect - Medium Potential,-1,Medium-Potential Local Prospects,Medium,Deploy digital marketing and automated newsletters; outreach during regional events.,0,0
Accoount 867,Prospect - Dormant / Address Missing,-1,Dormant / Unreachable Prospects,Low,Perform database cleanup and address validation before initiating any marketing spend.,0,0
Accoount 868,Prospect - Dormant / Address Missing,-1,Dormant / Unreachable Prospects,Low,Perform database cleanup and address validation before initiating any marketing spend.,0,0
Accoount 869,Prospect - Dormant / Address Missing,-1,Dormant / Unreachable Prospects,Low,Perform database cleanup and address validation before initiating any marketing spend.,0,0
Accoount 870,Prospect - High Potential,-1,High-Potential Market Prospects,High,Launch targeted marketing campaigns; prioritize sales team outreach to acquire new accounts.,0,0
Accoount 871,Prospect - Dormant / Address Missing,-1,Dormant / Unreachable Prospects,Low,Perform database cleanup and address validation before initiating any marketing spend.,0,0
Accoount 872,Active - Stable Core Accounts,0,Stable Core Accounts,Medium,Apply benefits bonanza loyalty programs; maintain relationship at low cost.,0,0
Accoount 873,Active - High-Value Growth Champions,1,High-Value Growth Champions,High,Deploy dedicated account managers; cross-sell early adopter products; aggressive upsell.,0,0
Accoount 874,Prospect - High Potential,-1,High-Potential Market Prospects,High,Launch targeted marketing campaigns; prioritize sales team outreach to acquire new accounts.,0,0
Accoount 875,Prospect - High Potential,-1,High-Potential Market Prospects,High,Launch targeted marketing campaigns; prioritize sales team outreach to acquire new accounts.,0,0
Accoount 876,Active - Stable Core Accounts,0,Stable Core Accounts,Medium,Apply benefits bonanza loyalty programs; maintain relationship at low cost.,0,0
Accoount 877,Active - High-Value Growth Champions,1,High-Value Growth Champions,High,Deploy dedicated account managers; cross-sell early adopter products; aggressive upsell.,0,0
Accoount 878,Active - Competitive Niche Accounts,2,Competitive Niche Accounts,Low,Defend competitively in major hubs; use cost-effective remote support; monitor competitor moves.,0,0
Accoount 879,Prospect - Dormant / Address Missing,-1,Dormant / Unreachable Prospects,Low,Perform database cleanup and address validation before initiating any marketing spend.,0,0
Accoount 880,Prospect - Dormant / Address Missing,-1,Dormant / Unreachable Prospects,Low,Perform database cleanup and address validation before initiating any marketing spend.,0,0
Accoount 881,Active - Competitive Niche Accounts,2,Competitive Niche Accounts,Low,Defend competitively in major hubs; use cost-effective remote support; monitor competitor moves.,0,0
Accoount 882,Prospect - High Potential,-1,High-Potential Market Prospects,High,Launch targeted marketing campaigns; prioritize sales team outreach to acquire new accounts.,0,0
Accoount 883,Active - High-Value Growth Champions,1,High-Value Growth Champions,High,Deploy dedicated account managers; cross-sell early adopter products; aggressive upsell.,0,0
Accoount 884,Prospect - High Potential,-1,High-Potential Market Prospects,High,Launch targeted marketing campaigns; prioritize sales team outreach to acquire new accounts.,0,0
Accoount 885,Active - Stable Core Accounts,0,Stable Core Accounts,Medium,Apply benefits bonanza loyalty programs; maintain relationship at low cost.,0,0
Accoount 886,Prospect - High Potential,-1,High-Potential Market Prospects,High,Launch targeted marketing campaigns; prioritize sales team outreach to acquire new accounts.,0,0
Accoount 887,Prospect - High Potential,-1,High-Potential Market Prospects,High,Launch targeted marketing campaigns; prioritize sales team outreach to acquire new accounts.,0,0
Accoount 888,Active - High-Value Growth Champions,1,High-Value Growth Champions,High,Deploy dedicated account managers; cross-sell early adopter products; aggressive upsell.,0,0
Accoount 889,Prospect - Medium Potential,-1,Medium-Potential Local Prospects,Medium,Deploy digital marketing and automated newsletters; outreach during regional events.,0,0
Accoount 890,Prospect - High Potential,-1,High-Potential Market Prospects,High,Launch targeted marketing campaigns; prioritize sales team outreach to acquire new accounts.,0,0
Accoount 891,Prospect - Medium Potential,-1,Medium-Potential Local Prospects,Medium,Deploy digital marketing and automated newsletters; outreach during regional events.,0,0
Accoount 892,Active - High-Value Growth Champions,1,High-Value Growth Champions,High,Deploy dedicated account managers; cross-sell early adopter products; aggressive upsell.,0,0
Accoount 893,Active - High-Value Growth Champions,1,High-Value Growth Champions,High,Deploy dedicated account managers; cross-sell early adopter products; aggressive upsell.,0,0
Accoount 894,Active - High-Value Growth Champions,1,High-Value Growth Champions,High,Deploy dedicated account managers; cross-sell early adopter products; aggressive upsell.,0,0
Accoount 895,Prospect - Medium Potential,-1,Medium-Potential Local Prospects,Medium,Deploy digital marketing and automated newsletters; outreach during regional events.,0,0
Accoount 896,Prospect - Dormant / Address Missing,-1,Dormant / Unreachable Prospects,Low,Perform database cleanup and address validation before initiating any marketing spend.,0,0
Accoount 897,Prospect - High Potential,-1,High-Potential Market Prospects,High,Launch targeted marketing campaigns; prioritize sales team outreach to acquire new accounts.,0,0
Accoount 898,Active - High-Value Growth Champions,1,High-Value Growth Champions,High,Deploy dedicated account managers; cross-sell early adopter products; aggressive upsell.,0,0
Accoount 899,Prospect - Medium Potential,-1,Medium-Potential Local Prospects,Medium,Deploy digital marketing and automated newsletters; outreach during regional events.,0,0
Accoount 900,Prospect - High Potential,-1,High-Potential Market Prospects,High,Launch targeted marketing campaigns; prioritize sales team outreach to acquire new accounts.,0,0
Accoount 901,Prospect - High Potential,-1,High-Potential Market Prospects,High,Launch targeted marketing campaigns; prioritize sales team outreach to acquire new accounts.,0,0
Accoount 902,Prospect - High Potential,-1,High-Potential Market Prospects,High,Launch targeted marketing campaigns; prioritize sales team outreach to acquire new accounts.,0,0
Accoount 903,Prospect - High Potential,-1,High-Potential Market Prospects,High,Launch targeted marketing campaigns; prioritize sales team outreach to acquire new accounts.,0,0
Accoount 904,Prospect - High Potential,-1,High-Potential Market Prospects,High,Launch targeted marketing campaigns; prioritize sales team outreach to acquire new accounts.,0,0
Accoount 905,Prospect - Medium Potential,-1,Medium-Potential Local Prospects,Medium,Deploy digital marketing and automated newsletters; outreach during regional events.,0,0
Accoount 906,Prospect - Medium Potential,-1,Medium-Potential Local Prospects,Medium,Deploy digital marketing and automated newsletters; outreach during regional events.,0,0
Accoount 907,Active - Under-Profiled Active Accounts,3,Under-Profiled Active Accounts,High,"Mandate sales team to visit casinos, audit machine counts, and enrich database profiles.",0,0
Accoount 908,Prospect - High Potential,-1,High-Potential Market Prospects,High,Launch targeted marketing campaigns; prioritize sales team outreach to acquire new accounts.,0,0
Accoount 909,Active - Stable Core Accounts,0,Stable Core Accounts,Medium,Apply benefits bonanza loyalty programs; maintain relationship at low cost.,0,0
Accoount 910,Active - Under-Profiled Active Accounts,3,Under-Profiled Active Accounts,High,"Mandate sales team to visit casinos, audit machine counts, and enrich database profiles.",0,0
Accoount 911,Active - Stable Core Accounts,0,Stable Core Accounts,Medium,Apply benefits bonanza loyalty programs; maintain relationship at low cost.,0,0
Accoount 912,Active - Stable Core Accounts,0,Stable Core Accounts,Medium,Apply benefits bonanza loyalty programs; maintain relationship at low cost.,0,0
Accoount 913,Active - Under-Profiled Active Accounts,3,Under-Profiled Active Accounts,High,"Mandate sales team to visit casinos, audit machine counts, and enrich database profiles.",0,0
Accoount 914,Prospect - Medium Potential,-1,Medium-Potential Local Prospects,Medium,Deploy digital marketing and automated newsletters; outreach during regional events.,0,0
Accoount 915,Active - Stable Core Accounts,0,Stable Core Accounts,Medium,Apply benefits bonanza loyalty programs; maintain relationship at low cost.,0,0
Accoount 916,Active - Competitive Niche Accounts,2,Competitive Niche Accounts,Low,Defend competitively in major hubs; use cost-effective remote support; monitor competitor moves.,1,1
Accoount 917,Active - High-Value Growth Champions,1,High-Value Growth Champions,High,Deploy dedicated account managers; cross-sell early adopter products; aggressive upsell.,0,0
Accoount 918,Active - Under-Profiled Active Accounts,3,Under-Profiled Active Accounts,High,"Mandate sales team to visit casinos, audit machine counts, and enrich database profiles.",0,1
Accoount 919,Active - Stable Core Accounts,0,Stable Core Accounts,Medium,Apply benefits bonanza loyalty programs; maintain relationship at low cost.,0,0
Accoount 920,Active - Stable Core Accounts,0,Stable Core Accounts,Medium,Apply benefits bonanza loyalty programs; maintain relationship at low cost.,0,0
Accoount 921,Active - Stable Core Accounts,0,Stable Core Accounts,Medium,Apply benefits bonanza loyalty programs; maintain relationship at low cost.,0,0
Accoount 922,Active - Stable Core Accounts,0,Stable Core Accounts,Medium,Apply benefits bonanza loyalty programs; maintain relationship at low cost.,0,0
Accoount 923,Active - Competitive Niche Accounts,2,Competitive Niche Accounts,Low,Defend competitively in major hubs; use cost-effective remote support; monitor competitor moves.,0,0
Accoount 924,Prospect - Medium Potential,-1,Medium-Potential Local Prospects,Medium,Deploy digital marketing and automated newsletters; outreach during regional events.,0,0
Accoount 925,Active - Stable Core Accounts,0,Stable Core Accounts,Medium,Apply benefits bonanza loyalty programs; maintain relationship at low cost.,0,0
Accoount 926,Active - Under-Profiled Active Accounts,3,Under-Profiled Active Accounts,High,"Mandate sales team to visit casinos, audit machine counts, and enrich database profiles.",0,0
Accoount 927,Active - Stable Core Accounts,0,Stable Core Accounts,Medium,Apply benefits bonanza loyalty programs; maintain relationship at low cost.,0,0
Accoount 928,Prospect - High Potential,-1,High-Potential Market Prospects,High,Launch targeted marketing campaigns; prioritize sales team outreach to acquire new accounts.,0,0
Accoount 929,Active - Stable Core Accounts,0,Stable Core Accounts,Medium,Apply benefits bonanza loyalty programs; maintain relationship at low cost.,0,0
Accoount 930,Prospect - Medium Potential,-1,Medium-Potential Local Prospects,Medium,Deploy digital marketing and automated newsletters; outreach during regional events.,0,0
Accoount 931,Active - Under-Profiled Active Accounts,3,Under-Profiled Active Accounts,High,"Mandate sales team to visit casinos, audit machine counts, and enrich database profiles.",0,0
Accoount 932,Active - Stable Core Accounts,0,Stable Core Accounts,Medium,Apply benefits bonanza loyalty programs; maintain relationship at low cost.,0,1
Accoount 933,Prospect - Medium Potential,-1,Medium-Potential Local Prospects,Medium,Deploy digital marketing and automated newsletters; outreach during regional events.,0,0
Accoount 934,Prospect - Medium Potential,-1,Medium-Potential Local Prospects,Medium,Deploy digital marketing and automated newsletters; outreach during regional events.,0,0
Accoount 935,Active - High-Value Growth Champions,1,High-Value Growth Champions,High,Deploy dedicated account managers; cross-sell early adopter products; aggressive upsell.,0,0
Accoount 936,Active - Competitive Niche Accounts,2,Competitive Niche Accounts,Low,Defend competitively in major hubs; use cost-effective remote support; monitor competitor moves.,1,0
Accoount 937,Prospect - High Potential,-1,High-Potential Market Prospects,High,Launch targeted marketing campaigns; prioritize sales team outreach to acquire new accounts.,0,0
Accoount 938,Prospect - High Potential,-1,High-Potential Market Prospects,High,Launch targeted marketing campaigns; prioritize sales team outreach to acquire new accounts.,0,0
Accoount 939,Prospect - High Potential,-1,High-Potential Market Prospects,High,Launch targeted marketing campaigns; prioritize sales team outreach to acquire new accounts.,0,0
Accoount 940,Active - Stable Core Accounts,0,Stable Core Accounts,Medium,Apply benefits bonanza loyalty programs; maintain relationship at low cost.,0,0
Accoount 941,Prospect - High Potential,-1,High-Potential Market Prospects,High,Launch targeted marketing campaigns; prioritize sales team outreach to acquire new accounts.,0,0
Accoount 942,Active - Stable Core Accounts,0,Stable Core Accounts,Medium,Apply benefits bonanza loyalty programs; maintain relationship at low cost.,0,0
Accoount 943,Active - Stable Core Accounts,0,Stable Core Accounts,Medium,Apply benefits bonanza loyalty programs; maintain relationship at low cost.,0,0
Accoount 944,Prospect - High Potential,-1,High-Potential Market Prospects,High,Launch targeted marketing campaigns; prioritize sales team outreach to acquire new accounts.,0,0
Accoount 945,Prospect - High Potential,-1,High-Potential Market Prospects,High,Launch targeted marketing campaigns; prioritize sales team outreach to acquire new accounts.,0,0
Accoount 946,Prospect - High Potential,-1,High-Potential Market Prospects,High,Launch targeted marketing campaigns; prioritize sales team outreach to acquire new accounts.,0,0
Accoount 947,Prospect - Medium Potential,-1,Medium-Potential Local Prospects,Medium,Deploy digital marketing and automated newsletters; outreach during regional events.,0,0
Accoount 948,Active - Stable Core Accounts,0,Stable Core Accounts,Medium,Apply benefits bonanza loyalty programs; maintain relationship at low cost.,0,0
Accoount 949,Active - Under-Profiled Active Accounts,3,Under-Profiled Active Accounts,High,"Mandate sales team to visit casinos, audit machine counts, and enrich database profiles.",0,0
Accoount 950,Active - Stable Core Accounts,0,Stable Core Accounts,Medium,Apply benefits bonanza loyalty programs; maintain relationship at low cost.,0,0
Accoount 951,Active - Stable Core Accounts,0,Stable Core Accounts,Medium,Apply benefits bonanza loyalty programs; maintain relationship at low cost.,0,0
Accoount 952,Active - Stable Core Accounts,0,Stable Core Accounts,Medium,Apply benefits bonanza loyalty programs; maintain relationship at low cost.,0,0
Accoount 953,Active - Competitive Niche Accounts,2,Competitive Niche Accounts,Low,Defend competitively in major hubs; use cost-effective remote support; monitor competitor moves.,1,0
Accoount 954,Active - Competitive Niche Accounts,2,Competitive Niche Accounts,Low,Defend competitively in major hubs; use cost-effective remote support; monitor competitor moves.,0,0
Accoount 955,Prospect - High Potential,-1,High-Potential Market Prospects,High,Launch targeted marketing campaigns; prioritize sales team outreach to acquire new accounts.,0,0
Accoount 956,Active - Competitive Niche Accounts,2,Competitive Niche Accounts,Low,Defend competitively in major hubs; use cost-effective remote support; monitor competitor moves.,1,0
Accoount 957,Prospect - Dormant / Address Missing,-1,Dormant / Unreachable Prospects,Low,Perform database cleanup and address validation before initiating any marketing spend.,0,0
Accoount 958,Prospect - Dormant / Address Missing,-1,Dormant / Unreachable Prospects,Low,Perform database cleanup and address validation before initiating any marketing spend.,0,0
Accoount 959,Prospect - Dormant / Address Missing,-1,Dormant / Unreachable Prospects,Low,Perform database cleanup and address validation before initiating any marketing spend.,0,0
Accoount 960,Prospect - Dormant / Address Missing,-1,Dormant / Unreachable Prospects,Low,Perform database cleanup and address validation before initiating any marketing spend.,0,0
Accoount 961,Prospect - Dormant / Address Missing,-1,Dormant / Unreachable Prospects,Low,Perform database cleanup and address validation before initiating any marketing spend.,0,0
Accoount 962,Prospect - Dormant / Address Missing,-1,Dormant / Unreachable Prospects,Low,Perform database cleanup and address validation before initiating any marketing spend.,0,0
Accoount 963,Prospect - Dormant / Address Missing,-1,Dormant / Unreachable Prospects,Low,Perform database cleanup and address validation before initiating any marketing spend.,0,0
Accoount 964,Prospect - Medium Potential,-1,Medium-Potential Local Prospects,Medium,Deploy digital marketing and automated newsletters; outreach during regional events.,0,0
Accoount 965,Prospect - Medium Potential,-1,Medium-Potential Local Prospects,Medium,Deploy digital marketing and automated newsletters; outreach during regional events.,0,0
Accoount 966,Prospect - Dormant / Address Missing,-1,Dormant / Unreachable Prospects,Low,Perform database cleanup and address validation before initiating any marketing spend.,0,0
Accoount 967,Prospect - Dormant / Address Missing,-1,Dormant / Unreachable Prospects,Low,Perform database cleanup and address validation before initiating any marketing spend.,0,0
Accoount 968,Prospect - Dormant / Address Missing,-1,Dormant / Unreachable Prospects,Low,Perform database cleanup and address validation before initiating any marketing spend.,0,0
Accoount 969,Active - High-Value Growth Champions,1,High-Value Growth Champions,High,Deploy dedicated account managers; cross-sell early adopter products; aggressive upsell.,0,0
Accoount 970,Prospect - Medium Potential,-1,Medium-Potential Local Prospects,Medium,Deploy digital marketing and automated newsletters; outreach during regional events.,0,0
Accoount 971,Prospect - Medium Potential,-1,Medium-Potential Local Prospects,Medium,Deploy digital marketing and automated newsletters; outreach during regional events.,0,0
Accoount 972,Prospect - Dormant / Address Missing,-1,Dormant / Unreachable Prospects,Low,Perform database cleanup and address validation before initiating any marketing spend.,0,0
Accoount 973,Active - High-Value Growth Champions,1,High-Value Growth Champions,High,Deploy dedicated account managers; cross-sell early adopter products; aggressive upsell.,0,0
Accoount 974,Prospect - Dormant / Address Missing,-1,Dormant / Unreachable Prospects,Low,Perform database cleanup and address validation before initiating any marketing spend.,0,0
Accoount 975,Prospect - Medium Potential,-1,Medium-Potential Local Prospects,Medium,Deploy digital marketing and automated newsletters; outreach during regional events.,0,0
Accoount 976,Prospect - High Potential,-1,High-Potential Market Prospects,High,Launch targeted marketing campaigns; prioritize sales team outreach to acquire new accounts.,0,0
Accoount 977,Prospect - High Potential,-1,High-Potential Market Prospects,High,Launch targeted marketing campaigns; prioritize sales team outreach to acquire new accounts.,0,0
Accoount 978,Prospect - High Potential,-1,High-Potential Market Prospects,High,Launch targeted marketing campaigns; prioritize sales team outreach to acquire new accounts.,0,0
Accoount 979,Prospect - High Potential,-1,High-Potential Market Prospects,High,Launch targeted marketing campaigns; prioritize sales team outreach to acquire new accounts.,0,0
Accoount 980,Active - Under-Profiled Active Accounts,3,Under-Profiled Active Accounts,High,"Mandate sales team to visit casinos, audit machine counts, and enrich database profiles.",0,0
Accoount 981,Prospect - High Potential,-1,High-Potential Market Prospects,High,Launch targeted marketing campaigns; prioritize sales team outreach to acquire new accounts.,0,0
Accoount 982,Active - High-Value Growth Champions,1,High-Value Growth Champions,High,Deploy dedicated account managers; cross-sell early adopter products; aggressive upsell.,0,0
Accoount 983,Active - High-Value Growth Champions,1,High-Value Growth Champions,High,Deploy dedicated account managers; cross-sell early adopter products; aggressive upsell.,0,0
Accoount 984,Active - High-Value Growth Champions,1,High-Value Growth Champions,High,Deploy dedicated account managers; cross-sell early adopter products; aggressive upsell.,0,0
Accoount 985,Active - High-Value Growth Champions,1,High-Value Growth Champions,High,Deploy dedicated account managers; cross-sell early adopter products; aggressive upsell.,0,0
Accoount 986,Active - High-Value Growth Champions,1,High-Value Growth Champions,High,Deploy dedicated account managers; cross-sell early adopter products; aggressive upsell.,0,0
Accoount 987,Prospect - High Potential,-1,High-Potential Market Prospects,High,Launch targeted marketing campaigns; prioritize sales team outreach to acquire new accounts.,0,0
Accoount 988,Prospect - High Potential,-1,High-Potential Market Prospects,High,Launch targeted marketing campaigns; prioritize sales team outreach to acquire new accounts.,0,0
Accoount 989,Active - High-Value Growth Champions,1,High-Value Growth Champions,High,Deploy dedicated account managers; cross-sell early adopter products; aggressive upsell.,0,0
Accoount 990,Prospect - High Potential,-1,High-Potential Market Prospects,High,Launch targeted marketing campaigns; prioritize sales team outreach to acquire new accounts.,0,0
Accoount 991,Prospect - High Potential,-1,High-Potential Market Prospects,High,Launch targeted marketing campaigns; prioritize sales team outreach to acquire new accounts.,0,0
Accoount 992,Active - High-Value Growth Champions,1,High-Value Growth Champions,High,Deploy dedicated account managers; cross-sell early adopter products; aggressive upsell.,0,0
Accoount 993,Prospect - High Potential,-1,High-Potential Market Prospects,High,Launch targeted marketing campaigns; prioritize sales team outreach to acquire new accounts.,0,0
Accoount 994,Prospect - High Potential,-1,High-Potential Market Prospects,High,Launch targeted marketing campaigns; prioritize sales team outreach to acquire new accounts.,0,0
Accoount 995,Prospect - Medium Potential,-1,Medium-Potential Local Prospects,Medium,Deploy digital marketing and automated newsletters; outreach during regional events.,0,0
Accoount 996,Prospect - High Potential,-1,High-Potential Market Prospects,High,Launch targeted marketing campaigns; prioritize sales team outreach to acquire new accounts.,0,0
Accoount 997,Prospect - High Potential,-1,High-Potential Market Prospects,High,Launch targeted marketing campaigns; prioritize sales team outreach to acquire new accounts.,0,0
Accoount 998,Prospect - High Potential,-1,High-Potential Market Prospects,High,Launch targeted marketing campaigns; prioritize sales team outreach to acquire new accounts.,0,0
Accoount 999,Prospect - High Potential,-1,High-Potential Market Prospects,High,Launch targeted marketing campaigns; prioritize sales team outreach to acquire new accounts.,0,0
Accoount 1000,Prospect - Medium Potential,-1,Medium-Potential Local Prospects,Medium,Deploy digital marketing and automated newsletters; outreach during regional events.,0,0
Accoount 1001,Prospect - Medium Potential,-1,Medium-Potential Local Prospects,Medium,Deploy digital marketing and automated newsletters; outreach during regional events.,0,0
Accoount 1002,Active - Stable Core Accounts,0,Stable Core Accounts,Medium,Apply benefits bonanza loyalty programs; maintain relationship at low cost.,0,0
Accoount 1003,Active - Under-Profiled Active Accounts,3,Under-Profiled Active Accounts,High,"Mandate sales team to visit casinos, audit machine counts, and enrich database profiles.",0,0
Accoount 1004,Active - Under-Profiled Active Accounts,3,Under-Profiled Active Accounts,High,"Mandate sales team to visit casinos, audit machine counts, and enrich database profiles.",0,0
Accoount 1005,Active - High-Value Growth Champions,1,High-Value Growth Champions,High,Deploy dedicated account managers; cross-sell early adopter products; aggressive upsell.,0,0
Accoount 1006,Active - Under-Profiled Active Accounts,3,Under-Profiled Active Accounts,High,"Mandate sales team to visit casinos, audit machine counts, and enrich database profiles.",0,0
Accoount 1007,Active - Competitive Niche Accounts,2,Competitive Niche Accounts,Low,Defend competitively in major hubs; use cost-effective remote support; monitor competitor moves.,0,0
Accoount 1008,Active - High-Value Growth Champions,1,High-Value Growth Champions,High,Deploy dedicated account managers; cross-sell early adopter products; aggressive upsell.,0,0
Accoount 1009,Active - Stable Core Accounts,0,Stable Core Accounts,Medium,Apply benefits bonanza loyalty programs; maintain relationship at low cost.,0,0
Accoount 1010,Active - Stable Core Accounts,0,Stable Core Accounts,Medium,Apply benefits bonanza loyalty programs; maintain relationship at low cost.,0,0
Accoount 1011,Active - Stable Core Accounts,0,Stable Core Accounts,Medium,Apply benefits bonanza loyalty programs; maintain relationship at low cost.,0,0
Accoount 1012,Prospect - Medium Potential,-1,Medium-Potential Local Prospects,Medium,Deploy digital marketing and automated newsletters; outreach during regional events.,0,0
Accoount 1013,Active - Stable Core Accounts,0,Stable Core Accounts,Medium,Apply benefits bonanza loyalty programs; maintain relationship at low cost.,0,0
Accoount 1014,Active - Under-Profiled Active Accounts,3,Under-Profiled Active Accounts,High,"Mandate sales team to visit casinos, audit machine counts, and enrich database profiles.",0,0
Accoount 1015,Active - Under-Profiled Active Accounts,3,Under-Profiled Active Accounts,High,"Mandate sales team to visit casinos, audit machine counts, and enrich database profiles.",0,0
Accoount 1016,Active - Stable Core Accounts,0,Stable Core Accounts,Medium,Apply benefits bonanza loyalty programs; maintain relationship at low cost.,0,0
Accoount 1017,Active - Under-Profiled Active Accounts,3,Under-Profiled Active Accounts,High,"Mandate sales team to visit casinos, audit machine counts, and enrich database profiles.",0,0
Accoount 1018,Active - Under-Profiled Active Accounts,3,Under-Profiled Active Accounts,High,"Mandate sales team to visit casinos, audit machine counts, and enrich database profiles.",0,0
Accoount 1019,Active - Stable Core Accounts,0,Stable Core Accounts,Medium,Apply benefits bonanza loyalty programs; maintain relationship at low cost.,0,0
Accoount 1020,Active - Stable Core Accounts,0,Stable Core Accounts,Medium,Apply benefits bonanza loyalty programs; maintain relationship at low cost.,0,0
Accoount 1021,Active - Under-Profiled Active Accounts,3,Under-Profiled Active Accounts,High,"Mandate sales team to visit casinos, audit machine counts, and enrich database profiles.",0,0
Accoount 1022,Active - Stable Core Accounts,0,Stable Core Accounts,Medium,Apply benefits bonanza loyalty programs; maintain relationship at low cost.,0,0
Accoount 1023,Prospect - Medium Potential,-1,Medium-Potential Local Prospects,Medium,Deploy digital marketing and automated newsletters; outreach during regional events.,0,0
Accoount 1024,Active - Stable Core Accounts,0,Stable Core Accounts,Medium,Apply benefits bonanza loyalty programs; maintain relationship at low cost.,0,0
Accoount 1025,Active - Competitive Niche Accounts,2,Competitive Niche Accounts,Low,Defend competitively in major hubs; use cost-effective remote support; monitor competitor moves.,0,0
Accoount 1026,Active - Stable Core Accounts,0,Stable Core Accounts,Medium,Apply benefits bonanza loyalty programs; maintain relationship at low cost.,0,0
Accoount 1027,Active - Under-Profiled Active Accounts,3,Under-Profiled Active Accounts,High,"Mandate sales team to visit casinos, audit machine counts, and enrich database profiles.",0,0
Accoount 1028,Active - Competitive Niche Accounts,2,Competitive Niche Accounts,Low,Defend competitively in major hubs; use cost-effective remote support; monitor competitor moves.,0,0
Accoount 1029,Active - Competitive Niche Accounts,2,Competitive Niche Accounts,Low,Defend competitively in major hubs; use cost-effective remote support; monitor competitor moves.,0,0
Accoount 1030,Prospect - Medium Potential,-1,Medium-Potential Local Prospects,Medium,Deploy digital marketing and automated newsletters; outreach during regional events.,0,0
Accoount 1031,Active - Under-Profiled Active Accounts,3,Under-Profiled Active Accounts,High,"Mandate sales team to visit casinos, audit machine counts, and enrich database profiles.",0,0
Accoount 1032,Prospect - Medium Potential,-1,Medium-Potential Local Prospects,Medium,Deploy digital marketing and automated newsletters; outreach during regional events.,0,0
Accoount 1033,Prospect - High Potential,-1,High-Potential Market Prospects,High,Launch targeted marketing campaigns; prioritize sales team outreach to acquire new accounts.,0,0
Accoount 1034,Prospect - High Potential,-1,High-Potential Market Prospects,High,Launch targeted marketing campaigns; prioritize sales team outreach to acquire new accounts.,0,0
Accoount 1035,Active - Stable Core Accounts,0,Stable Core Accounts,Medium,Apply benefits bonanza loyalty programs; maintain relationship at low cost.,0,0
Accoount 1036,Prospect - Medium Potential,-1,Medium-Potential Local Prospects,Medium,Deploy digital marketing and automated newsletters; outreach during regional events.,0,0
Accoount 1037,Active - High-Value Growth Champions,1,High-Value Growth Champions,High,Deploy dedicated account managers; cross-sell early adopter products; aggressive upsell.,0,0
Accoount 1038,Active - Stable Core Accounts,0,Stable Core Accounts,Medium,Apply benefits bonanza loyalty programs; maintain relationship at low cost.,0,0
Accoount 1039,Prospect - High Potential,-1,High-Potential Market Prospects,High,Launch targeted marketing campaigns; prioritize sales team outreach to acquire new accounts.,0,0
Accoount 1040,Prospect - High Potential,-1,High-Potential Market Prospects,High,Launch targeted marketing campaigns; prioritize sales team outreach to acquire new accounts.,0,0
Accoount 1041,Active - Stable Core Accounts,0,Stable Core Accounts,Medium,Apply benefits bonanza loyalty programs; maintain relationship at low cost.,0,0
Accoount 1042,Prospect - High Potential,-1,High-Potential Market Prospects,High,Launch targeted marketing campaigns; prioritize sales team outreach to acquire new accounts.,0,0
Accoount 1043,Prospect - High Potential,-1,High-Potential Market Prospects,High,Launch targeted marketing campaigns; prioritize sales team outreach to acquire new accounts.,0,0
Accoount 1044,Active - Stable Core Accounts,0,Stable Core Accounts,Medium,Apply benefits bonanza loyalty programs; maintain relationship at low cost.,0,0
Accoount 1045,Active - High-Value Growth Champions,1,High-Value Growth Champions,High,Deploy dedicated account managers; cross-sell early adopter products; aggressive upsell.,0,0
Accoount 1046,Prospect - Medium Potential,-1,Medium-Potential Local Prospects,Medium,Deploy digital marketing and automated newsletters; outreach during regional events.,0,0
Accoount 1047,Active - Under-Profiled Active Accounts,3,Under-Profiled Active Accounts,High,"Mandate sales team to visit casinos, audit machine counts, and enrich database profiles.",0,0
Accoount 1048,Active - Stable Core Accounts,0,Stable Core Accounts,Medium,Apply benefits bonanza loyalty programs; maintain relationship at low cost.,0,0
Accoount 1049,Active - Stable Core Accounts,0,Stable Core Accounts,Medium,Apply benefits bonanza loyalty programs; maintain relationship at low cost.,0,0
Accoount 1050,Active - Under-Profiled Active Accounts,3,Under-Profiled Active Accounts,High,"Mandate sales team to visit casinos, audit machine counts, and enrich database profiles.",0,0
Accoount 1051,Active - Stable Core Accounts,0,Stable Core Accounts,Medium,Apply benefits bonanza loyalty programs; maintain relationship at low cost.,0,0
Accoount 1052,Prospect - High Potential,-1,High-Potential Market Prospects,High,Launch targeted marketing campaigns; prioritize sales team outreach to acquire new accounts.,0,0
Accoount 1053,Prospect - Medium Potential,-1,Medium-Potential Local Prospects,Medium,Deploy digital marketing and automated newsletters; outreach during regional events.,0,0
Accoount 1054,Prospect - Dormant / Address Missing,-1,Dormant / Unreachable Prospects,Low,Perform database cleanup and address validation before initiating any marketing spend.,0,0
Accoount 1055,Prospect - Dormant / Address Missing,-1,Dormant / Unreachable Prospects,Low,Perform database cleanup and address validation before initiating any marketing spend.,0,0
Accoount 1056,Prospect - Dormant / Address Missing,-1,Dormant / Unreachable Prospects,Low,Perform database cleanup and address validation before initiating any marketing spend.,0,0
Accoount 1057,Prospect - Dormant / Address Missing,-1,Dormant / Unreachable Prospects,Low,Perform database cleanup and address validation before initiating any marketing spend.,0,0
Accoount 1058,Prospect - Medium Potential,-1,Medium-Potential Local Prospects,Medium,Deploy digital marketing and automated newsletters; outreach during regional events.,0,0
Accoount 1059,Prospect - Dormant / Address Missing,-1,Dormant / Unreachable Prospects,Low,Perform database cleanup and address validation before initiating any marketing spend.,0,0
Accoount 1060,Prospect - Dormant / Address Missing,-1,Dormant / Unreachable Prospects,Low,Perform database cleanup and address validation before initiating any marketing spend.,0,0
Accoount 1061,Prospect - Dormant / Address Missing,-1,Dormant / Unreachable Prospects,Low,Perform database cleanup and address validation before initiating any marketing spend.,0,0
Accoount 1062,Prospect - Dormant / Address Missing,-1,Dormant / Unreachable Prospects,Low,Perform database cleanup and address validation before initiating any marketing spend.,0,0
Accoount 1063,Prospect - Dormant / Address Missing,-1,Dormant / Unreachable Prospects,Low,Perform database cleanup and address validation before initiating any marketing spend.,0,0
Accoount 1064,Prospect - High Potential,-1,High-Potential Market Prospects,High,Launch targeted marketing campaigns; prioritize sales team outreach to acquire new accounts.,0,0
Accoount 1065,Active - Stable Core Accounts,0,Stable Core Accounts,Medium,Apply benefits bonanza loyalty programs; maintain relationship at low cost.,0,0
Accoount 1066,Active - High-Value Growth Champions,1,High-Value Growth Champions,High,Deploy dedicated account managers; cross-sell early adopter products; aggressive upsell.,0,0
Accoount 1067,Active - Stable Core Accounts,0,Stable Core Accounts,Medium,Apply benefits bonanza loyalty programs; maintain relationship at low cost.,0,0
Accoount 1068,Active - Under-Profiled Active Accounts,3,Under-Profiled Active Accounts,High,"Mandate sales team to visit casinos, audit machine counts, and enrich database profiles.",0,0
Accoount 1069,Prospect - High Potential,-1,High-Potential Market Prospects,High,Launch targeted marketing campaigns; prioritize sales team outreach to acquire new accounts.,0,0
Accoount 1070,Prospect - Medium Potential,-1,Medium-Potential Local Prospects,Medium,Deploy digital marketing and automated newsletters; outreach during regional events.,0,0
Accoount 1071,Prospect - Dormant / Address Missing,-1,Dormant / Unreachable Prospects,Low,Perform database cleanup and address validation before initiating any marketing spend.,0,0
Accoount 1072,Prospect - Dormant / Address Missing,-1,Dormant / Unreachable Prospects,Low,Perform database cleanup and address validation before initiating any marketing spend.,0,0
Accoount 1073,Prospect - Medium Potential,-1,Medium-Potential Local Prospects,Medium,Deploy digital marketing and automated newsletters; outreach during regional events.,0,0
Accoount 1074,Prospect - Medium Potential,-1,Medium-Potential Local Prospects,Medium,Deploy digital marketing and automated newsletters; outreach during regional events.,0,0
Accoount 1075,Prospect - Medium Potential,-1,Medium-Potential Local Prospects,Medium,Deploy digital marketing and automated newsletters; outreach during regional events.,0,0
Accoount 1076,Prospect - Medium Potential,-1,Medium-Potential Local Prospects,Medium,Deploy digital marketing and automated newsletters; outreach during regional events.,0,0
Accoount 1077,Prospect - Dormant / Address Missing,-1,Dormant / Unreachable Prospects,Low,Perform database cleanup and address validation before initiating any marketing spend.,0,0
Accoount 1078,Active - Stable Core Accounts,0,Stable Core Accounts,Medium,Apply benefits bonanza loyalty programs; maintain relationship at low cost.,0,0
Accoount 1079,Active - High-Value Growth Champions,1,High-Value Growth Champions,High,Deploy dedicated account managers; cross-sell early adopter products; aggressive upsell.,0,0
Accoount 1080,Prospect - High Potential,-1,High-Potential Market Prospects,High,Launch targeted marketing campaigns; prioritize sales team outreach to acquire new accounts.,0,0
Accoount 1081,Active - High-Value Growth Champions,1,High-Value Growth Champions,High,Deploy dedicated account managers; cross-sell early adopter products; aggressive upsell.,0,0
Accoount 1082,Active - High-Value Growth Champions,1,High-Value Growth Champions,High,Deploy dedicated account managers; cross-sell early adopter products; aggressive upsell.,0,0
Accoount 1083,Active - High-Value Growth Champions,1,High-Value Growth Champions,High,Deploy dedicated account managers; cross-sell early adopter products; aggressive upsell.,0,0
Accoount 1084,Prospect - High Potential,-1,High-Potential Market Prospects,High,Launch targeted marketing campaigns; prioritize sales team outreach to acquire new accounts.,0,0
Accoount 1085,Active - High-Value Growth Champions,1,High-Value Growth Champions,High,Deploy dedicated account managers; cross-sell early adopter products; aggressive upsell.,0,0
Accoount 1086,Active - High-Value Growth Champions,1,High-Value Growth Champions,High,Deploy dedicated account managers; cross-sell early adopter products; aggressive upsell.,0,0
Accoount 1087,Prospect - Medium Potential,-1,Medium-Potential Local Prospects,Medium,Deploy digital marketing and automated newsletters; outreach during regional events.,0,0
Accoount 1088,Prospect - High Potential,-1,High-Potential Market Prospects,High,Launch targeted marketing campaigns; prioritize sales team outreach to acquire new accounts.,0,0
Accoount 1089,Prospect - High Potential,-1,High-Potential Market Prospects,High,Launch targeted marketing campaigns; prioritize sales team outreach to acquire new accounts.,0,0
Accoount 1090,Prospect - High Potential,-1,High-Potential Market Prospects,High,Launch targeted marketing campaigns; prioritize sales team outreach to acquire new accounts.,0,0
Accoount 1091,Prospect - High Potential,-1,High-Potential Market Prospects,High,Launch targeted marketing campaigns; prioritize sales team outreach to acquire new accounts.,0,0
Accoount 1092,Prospect - High Potential,-1,High-Potential Market Prospects,High,Launch targeted marketing campaigns; prioritize sales team outreach to acquire new accounts.,0,0
Accoount 1093,Prospect - Medium Potential,-1,Medium-Potential Local Prospects,Medium,Deploy digital marketing and automated newsletters; outreach during regional events.,0,0
Accoount 1094,Prospect - Medium Potential,-1,Medium-Potential Local Prospects,Medium,Deploy digital marketing and automated newsletters; outreach during regional events.,0,0
Accoount 1095,Prospect - High Potential,-1,High-Potential Market Prospects,High,Launch targeted marketing campaigns; prioritize sales team outreach to acquire new accounts.,0,0
Accoount 1096,Prospect - High Potential,-1,High-Potential Market Prospects,High,Launch targeted marketing campaigns; prioritize sales team outreach to acquire new accounts.,0,0
Accoount 1097,Prospect - High Potential,-1,High-Potential Market Prospects,High,Launch targeted marketing campaigns; prioritize sales team outreach to acquire new accounts.,0,0
Accoount 1098,Prospect - High Potential,-1,High-Potential Market Prospects,High,Launch targeted marketing campaigns; prioritize sales team outreach to acquire new accounts.,0,0
Accoount 1099,Active - Under-Profiled Active Accounts,3,Under-Profiled Active Accounts,High,"Mandate sales team to visit casinos, audit machine counts, and enrich database profiles.",0,0
Accoount 1100,Active - Stable Core Accounts,0,Stable Core Accounts,Medium,Apply benefits bonanza loyalty programs; maintain relationship at low cost.,0,0
Accoount 1101,Active - Under-Profiled Active Accounts,3,Under-Profiled Active Accounts,High,"Mandate sales team to visit casinos, audit machine counts, and enrich database profiles.",0,0
Accoount 1102,Active - Under-Profiled Active Accounts,3,Under-Profiled Active Accounts,High,"Mandate sales team to visit casinos, audit machine counts, and enrich database profiles.",0,0
Accoount 1103,Active - Stable Core Accounts,0,Stable Core Accounts,Medium,Apply benefits bonanza loyalty programs; maintain relationship at low cost.,0,0
Accoount 1104,Active - Competitive Niche Accounts,2,Competitive Niche Accounts,Low,Defend competitively in major hubs; use cost-effective remote support; monitor competitor moves.,0,0
Accoount 1105,Active - Stable Core Accounts,0,Stable Core Accounts,Medium,Apply benefits bonanza loyalty programs; maintain relationship at low cost.,0,0
Accoount 1106,Active - Stable Core Accounts,0,Stable Core Accounts,Medium,Apply benefits bonanza loyalty programs; maintain relationship at low cost.,0,0
Accoount 1107,Active - Stable Core Accounts,0,Stable Core Accounts,Medium,Apply benefits bonanza loyalty programs; maintain relationship at low cost.,0,1
Accoount 1108,Active - Under-Profiled Active Accounts,3,Under-Profiled Active Accounts,High,"Mandate sales team to visit casinos, audit machine counts, and enrich database profiles.",0,0
Accoount 1109,Active - Stable Core Accounts,0,Stable Core Accounts,Medium,Apply benefits bonanza loyalty programs; maintain relationship at low cost.,0,0
Accoount 1110,Active - Competitive Niche Accounts,2,Competitive Niche Accounts,Low,Defend competitively in major hubs; use cost-effective remote support; monitor competitor moves.,0,0
Accoount 1111,Active - Under-Profiled Active Accounts,3,Under-Profiled Active Accounts,High,"Mandate sales team to visit casinos, audit machine counts, and enrich database profiles.",0,1
Accoount 1112,Active - Stable Core Accounts,0,Stable Core Accounts,Medium,Apply benefits bonanza loyalty programs; maintain relationship at low cost.,0,0
Accoount 1113,Active - Under-Profiled Active Accounts,3,Under-Profiled Active Accounts,High,"Mandate sales team to visit casinos, audit machine counts, and enrich database profiles.",0,0
Accoount 1114,Active - Under-Profiled Active Accounts,3,Under-Profiled Active Accounts,High,"Mandate sales team to visit casinos, audit machine counts, and enrich database profiles.",0,0
Accoount 1115,Active - High-Value Growth Champions,1,High-Value Growth Champions,High,Deploy dedicated account managers; cross-sell early adopter products; aggressive upsell.,1,0
Accoount 1116,Active - Under-Profiled Active Accounts,3,Under-Profiled Active Accounts,High,"Mandate sales team to visit casinos, audit machine counts, and enrich database profiles.",0,0
Accoount 1117,Active - Stable Core Accounts,0,Stable Core Accounts,Medium,Apply benefits bonanza loyalty programs; maintain relationship at low cost.,0,0
Accoount 1118,Active - Stable Core Accounts,0,Stable Core Accounts,Medium,Apply benefits bonanza loyalty programs; maintain relationship at low cost.,0,0
Accoount 1119,Prospect - Medium Potential,-1,Medium-Potential Local Prospects,Medium,Deploy digital marketing and automated newsletters; outreach during regional events.,0,0
Accoount 1120,Active - Stable Core Accounts,0,Stable Core Accounts,Medium,Apply benefits bonanza loyalty programs; maintain relationship at low cost.,0,0
Accoount 1121,Active - Under-Profiled Active Accounts,3,Under-Profiled Active Accounts,High,"Mandate sales team to visit casinos, audit machine counts, and enrich database profiles.",0,0
Accoount 1122,Active - Under-Profiled Active Accounts,3,Under-Profiled Active Accounts,High,"Mandate sales team to visit casinos, audit machine counts, and enrich database profiles.",0,0
Accoount 1123,Active - High-Value Growth Champions,1,High-Value Growth Champions,High,Deploy dedicated account managers; cross-sell early adopter products; aggressive upsell.,0,0
Accoount 1124,Prospect - High Potential,-1,High-Potential Market Prospects,High,Launch targeted marketing campaigns; prioritize sales team outreach to acquire new accounts.,0,0
Accoount 1125,Active - Stable Core Accounts,0,Stable Core Accounts,Medium,Apply benefits bonanza loyalty programs; maintain relationship at low cost.,0,0
Accoount 1126,Active - Stable Core Accounts,0,Stable Core Accounts,Medium,Apply benefits bonanza loyalty programs; maintain relationship at low cost.,0,0
Accoount 1127,Prospect - Medium Potential,-1,Medium-Potential Local Prospects,Medium,Deploy digital marketing and automated newsletters; outreach during regional events.,0,0
Accoount 1128,Active - Under-Profiled Active Accounts,3,Under-Profiled Active Accounts,High,"Mandate sales team to visit casinos, audit machine counts, and enrich database profiles.",0,0
Accoount 1129,Prospect - Medium Potential,-1,Medium-Potential Local Prospects,Medium,Deploy digital marketing and automated newsletters; outreach during regional events.,0,0
Accoount 1130,Prospect - High Potential,-1,High-Potential Market Prospects,High,Launch targeted marketing campaigns; prioritize sales team outreach to acquire new accounts.,0,0
Accoount 1131,Active - High-Value Growth Champions,1,High-Value Growth Champions,High,Deploy dedicated account managers; cross-sell early adopter products; aggressive upsell.,0,0
Accoount 1132,Active - High-Value Growth Champions,1,High-Value Growth Champions,High,Deploy dedicated account managers; cross-sell early adopter products; aggressive upsell.,0,0
Accoount 1133,Prospect - High Potential,-1,High-Potential Market Prospects,High,Launch targeted marketing campaigns; prioritize sales team outreach to acquire new accounts.,0,0
Accoount 1134,Prospect - High Potential,-1,High-Potential Market Prospects,High,Launch targeted marketing campaigns; prioritize sales team outreach to acquire new accounts.,0,0
Accoount 1135,Prospect - Medium Potential,-1,Medium-Potential Local Prospects,Medium,Deploy digital marketing and automated newsletters; outreach during regional events.,0,0
Accoount 1136,Active - Competitive Niche Accounts,2,Competitive Niche Accounts,Low,Defend competitively in major hubs; use cost-effective remote support; monitor competitor moves.,0,0
Accoount 1137,Prospect - Medium Potential,-1,Medium-Potential Local Prospects,Medium,Deploy digital marketing and automated newsletters; outreach during regional events.,0,0
Accoount 1138,Active - Competitive Niche Accounts,2,Competitive Niche Accounts,Low,Defend competitively in major hubs; use cost-effective remote support; monitor competitor moves.,0,0
Accoount 1139,Active - Stable Core Accounts,0,Stable Core Accounts,Medium,Apply benefits bonanza loyalty programs; maintain relationship at low cost.,0,0
Accoount 1140,Prospect - High Potential,-1,High-Potential Market Prospects,High,Launch targeted marketing campaigns; prioritize sales team outreach to acquire new accounts.,0,0
Accoount 1141,Active - High-Value Growth Champions,1,High-Value Growth Champions,High,Deploy dedicated account managers; cross-sell early adopter products; aggressive upsell.,0,0
Accoount 1142,Active - Stable Core Accounts,0,Stable Core Accounts,Medium,Apply benefits bonanza loyalty programs; maintain relationship at low cost.,0,0
Accoount 1143,Prospect - Medium Potential,-1,Medium-Potential Local Prospects,Medium,Deploy digital marketing and automated newsletters; outreach during regional events.,0,0
Accoount 1144,Prospect - High Potential,-1,High-Potential Market Prospects,High,Launch targeted marketing campaigns; prioritize sales team outreach to acquire new accounts.,0,0
Accoount 1145,Active - Under-Profiled Active Accounts,3,Under-Profiled Active Accounts,High,"Mandate sales team to visit casinos, audit machine counts, and enrich database profiles.",0,1
Accoount 1146,Active - Competitive Niche Accounts,2,Competitive Niche Accounts,Low,Defend competitively in major hubs; use cost-effective remote support; monitor competitor moves.,0,0
Accoount 1147,Active - Stable Core Accounts,0,Stable Core Accounts,Medium,Apply benefits bonanza loyalty programs; maintain relationship at low cost.,0,0
Accoount 1148,Active - Stable Core Accounts,0,Stable Core Accounts,Medium,Apply benefits bonanza loyalty programs; maintain relationship at low cost.,0,0
Accoount 1149,Active - Stable Core Accounts,0,Stable Core Accounts,Medium,Apply benefits bonanza loyalty programs; maintain relationship at low cost.,0,0
Accoount 1150,Prospect - Dormant / Address Missing,-1,Dormant / Unreachable Prospects,Low,Perform database cleanup and address validation before initiating any marketing spend.,0,0
Accoount 1151,Active - High-Value Growth Champions,1,High-Value Growth Champions,High,Deploy dedicated account managers; cross-sell early adopter products; aggressive upsell.,1,0
Accoount 1152,Prospect - Dormant / Address Missing,-1,Dormant / Unreachable Prospects,Low,Perform database cleanup and address validation before initiating any marketing spend.,0,0
Accoount 1153,Prospect - High Potential,-1,High-Potential Market Prospects,High,Launch targeted marketing campaigns; prioritize sales team outreach to acquire new accounts.,0,0
Accoount 1154,Prospect - Dormant / Address Missing,-1,Dormant / Unreachable Prospects,Low,Perform database cleanup and address validation before initiating any marketing spend.,0,0
Accoount 1155,Prospect - Dormant / Address Missing,-1,Dormant / Unreachable Prospects,Low,Perform database cleanup and address validation before initiating any marketing spend.,0,0
Accoount 1156,Prospect - Dormant / Address Missing,-1,Dormant / Unreachable Prospects,Low,Perform database cleanup and address validation before initiating any marketing spend.,0,0
Accoount 1157,Prospect - High Potential,-1,High-Potential Market Prospects,High,Launch targeted marketing campaigns; prioritize sales team outreach to acquire new accounts.,0,0
Accoount 1158,Prospect - Dormant / Address Missing,-1,Dormant / Unreachable Prospects,Low,Perform database cleanup and address validation before initiating any marketing spend.,0,0
Accoount 1159,Prospect - Dormant / Address Missing,-1,Dormant / Unreachable Prospects,Low,Perform database cleanup and address validation before initiating any marketing spend.,0,0
Accoount 1160,Prospect - Dormant / Address Missing,-1,Dormant / Unreachable Prospects,Low,Perform database cleanup and address validation before initiating any marketing spend.,0,0
Accoount 1161,Prospect - Dormant / Address Missing,-1,Dormant / Unreachable Prospects,Low,Perform database cleanup and address validation before initiating any marketing spend.,0,0
Accoount 1162,Prospect - Medium Potential,-1,Medium-Potential Local Prospects,Medium,Deploy digital marketing and automated newsletters; outreach during regional events.,0,0
Accoount 1163,Prospect - Medium Potential,-1,Medium-Potential Local Prospects,Medium,Deploy digital marketing and automated newsletters; outreach during regional events.,0,0
Accoount 1164,Prospect - Dormant / Address Missing,-1,Dormant / Unreachable Prospects,Low,Perform database cleanup and address validation before initiating any marketing spend.,0,0
Accoount 1165,Active - Stable Core Accounts,0,Stable Core Accounts,Medium,Apply benefits bonanza loyalty programs; maintain relationship at low cost.,1,1
Accoount 1166,Prospect - Dormant / Address Missing,-1,Dormant / Unreachable Prospects,Low,Perform database cleanup and address validation before initiating any marketing spend.,0,0
Accoount 1167,Prospect - Dormant / Address Missing,-1,Dormant / Unreachable Prospects,Low,Perform database cleanup and address validation before initiating any marketing spend.,0,0
Accoount 1168,Prospect - High Potential,-1,High-Potential Market Prospects,High,Launch targeted marketing campaigns; prioritize sales team outreach to acquire new accounts.,0,0
Accoount 1169,Active - Under-Profiled Active Accounts,3,Under-Profiled Active Accounts,High,"Mandate sales team to visit casinos, audit machine counts, and enrich database profiles.",0,0
Accoount 1170,Active - High-Value Growth Champions,1,High-Value Growth Champions,High,Deploy dedicated account managers; cross-sell early adopter products; aggressive upsell.,1,0
Accoount 1171,Active - Under-Profiled Active Accounts,3,Under-Profiled Active Accounts,High,"Mandate sales team to visit casinos, audit machine counts, and enrich database profiles.",0,0
Accoount 1172,Prospect - Dormant / Address Missing,-1,Dormant / Unreachable Prospects,Low,Perform database cleanup and address validation before initiating any marketing spend.,0,0
Accoount 1173,Prospect - Dormant / Address Missing,-1,Dormant / Unreachable Prospects,Low,Perform database cleanup and address validation before initiating any marketing spend.,0,0
Accoount 1174,Prospect - Dormant / Address Missing,-1,Dormant / Unreachable Prospects,Low,Perform database cleanup and address validation before initiating any marketing spend.,0,0
Accoount 1175,Prospect - Dormant / Address Missing,-1,Dormant / Unreachable Prospects,Low,Perform database cleanup and address validation before initiating any marketing spend.,0,0
Accoount 1176,Prospect - Medium Potential,-1,Medium-Potential Local Prospects,Medium,Deploy digital marketing and automated newsletters; outreach during regional events.,0,0
Accoount 1177,Active - Competitive Niche Accounts,2,Competitive Niche Accounts,Low,Defend competitively in major hubs; use cost-effective remote support; monitor competitor moves.,0,0
Accoount 1178,Prospect - Dormant / Address Missing,-1,Dormant / Unreachable Prospects,Low,Perform database cleanup and address validation before initiating any marketing spend.,0,0
Accoount 1179,Prospect - High Potential,-1,High-Potential Market Prospects,High,Launch targeted marketing campaigns; prioritize sales team outreach to acquire new accounts.,0,0
Accoount 1180,Prospect - High Potential,-1,High-Potential Market Prospects,High,Launch targeted marketing campaigns; prioritize sales team outreach to acquire new accounts.,0,0
Accoount 1181,Prospect - High Potential,-1,High-Potential Market Prospects,High,Launch targeted marketing campaigns; prioritize sales team outreach to acquire new accounts.,0,0
Accoount 1182,Active - High-Value Growth Champions,1,High-Value Growth Champions,High,Deploy dedicated account managers; cross-sell early adopter products; aggressive upsell.,0,0
Accoount 1183,Prospect - High Potential,-1,High-Potential Market Prospects,High,Launch targeted marketing campaigns; prioritize sales team outreach to acquire new accounts.,0,0
Accoount 1184,Prospect - Dormant / Address Missing,-1,Dormant / Unreachable Prospects,Low,Perform database cleanup and address validation before initiating any marketing spend.,0,0
Accoount 1185,Prospect - Medium Potential,-1,Medium-Potential Local Prospects,Medium,Deploy digital marketing and automated newsletters; outreach during regional events.,0,0
Accoount 1186,Prospect - High Potential,-1,High-Potential Market Prospects,High,Launch targeted marketing campaigns; prioritize sales team outreach to acquire new accounts.,0,0
Accoount 1187,Active - High-Value Growth Champions,1,High-Value Growth Champions,High,Deploy dedicated account managers; cross-sell early adopter products; aggressive upsell.,0,0
Accoount 1188,Active - Competitive Niche Accounts,2,Competitive Niche Accounts,Low,Defend competitively in major hubs; use cost-effective remote support; monitor competitor moves.,0,0
Accoount 1189,Active - High-Value Growth Champions,1,High-Value Growth Champions,High,Deploy dedicated account managers; cross-sell early adopter products; aggressive upsell.,0,0
Accoount 1190,Prospect - High Potential,-1,High-Potential Market Prospects,High,Launch targeted marketing campaigns; prioritize sales team outreach to acquire new accounts.,0,0
Accoount 1191,Active - High-Value Growth Champions,1,High-Value Growth Champions,High,Deploy dedicated account managers; cross-sell early adopter products; aggressive upsell.,0,0
Accoount 1192,Prospect - Dormant / Address Missing,-1,Dormant / Unreachable Prospects,Low,Perform database cleanup and address validation before initiating any marketing spend.,0,0
Accoount 1193,Prospect - Medium Potential,-1,Medium-Potential Local Prospects,Medium,Deploy digital marketing and automated newsletters; outreach during regional events.,0,0
Accoount 1194,Prospect - Medium Potential,-1,Medium-Potential Local Prospects,Medium,Deploy digital marketing and automated newsletters; outreach during regional events.,0,0
Accoount 1195,Prospect - Medium Potential,-1,Medium-Potential Local Prospects,Medium,Deploy digital marketing and automated newsletters; outreach during regional events.,0,0
Accoount 1196,Prospect - High Potential,-1,High-Potential Market Prospects,High,Launch targeted marketing campaigns; prioritize sales team outreach to acquire new accounts.,0,0
Accoount 1197,Prospect - High Potential,-1,High-Potential Market Prospects,High,Launch targeted marketing campaigns; prioritize sales team outreach to acquire new accounts.,0,0
Accoount 1198,Prospect - High Potential,-1,High-Potential Market Prospects,High,Launch targeted marketing campaigns; prioritize sales team outreach to acquire new accounts.,0,0
Accoount 1199,Prospect - Medium Potential,-1,Medium-Potential Local Prospects,Medium,Deploy digital marketing and automated newsletters; outreach during regional events.,0,0
Accoount 1200,Prospect - High Potential,-1,High-Potential Market Prospects,High,Launch targeted marketing campaigns; prioritize sales team outreach to acquire new accounts.,0,0
Accoount 1201,Active - Under-Profiled Active Accounts,3,Under-Profiled Active Accounts,High,"Mandate sales team to visit casinos, audit machine counts, and enrich database profiles.",0,0
Accoount 1202,Active - Stable Core Accounts,0,Stable Core Accounts,Medium,Apply benefits bonanza loyalty programs; maintain relationship at low cost.,0,0
Accoount 1203,Active - Stable Core Accounts,0,Stable Core Accounts,Medium,Apply benefits bonanza loyalty programs; maintain relationship at low cost.,0,0
Accoount 1204,Active - Stable Core Accounts,0,Stable Core Accounts,Medium,Apply benefits bonanza loyalty programs; maintain relationship at low cost.,0,0
Accoount 1205,Active - Stable Core Accounts,0,Stable Core Accounts,Medium,Apply benefits bonanza loyalty programs; maintain relationship at low cost.,0,0
Accoount 1206,Active - Stable Core Accounts,0,Stable Core Accounts,Medium,Apply benefits bonanza loyalty programs; maintain relationship at low cost.,0,0
Accoount 1207,Active - Stable Core Accounts,0,Stable Core Accounts,Medium,Apply benefits bonanza loyalty programs; maintain relationship at low cost.,0,0
Accoount 1208,Active - High-Value Growth Champions,1,High-Value Growth Champions,High,Deploy dedicated account managers; cross-sell early adopter products; aggressive upsell.,0,0
Accoount 1209,Active - High-Value Growth Champions,1,High-Value Growth Champions,High,Deploy dedicated account managers; cross-sell early adopter products; aggressive upsell.,0,0
Accoount 1210,Active - Under-Profiled Active Accounts,3,Under-Profiled Active Accounts,High,"Mandate sales team to visit casinos, audit machine counts, and enrich database profiles.",0,0
Accoount 1211,Active - Under-Profiled Active Accounts,3,Under-Profiled Active Accounts,High,"Mandate sales team to visit casinos, audit machine counts, and enrich database profiles.",0,1
Accoount 1212,Active - Stable Core Accounts,0,Stable Core Accounts,Medium,Apply benefits bonanza loyalty programs; maintain relationship at low cost.,0,0
Accoount 1213,Active - Stable Core Accounts,0,Stable Core Accounts,Medium,Apply benefits bonanza loyalty programs; maintain relationship at low cost.,0,0
Accoount 1214,Prospect - Medium Potential,-1,Medium-Potential Local Prospects,Medium,Deploy digital marketing and automated newsletters; outreach during regional events.,0,0
Accoount 1215,Active - Under-Profiled Active Accounts,3,Under-Profiled Active Accounts,High,"Mandate sales team to visit casinos, audit machine counts, and enrich database profiles.",0,0
Accoount 1216,Active - Competitive Niche Accounts,2,Competitive Niche Accounts,Low,Defend competitively in major hubs; use cost-effective remote support; monitor competitor moves.,0,0
Accoount 1217,Prospect - Medium Potential,-1,Medium-Potential Local Prospects,Medium,Deploy digital marketing and automated newsletters; outreach during regional events.,0,0
Accoount 1218,Prospect - Medium Potential,-1,Medium-Potential Local Prospects,Medium,Deploy digital marketing and automated newsletters; outreach during regional events.,0,0
Accoount 1219,Active - Competitive Niche Accounts,2,Competitive Niche Accounts,Low,Defend competitively in major hubs; use cost-effective remote support; monitor competitor moves.,1,1
Accoount 1220,Active - Stable Core Accounts,0,Stable Core Accounts,Medium,Apply benefits bonanza loyalty programs; maintain relationship at low cost.,0,0
Accoount 1221,Prospect - Medium Potential,-1,Medium-Potential Local Prospects,Medium,Deploy digital marketing and automated newsletters; outreach during regional events.,0,0
Accoount 1222,Active - Stable Core Accounts,0,Stable Core Accounts,Medium,Apply benefits bonanza loyalty programs; maintain relationship at low cost.,0,0
Accoount 1223,Prospect - Medium Potential,-1,Medium-Potential Local Prospects,Medium,Deploy digital marketing and automated newsletters; outreach during regional events.,0,0
Accoount 1224,Active - Under-Profiled Active Accounts,3,Under-Profiled Active Accounts,High,"Mandate sales team to visit casinos, audit machine counts, and enrich database profiles.",0,0
Accoount 1225,Active - Competitive Niche Accounts,2,Competitive Niche Accounts,Low,Defend competitively in major hubs; use cost-effective remote support; monitor competitor moves.,0,0
Accoount 1226,Active - Under-Profiled Active Accounts,3,Under-Profiled Active Accounts,High,"Mandate sales team to visit casinos, audit machine counts, and enrich database profiles.",0,0
Accoount 1227,Prospect - High Potential,-1,High-Potential Market Prospects,High,Launch targeted marketing campaigns; prioritize sales team outreach to acquire new accounts.,0,0
Accoount 1228,Prospect - Medium Potential,-1,Medium-Potential Local Prospects,Medium,Deploy digital marketing and automated newsletters; outreach during regional events.,0,0
Accoount 1229,Prospect - Medium Potential,-1,Medium-Potential Local Prospects,Medium,Deploy digital marketing and automated newsletters; outreach during regional events.,0,0
Accoount 1230,Prospect - High Potential,-1,High-Potential Market Prospects,High,Launch targeted marketing campaigns; prioritize sales team outreach to acquire new accounts.,0,0
Accoount 1231,Prospect - High Potential,-1,High-Potential Market Prospects,High,Launch targeted marketing campaigns; prioritize sales team outreach to acquire new accounts.,0,0
Accoount 1232,Prospect - High Potential,-1,High-Potential Market Prospects,High,Launch targeted marketing campaigns; prioritize sales team outreach to acquire new accounts.,0,0
Accoount 1233,Prospect - Medium Potential,-1,Medium-Potential Local Prospects,Medium,Deploy digital marketing and automated newsletters; outreach during regional events.,0,0
Accoount 1234,Active - Under-Profiled Active Accounts,3,Under-Profiled Active Accounts,High,"Mandate sales team to visit casinos, audit machine counts, and enrich database profiles.",0,0
Accoount 1235,Prospect - High Potential,-1,High-Potential Market Prospects,High,Launch targeted marketing campaigns; prioritize sales team outreach to acquire new accounts.,0,0
Accoount 1236,Prospect - High Potential,-1,High-Potential Market Prospects,High,Launch targeted marketing campaigns; prioritize sales team outreach to acquire new accounts.,0,0
Accoount 1237,Prospect - High Potential,-1,High-Potential Market Prospects,High,Launch targeted marketing campaigns; prioritize sales team outreach to acquire new accounts.,0,0
Accoount 1238,Prospect - Medium Potential,-1,Medium-Potential Local Prospects,Medium,Deploy digital marketing and automated newsletters; outreach during regional events.,0,0
Accoount 1239,Active - Stable Core Accounts,0,Stable Core Accounts,Medium,Apply benefits bonanza loyalty programs; maintain relationship at low cost.,0,0
Accoount 1240,Active - Under-Profiled Active Accounts,3,Under-Profiled Active Accounts,High,"Mandate sales team to visit casinos, audit machine counts, and enrich database profiles.",0,0
Accoount 1241,Active - Stable Core Accounts,0,Stable Core Accounts,Medium,Apply benefits bonanza loyalty programs; maintain relationship at low cost.,0,0
Accoount 1242,Active - Stable Core Accounts,0,Stable Core Accounts,Medium,Apply benefits bonanza loyalty programs; maintain relationship at low cost.,0,0
Accoount 1243,Prospect - Medium Potential,-1,Medium-Potential Local Prospects,Medium,Deploy digital marketing and automated newsletters; outreach during regional events.,0,0
Accoount 1244,Prospect - High Potential,-1,High-Potential Market Prospects,High,Launch targeted marketing campaigns; prioritize sales team outreach to acquire new accounts.,0,0
Accoount 1245,Prospect - Medium Potential,-1,Medium-Potential Local Prospects,Medium,Deploy digital marketing and automated newsletters; outreach during regional events.,0,0
Accoount 1246,Prospect - High Potential,-1,High-Potential Market Prospects,High,Launch targeted marketing campaigns; prioritize sales team outreach to acquire new accounts.,0,0
Accoount 1247,Prospect - Medium Potential,-1,Medium-Potential Local Prospects,Medium,Deploy digital marketing and automated newsletters; outreach during regional events.,0,0
Accoount 1248,Prospect - Medium Potential,-1,Medium-Potential Local Prospects,Medium,Deploy digital marketing and automated newsletters; outreach during regional events.,0,0
Accoount 1249,Active - Stable Core Accounts,0,Stable Core Accounts,Medium,Apply benefits bonanza loyalty programs; maintain relationship at low cost.,0,0
Accoount 1250,Prospect - High Potential,-1,High-Potential Market Prospects,High,Launch targeted marketing campaigns; prioritize sales team outreach to acquire new accounts.,0,0
Accoount 1251,Prospect - High Potential,-1,High-Potential Market Prospects,High,Launch targeted marketing campaigns; prioritize sales team outreach to acquire new accounts.,0,0
Accoount 1252,Active - Competitive Niche Accounts,2,Competitive Niche Accounts,Low,Defend competitively in major hubs; use cost-effective remote support; monitor competitor moves.,0,0
Accoount 1253,Prospect - High Potential,-1,High-Potential Market Prospects,High,Launch targeted marketing campaigns; prioritize sales team outreach to acquire new accounts.,0,0
Accoount 1254,Prospect - Medium Potential,-1,Medium-Potential Local Prospects,Medium,Deploy digital marketing and automated newsletters; outreach during regional events.,0,0
Accoount 1255,Prospect - Dormant / Address Missing,-1,Dormant / Unreachable Prospects,Low,Perform database cleanup and address validation before initiating any marketing spend.,0,0
Accoount 1256,Prospect - Dormant / Address Missing,-1,Dormant / Unreachable Prospects,Low,Perform database cleanup and address validation before initiating any marketing spend.,0,0
Accoount 1257,Prospect - Dormant / Address Missing,-1,Dormant / Unreachable Prospects,Low,Perform database cleanup and address validation before initiating any marketing spend.,0,0
Accoount 1258,Active - High-Value Growth Champions,1,High-Value Growth Champions,High,Deploy dedicated account managers; cross-sell early adopter products; aggressive upsell.,1,0
Accoount 1259,Prospect - Dormant / Address Missing,-1,Dormant / Unreachable Prospects,Low,Perform database cleanup and address validation before initiating any marketing spend.,0,0
Accoount 1260,Active - Competitive Niche Accounts,2,Competitive Niche Accounts,Low,Defend competitively in major hubs; use cost-effective remote support; monitor competitor moves.,0,0
Accoount 1261,Prospect - High Potential,-1,High-Potential Market Prospects,High,Launch targeted marketing campaigns; prioritize sales team outreach to acquire new accounts.,0,0
Accoount 1262,Prospect - Dormant / Address Missing,-1,Dormant / Unreachable Prospects,Low,Perform database cleanup and address validation before initiating any marketing spend.,0,0
Accoount 1263,Prospect - Dormant / Address Missing,-1,Dormant / Unreachable Prospects,Low,Perform database cleanup and address validation before initiating any marketing spend.,0,0
Accoount 1264,Prospect - Dormant / Address Missing,-1,Dormant / Unreachable Prospects,Low,Perform database cleanup and address validation before initiating any marketing spend.,0,0
Accoount 1265,Prospect - Dormant / Address Missing,-1,Dormant / Unreachable Prospects,Low,Perform database cleanup and address validation before initiating any marketing spend.,0,0
Accoount 1266,Prospect - Dormant / Address Missing,-1,Dormant / Unreachable Prospects,Low,Perform database cleanup and address validation before initiating any marketing spend.,0,0
Accoount 1267,Prospect - Dormant / Address Missing,-1,Dormant / Unreachable Prospects,Low,Perform database cleanup and address validation before initiating any marketing spend.,0,0
Accoount 1268,Active - High-Value Growth Champions,1,High-Value Growth Champions,High,Deploy dedicated account managers; cross-sell early adopter products; aggressive upsell.,0,0
Accoount 1269,Prospect - High Potential,-1,High-Potential Market Prospects,High,Launch targeted marketing campaigns; prioritize sales team outreach to acquire new accounts.,0,0
Accoount 1270,Active - Under-Profiled Active Accounts,3,Under-Profiled Active Accounts,High,"Mandate sales team to visit casinos, audit machine counts, and enrich database profiles.",0,0
Accoount 1271,Prospect - High Potential,-1,High-Potential Market Prospects,High,Launch targeted marketing campaigns; prioritize sales team outreach to acquire new accounts.,0,0
Accoount 1272,Prospect - High Potential,-1,High-Potential Market Prospects,High,Launch targeted marketing campaigns; prioritize sales team outreach to acquire new accounts.,0,0
Accoount 1273,Active - High-Value Growth Champions,1,High-Value Growth Champions,High,Deploy dedicated account managers; cross-sell early adopter products; aggressive upsell.,0,0
Accoount 1274,Prospect - Dormant / Address Missing,-1,Dormant / Unreachable Prospects,Low,Perform database cleanup and address validation before initiating any marketing spend.,0,0
Accoount 1275,Prospect - Dormant / Address Missing,-1,Dormant / Unreachable Prospects,Low,Perform database cleanup and address validation before initiating any marketing spend.,0,0
Accoount 1276,Prospect - Medium Potential,-1,Medium-Potential Local Prospects,Medium,Deploy digital marketing and automated newsletters; outreach during regional events.,0,0
Accoount 1277,Prospect - Medium Potential,-1,Medium-Potential Local Prospects,Medium,Deploy digital marketing and automated newsletters; outreach during regional events.,0,0
Accoount 1278,Prospect - Medium Potential,-1,Medium-Potential Local Prospects,Medium,Deploy digital marketing and automated newsletters; outreach during regional events.,0,0
Accoount 1279,Prospect - High Potential,-1,High-Potential Market Prospects,High,Launch targeted marketing campaigns; prioritize sales team outreach to acquire new accounts.,0,0
Accoount 1280,Active - High-Value Growth Champions,1,High-Value Growth Champions,High,Deploy dedicated account managers; cross-sell early adopter products; aggressive upsell.,0,0
Accoount 1281,Prospect - High Potential,-1,High-Potential Market Prospects,High,Launch targeted marketing campaigns; prioritize sales team outreach to acquire new accounts.,0,0
Accoount 1282,Active - High-Value Growth Champions,1,High-Value Growth Champions,High,Deploy dedicated account managers; cross-sell early adopter products; aggressive upsell.,0,0
Accoount 1283,Active - High-Value Growth Champions,1,High-Value Growth Champions,High,Deploy dedicated account managers; cross-sell early adopter products; aggressive upsell.,0,0
Accoount 1284,Active - High-Value Growth Champions,1,High-Value Growth Champions,High,Deploy dedicated account managers; cross-sell early adopter products; aggressive upsell.,0,0
Accoount 1285,Active - High-Value Growth Champions,1,High-Value Growth Champions,High,Deploy dedicated account managers; cross-sell early adopter products; aggressive upsell.,0,0
Accoount 1286,Active - High-Value Growth Champions,1,High-Value Growth Champions,High,Deploy dedicated account managers; cross-sell early adopter products; aggressive upsell.,0,0
Accoount 1287,Prospect - Medium Potential,-1,Medium-Potential Local Prospects,Medium,Deploy digital marketing and automated newsletters; outreach during regional events.,0,0
Accoount 1288,Prospect - High Potential,-1,High-Potential Market Prospects,High,Launch targeted marketing campaigns; prioritize sales team outreach to acquire new accounts.,0,0
Accoount 1289,Active - High-Value Growth Champions,1,High-Value Growth Champions,High,Deploy dedicated account managers; cross-sell early adopter products; aggressive upsell.,0,0
Accoount 1290,Active - High-Value Growth Champions,1,High-Value Growth Champions,High,Deploy dedicated account managers; cross-sell early adopter products; aggressive upsell.,0,0
Accoount 1291,Prospect - High Potential,-1,High-Potential Market Prospects,High,Launch targeted marketing campaigns; prioritize sales team outreach to acquire new accounts.,0,0
Accoount 1292,Prospect - Medium Potential,-1,Medium-Potential Local Prospects,Medium,Deploy digital marketing and automated newsletters; outreach during regional events.,0,0
Accoount 1293,Prospect - High Potential,-1,High-Potential Market Prospects,High,Launch targeted marketing campaigns; prioritize sales team outreach to acquire new accounts.,0,0
Accoount 1294,Prospect - High Potential,-1,High-Potential Market Prospects,High,Launch targeted marketing campaigns; prioritize sales team outreach to acquire new accounts.,0,0
Accoount 1295,Active - High-Value Growth Champions,1,High-Value Growth Champions,High,Deploy dedicated account managers; cross-sell early adopter products; aggressive upsell.,0,0
Accoount 1296,Prospect - High Potential,-1,High-Potential Market Prospects,High,Launch targeted marketing campaigns; prioritize sales team outreach to acquire new accounts.,0,0
Accoount 1297,Prospect - Medium Potential,-1,Medium-Potential Local Prospects,Medium,Deploy digital marketing and automated newsletters; outreach during regional events.,0,0
Accoount 1298,Active - High-Value Growth Champions,1,High-Value Growth Champions,High,Deploy dedicated account managers; cross-sell early adopter products; aggressive upsell.,0,0
Accoount 1299,Prospect - Medium Potential,-1,Medium-Potential Local Prospects,Medium,Deploy digital marketing and automated newsletters; outreach during regional events.,0,0
Accoount 1300,Prospect - Medium Potential,-1,Medium-Potential Local Prospects,Medium,Deploy digital marketing and automated newsletters; outreach during regional events.,0,0
Accoount 1301,Prospect - High Potential,-1,High-Potential Market Prospects,High,Launch targeted marketing campaigns; prioritize sales team outreach to acquire new accounts.,0,0
Accoount 1302,Prospect - High Potential,-1,High-Potential Market Prospects,High,Launch targeted marketing campaigns; prioritize sales team outreach to acquire new accounts.,0,0
Accoount 1303,Prospect - High Potential,-1,High-Potential Market Prospects,High,Launch targeted marketing campaigns; prioritize sales team outreach to acquire new accounts.,0,0
Accoount 1304,Prospect - High Potential,-1,High-Potential Market Prospects,High,Launch targeted marketing campaigns; prioritize sales team outreach to acquire new accounts.,0,0
Accoount 1305,Prospect - Medium Potential,-1,Medium-Potential Local Prospects,Medium,Deploy digital marketing and automated newsletters; outreach during regional events.,0,0
Accoount 1306,Active - Stable Core Accounts,0,Stable Core Accounts,Medium,Apply benefits bonanza loyalty programs; maintain relationship at low cost.,0,0
Accoount 1307,Active - Stable Core Accounts,0,Stable Core Accounts,Medium,Apply benefits bonanza loyalty programs; maintain relationship at low cost.,0,0
Accoount 1308,Active - Stable Core Accounts,0,Stable Core Accounts,Medium,Apply benefits bonanza loyalty programs; maintain relationship at low cost.,0,0
Accoount 1309,Active - Stable Core Accounts,0,Stable Core Accounts,Medium,Apply benefits bonanza loyalty programs; maintain relationship at low cost.,0,0
Accoount 1310,Active - Stable Core Accounts,0,Stable Core Accounts,Medium,Apply benefits bonanza loyalty programs; maintain relationship at low cost.,0,0
Accoount 1311,Active - Stable Core Accounts,0,Stable Core Accounts,Medium,Apply benefits bonanza loyalty programs; maintain relationship at low cost.,0,0
Accoount 1312,Active - Under-Profiled Active Accounts,3,Under-Profiled Active Accounts,High,"Mandate sales team to visit casinos, audit machine counts, and enrich database profiles.",0,0
Accoount 1313,Active - Under-Profiled Active Accounts,3,Under-Profiled Active Accounts,High,"Mandate sales team to visit casinos, audit machine counts, and enrich database profiles.",0,0
Accoount 1314,Active - Competitive Niche Accounts,2,Competitive Niche Accounts,Low,Defend competitively in major hubs; use cost-effective remote support; monitor competitor moves.,0,0
Accoount 1315,Active - Under-Profiled Active Accounts,3,Under-Profiled Active Accounts,High,"Mandate sales team to visit casinos, audit machine counts, and enrich database profiles.",0,0
Accoount 1316,Active - Stable Core Accounts,0,Stable Core Accounts,Medium,Apply benefits bonanza loyalty programs; maintain relationship at low cost.,0,0
Accoount 1317,Active - Under-Profiled Active Accounts,3,Under-Profiled Active Accounts,High,"Mandate sales team to visit casinos, audit machine counts, and enrich database profiles.",0,0
Accoount 1318,Active - Under-Profiled Active Accounts,3,Under-Profiled Active Accounts,High,"Mandate sales team to visit casinos, audit machine counts, and enrich database profiles.",0,0
Accoount 1319,Prospect - High Potential,-1,High-Potential Market Prospects,High,Launch targeted marketing campaigns; prioritize sales team outreach to acquire new accounts.,0,0
Accoount 1320,Active - Stable Core Accounts,0,Stable Core Accounts,Medium,Apply benefits bonanza loyalty programs; maintain relationship at low cost.,0,0
Accoount 1321,Active - Stable Core Accounts,0,Stable Core Accounts,Medium,Apply benefits bonanza loyalty programs; maintain relationship at low cost.,0,0
Accoount 1322,Active - High-Value Growth Champions,1,High-Value Growth Champions,High,Deploy dedicated account managers; cross-sell early adopter products; aggressive upsell.,0,0
Accoount 1323,Active - Under-Profiled Active Accounts,3,Under-Profiled Active Accounts,High,"Mandate sales team to visit casinos, audit machine counts, and enrich database profiles.",0,0
Accoount 1324,Active - Competitive Niche Accounts,2,Competitive Niche Accounts,Low,Defend competitively in major hubs; use cost-effective remote support; monitor competitor moves.,0,0
Accoount 1325,Active - Competitive Niche Accounts,2,Competitive Niche Accounts,Low,Defend competitively in major hubs; use cost-effective remote support; monitor competitor moves.,0,0
Accoount 1326,Active - Stable Core Accounts,0,Stable Core Accounts,Medium,Apply benefits bonanza loyalty programs; maintain relationship at low cost.,0,0
Accoount 1327,Prospect - High Potential,-1,High-Potential Market Prospects,High,Launch targeted marketing campaigns; prioritize sales team outreach to acquire new accounts.,0,0
Accoount 1328,Active - Competitive Niche Accounts,2,Competitive Niche Accounts,Low,Defend competitively in major hubs; use cost-effective remote support; monitor competitor moves.,1,0
Accoount 1329,Active - Competitive Niche Accounts,2,Competitive Niche Accounts,Low,Defend competitively in major hubs; use cost-effective remote support; monitor competitor moves.,0,0
Accoount 1330,Active - Under-Profiled Active Accounts,3,Under-Profiled Active Accounts,High,"Mandate sales team to visit casinos, audit machine counts, and enrich database profiles.",0,0
Accoount 1331,Active - Stable Core Accounts,0,Stable Core Accounts,Medium,Apply benefits bonanza loyalty programs; maintain relationship at low cost.,0,0
Accoount 1332,Active - Stable Core Accounts,0,Stable Core Accounts,Medium,Apply benefits bonanza loyalty programs; maintain relationship at low cost.,0,0
Accoount 1333,Active - Stable Core Accounts,0,Stable Core Accounts,Medium,Apply benefits bonanza loyalty programs; maintain relationship at low cost.,1,0
Accoount 1334,Prospect - High Potential,-1,High-Potential Market Prospects,High,Launch targeted marketing campaigns; prioritize sales team outreach to acquire new accounts.,0,0
Accoount 1335,Prospect - High Potential,-1,High-Potential Market Prospects,High,Launch targeted marketing campaigns; prioritize sales team outreach to acquire new accounts.,0,0
Accoount 1336,Prospect - High Potential,-1,High-Potential Market Prospects,High,Launch targeted marketing campaigns; prioritize sales team outreach to acquire new accounts.,0,0
Accoount 1337,Prospect - High Potential,-1,High-Potential Market Prospects,High,Launch targeted marketing campaigns; prioritize sales team outreach to acquire new accounts.,0,0
Accoount 1338,Prospect - High Potential,-1,High-Potential Market Prospects,High,Launch targeted marketing campaigns; prioritize sales team outreach to acquire new accounts.,0,0
Accoount 1339,Prospect - High Potential,-1,High-Potential Market Prospects,High,Launch targeted marketing campaigns; prioritize sales team outreach to acquire new accounts.,0,0
Accoount 1340,Prospect - High Potential,-1,High-Potential Market Prospects,High,Launch targeted marketing campaigns; prioritize sales team outreach to acquire new accounts.,0,0
Accoount 1341,Prospect - High Potential,-1,High-Potential Market Prospects,High,Launch targeted marketing campaigns; prioritize sales team outreach to acquire new accounts.,0,0
Accoount 1342,Active - Stable Core Accounts,0,Stable Core Accounts,Medium,Apply benefits bonanza loyalty programs; maintain relationship at low cost.,0,0
Accoount 1343,Active - Stable Core Accounts,0,Stable Core Accounts,Medium,Apply benefits bonanza loyalty programs; maintain relationship at low cost.,0,0
Accoount 1344,Prospect - High Potential,-1,High-Potential Market Prospects,High,Launch targeted marketing campaigns; prioritize sales team outreach to acquire new accounts.,0,0
Accoount 1345,Prospect - Medium Potential,-1,Medium-Potential Local Prospects,Medium,Deploy digital marketing and automated newsletters; outreach during regional events.,0,0
Accoount 1346,Prospect - Medium Potential,-1,Medium-Potential Local Prospects,Medium,Deploy digital marketing and automated newsletters; outreach during regional events.,0,0
Accoount 1347,Prospect - High Potential,-1,High-Potential Market Prospects,High,Launch targeted marketing campaigns; prioritize sales team outreach to acquire new accounts.,0,0
Accoount 1348,Active - Competitive Niche Accounts,2,Competitive Niche Accounts,Low,Defend competitively in major hubs; use cost-effective remote support; monitor competitor moves.,0,0
Accoount 1349,Active - Competitive Niche Accounts,2,Competitive Niche Accounts,Low,Defend competitively in major hubs; use cost-effective remote support; monitor competitor moves.,0,0
Accoount 1350,Prospect - High Potential,-1,High-Potential Market Prospects,High,Launch targeted marketing campaigns; prioritize sales team outreach to acquire new accounts.,0,0
Accoount 1351,Active - Stable Core Accounts,0,Stable Core Accounts,Medium,Apply benefits bonanza loyalty programs; maintain relationship at low cost.,0,0
Accoount 1352,Prospect - Medium Potential,-1,Medium-Potential Local Prospects,Medium,Deploy digital marketing and automated newsletters; outreach during regional events.,0,0
Accoount 1353,Active - Stable Core Accounts,0,Stable Core Accounts,Medium,Apply benefits bonanza loyalty programs; maintain relationship at low cost.,0,0
Accoount 1354,Prospect - Medium Potential,-1,Medium-Potential Local Prospects,Medium,Deploy digital marketing and automated newsletters; outreach during regional events.,0,0
Accoount 1355,Active - Stable Core Accounts,0,Stable Core Accounts,Medium,Apply benefits bonanza loyalty programs; maintain relationship at low cost.,0,0
Accoount 1356,Prospect - High Potential,-1,High-Potential Market Prospects,High,Launch targeted marketing campaigns; prioritize sales team outreach to acquire new accounts.,0,0
Accoount 1357,Active - Competitive Niche Accounts,2,Competitive Niche Accounts,Low,Defend competitively in major hubs; use cost-effective remote support; monitor competitor moves.,1,0
Accoount 1358,Prospect - Dormant / Address Missing,-1,Dormant / Unreachable Prospects,Low,Perform database cleanup and address validation before initiating any marketing spend.,0,0
Accoount 1359,Prospect - Dormant / Address Missing,-1,Dormant / Unreachable Prospects,Low,Perform database cleanup and address validation before initiating any marketing spend.,0,0
Accoount 1360,Prospect - Dormant / Address Missing,-1,Dormant / Unreachable Prospects,Low,Perform database cleanup and address validation before initiating any marketing spend.,0,0
Accoount 1361,Prospect - Dormant / Address Missing,-1,Dormant / Unreachable Prospects,Low,Perform database cleanup and address validation before initiating any marketing spend.,0,0
Accoount 1362,Prospect - Dormant / Address Missing,-1,Dormant / Unreachable Prospects,Low,Perform database cleanup and address validation before initiating any marketing spend.,0,0
Accoount 1363,Prospect - Dormant / Address Missing,-1,Dormant / Unreachable Prospects,Low,Perform database cleanup and address validation before initiating any marketing spend.,0,0
Accoount 1364,Prospect - Dormant / Address Missing,-1,Dormant / Unreachable Prospects,Low,Perform database cleanup and address validation before initiating any marketing spend.,0,0
Accoount 1365,Prospect - Dormant / Address Missing,-1,Dormant / Unreachable Prospects,Low,Perform database cleanup and address validation before initiating any marketing spend.,0,0
Accoount 1366,Prospect - Dormant / Address Missing,-1,Dormant / Unreachable Prospects,Low,Perform database cleanup and address validation before initiating any marketing spend.,0,0
Accoount 1367,Prospect - Dormant / Address Missing,-1,Dormant / Unreachable Prospects,Low,Perform database cleanup and address validation before initiating any marketing spend.,0,0
Accoount 1368,Prospect - Dormant / Address Missing,-1,Dormant / Unreachable Prospects,Low,Perform database cleanup and address validation before initiating any marketing spend.,0,0
Accoount 1369,Active - High-Value Growth Champions,1,High-Value Growth Champions,High,Deploy dedicated account managers; cross-sell early adopter products; aggressive upsell.,0,0
Accoount 1370,Prospect - Dormant / Address Missing,-1,Dormant / Unreachable Prospects,Low,Perform database cleanup and address validation before initiating any marketing spend.,0,0
Accoount 1371,Active - Competitive Niche Accounts,2,Competitive Niche Accounts,Low,Defend competitively in major hubs; use cost-effective remote support; monitor competitor moves.,1,0
Accoount 1372,Prospect - High Potential,-1,High-Potential Market Prospects,High,Launch targeted marketing campaigns; prioritize sales team outreach to acquire new accounts.,0,0
Accoount 1373,Prospect - Medium Potential,-1,Medium-Potential Local Prospects,Medium,Deploy digital marketing and automated newsletters; outreach during regional events.,0,0
Accoount 1374,Prospect - High Potential,-1,High-Potential Market Prospects,High,Launch targeted marketing campaigns; prioritize sales team outreach to acquire new accounts.,0,0
Accoount 1375,Prospect - Medium Potential,-1,Medium-Potential Local Prospects,Medium,Deploy digital marketing and automated newsletters; outreach during regional events.,0,0
Accoount 1376,Prospect - Dormant / Address Missing,-1,Dormant / Unreachable Prospects,Low,Perform database cleanup and address validation before initiating any marketing spend.,0,0
Accoount 1377,Prospect - Medium Potential,-1,Medium-Potential Local Prospects,Medium,Deploy digital marketing and automated newsletters; outreach during regional events.,0,0
Accoount 1378,Prospect - Medium Potential,-1,Medium-Potential Local Prospects,Medium,Deploy digital marketing and automated newsletters; outreach during regional events.,0,0
Accoount 1379,Prospect - Medium Potential,-1,Medium-Potential Local Prospects,Medium,Deploy digital marketing and automated newsletters; outreach during regional events.,0,0
Accoount 1380,Prospect - High Potential,-1,High-Potential Market Prospects,High,Launch targeted marketing campaigns; prioritize sales team outreach to acquire new accounts.,0,0
Accoount 1381,Prospect - High Potential,-1,High-Potential Market Prospects,High,Launch targeted marketing campaigns; prioritize sales team outreach to acquire new accounts.,0,0
Accoount 1382,Active - Competitive Niche Accounts,2,Competitive Niche Accounts,Low,Defend competitively in major hubs; use cost-effective remote support; monitor competitor moves.,0,0
Accoount 1383,Prospect - Medium Potential,-1,Medium-Potential Local Prospects,Medium,Deploy digital marketing and automated newsletters; outreach during regional events.,0,0
Accoount 1384,Prospect - Medium Potential,-1,Medium-Potential Local Prospects,Medium,Deploy digital marketing and automated newsletters; outreach during regional events.,0,0
Accoount 1385,Prospect - Medium Potential,-1,Medium-Potential Local Prospects,Medium,Deploy digital marketing and automated newsletters; outreach during regional events.,0,0
Accoount 1386,Prospect - High Potential,-1,High-Potential Market Prospects,High,Launch targeted marketing campaigns; prioritize sales team outreach to acquire new accounts.,0,0
Accoount 1387,Prospect - High Potential,-1,High-Potential Market Prospects,High,Launch targeted marketing campaigns; prioritize sales team outreach to acquire new accounts.,0,0
Accoount 1388,Prospect - Medium Potential,-1,Medium-Potential Local Prospects,Medium,Deploy digital marketing and automated newsletters; outreach during regional events.,0,0
Accoount 1389,Prospect - Dormant / Address Missing,-1,Dormant / Unreachable Prospects,Low,Perform database cleanup and address validation before initiating any marketing spend.,0,0
Accoount 1390,Prospect - High Potential,-1,High-Potential Market Prospects,High,Launch targeted marketing campaigns; prioritize sales team outreach to acquire new accounts.,0,0
Accoount 1391,Prospect - High Potential,-1,High-Potential Market Prospects,High,Launch targeted marketing campaigns; prioritize sales team outreach to acquire new accounts.,0,0
Accoount 1392,Active - High-Value Growth Champions,1,High-Value Growth Champions,High,Deploy dedicated account managers; cross-sell early adopter products; aggressive upsell.,0,0
Accoount 1393,Prospect - Medium Potential,-1,Medium-Potential Local Prospects,Medium,Deploy digital marketing and automated newsletters; outreach during regional events.,0,0
Accoount 1394,Prospect - Medium Potential,-1,Medium-Potential Local Prospects,Medium,Deploy digital marketing and automated newsletters; outreach during regional events.,0,0
Accoount 1395,Prospect - Medium Potential,-1,Medium-Potential Local Prospects,Medium,Deploy digital marketing and automated newsletters; outreach during regional events.,0,0
Accoount 1396,Active - High-Value Growth Champions,1,High-Value Growth Champions,High,Deploy dedicated account managers; cross-sell early adopter products; aggressive upsell.,0,0
Accoount 1397,Prospect - High Potential,-1,High-Potential Market Prospects,High,Launch targeted marketing campaigns; prioritize sales team outreach to acquire new accounts.,0,0
Accoount 1398,Prospect - High Potential,-1,High-Potential Market Prospects,High,Launch targeted marketing campaigns; prioritize sales team outreach to acquire new accounts.,0,0
Accoount 1399,Prospect - High Potential,-1,High-Potential Market Prospects,High,Launch targeted marketing campaigns; prioritize sales team outreach to acquire new accounts.,0,0
Accoount 1400,Prospect - High Potential,-1,High-Potential Market Prospects,High,Launch targeted marketing campaigns; prioritize sales team outreach to acquire new accounts.,0,0
Accoount 1401,Prospect - High Potential,-1,High-Potential Market Prospects,High,Launch targeted marketing campaigns; prioritize sales team outreach to acquire new accounts.,0,0
Accoount 1402,Prospect - High Potential,-1,High-Potential Market Prospects,High,Launch targeted marketing campaigns; prioritize sales team outreach to acquire new accounts.,0,0
Accoount 1403,Prospect - Medium Potential,-1,Medium-Potential Local Prospects,Medium,Deploy digital marketing and automated newsletters; outreach during regional events.,0,0
Accoount 1404,Active - Stable Core Accounts,0,Stable Core Accounts,Medium,Apply benefits bonanza loyalty programs; maintain relationship at low cost.,0,0
Accoount 1405,Active - Under-Profiled Active Accounts,3,Under-Profiled Active Accounts,High,"Mandate sales team to visit casinos, audit machine counts, and enrich database profiles.",0,1
Accoount 1406,Active - Under-Profiled Active Accounts,3,Under-Profiled Active Accounts,High,"Mandate sales team to visit casinos, audit machine counts, and enrich database profiles.",0,0
Accoount 1407,Active - Under-Profiled Active Accounts,3,Under-Profiled Active Accounts,High,"Mandate sales team to visit casinos, audit machine counts, and enrich database profiles.",0,0
Accoount 1408,Active - Stable Core Accounts,0,Stable Core Accounts,Medium,Apply benefits bonanza loyalty programs; maintain relationship at low cost.,0,0
Accoount 1409,Active - High-Value Growth Champions,1,High-Value Growth Champions,High,Deploy dedicated account managers; cross-sell early adopter products; aggressive upsell.,1,0
Accoount 1410,Prospect - High Potential,-1,High-Potential Market Prospects,High,Launch targeted marketing campaigns; prioritize sales team outreach to acquire new accounts.,0,0
Accoount 1411,Active - Competitive Niche Accounts,2,Competitive Niche Accounts,Low,Defend competitively in major hubs; use cost-effective remote support; monitor competitor moves.,0,0
Accoount 1412,Active - Under-Profiled Active Accounts,3,Under-Profiled Active Accounts,High,"Mandate sales team to visit casinos, audit machine counts, and enrich database profiles.",0,0
Accoount 1413,Active - Stable Core Accounts,0,Stable Core Accounts,Medium,Apply benefits bonanza loyalty programs; maintain relationship at low cost.,0,0
Accoount 1414,Active - Stable Core Accounts,0,Stable Core Accounts,Medium,Apply benefits bonanza loyalty programs; maintain relationship at low cost.,0,0
Accoount 1415,Active - Under-Profiled Active Accounts,3,Under-Profiled Active Accounts,High,"Mandate sales team to visit casinos, audit machine counts, and enrich database profiles.",0,1
Accoount 1416,Active - Stable Core Accounts,0,Stable Core Accounts,Medium,Apply benefits bonanza loyalty programs; maintain relationship at low cost.,0,0
Accoount 1417,Active - Stable Core Accounts,0,Stable Core Accounts,Medium,Apply benefits bonanza loyalty programs; maintain relationship at low cost.,0,0
Accoount 1418,Active - Stable Core Accounts,0,Stable Core Accounts,Medium,Apply benefits bonanza loyalty programs; maintain relationship at low cost.,0,0
Accoount 1419,Active - Stable Core Accounts,0,Stable Core Accounts,Medium,Apply benefits bonanza loyalty programs; maintain relationship at low cost.,0,0
Accoount 1420,Active - High-Value Growth Champions,1,High-Value Growth Champions,High,Deploy dedicated account managers; cross-sell early adopter products; aggressive upsell.,0,0
Accoount 1421,Active - Stable Core Accounts,0,Stable Core Accounts,Medium,Apply benefits bonanza loyalty programs; maintain relationship at low cost.,0,0
Accoount 1422,Prospect - Medium Potential,-1,Medium-Potential Local Prospects,Medium,Deploy digital marketing and automated newsletters; outreach during regional events.,0,0
Accoount 1423,Active - Under-Profiled Active Accounts,3,Under-Profiled Active Accounts,High,"Mandate sales team to visit casinos, audit machine counts, and enrich database profiles.",0,0
Accoount 1424,Prospect - Medium Potential,-1,Medium-Potential Local Prospects,Medium,Deploy digital marketing and automated newsletters; outreach during regional events.,0,0
Accoount 1425,Active - Stable Core Accounts,0,Stable Core Accounts,Medium,Apply benefits bonanza loyalty programs; maintain relationship at low cost.,0,0
Accoount 1426,Active - Stable Core Accounts,0,Stable Core Accounts,Medium,Apply benefits bonanza loyalty programs; maintain relationship at low cost.,0,0
Accoount 1427,Prospect - High Potential,-1,High-Potential Market Prospects,High,Launch targeted marketing campaigns; prioritize sales team outreach to acquire new accounts.,0,0
Accoount 1428,Active - Stable Core Accounts,0,Stable Core Accounts,Medium,Apply benefits bonanza loyalty programs; maintain relationship at low cost.,0,0
Accoount 1429,Active - Stable Core Accounts,0,Stable Core Accounts,Medium,Apply benefits bonanza loyalty programs; maintain relationship at low cost.,0,0
Accoount 1430,Active - Under-Profiled Active Accounts,3,Under-Profiled Active Accounts,High,"Mandate sales team to visit casinos, audit machine counts, and enrich database profiles.",0,0
Accoount 1431,Active - High-Value Growth Champions,1,High-Value Growth Champions,High,Deploy dedicated account managers; cross-sell early adopter products; aggressive upsell.,0,0
Accoount 1432,Active - High-Value Growth Champions,1,High-Value Growth Champions,High,Deploy dedicated account managers; cross-sell early adopter products; aggressive upsell.,0,0
Accoount 1433,Prospect - High Potential,-1,High-Potential Market Prospects,High,Launch targeted marketing campaigns; prioritize sales team outreach to acquire new accounts.,0,0
Accoount 1434,Prospect - High Potential,-1,High-Potential Market Prospects,High,Launch targeted marketing campaigns; prioritize sales team outreach to acquire new accounts.,0,0
Accoount 1435,Prospect - High Potential,-1,High-Potential Market Prospects,High,Launch targeted marketing campaigns; prioritize sales team outreach to acquire new accounts.,0,0
Accoount 1436,Prospect - High Potential,-1,High-Potential Market Prospects,High,Launch targeted marketing campaigns; prioritize sales team outreach to acquire new accounts.,0,0
Accoount 1437,Active - High-Value Growth Champions,1,High-Value Growth Champions,High,Deploy dedicated account managers; cross-sell early adopter products; aggressive upsell.,0,0
Accoount 1438,Active - High-Value Growth Champions,1,High-Value Growth Champions,High,Deploy dedicated account managers; cross-sell early adopter products; aggressive upsell.,0,0
Accoount 1439,Active - Under-Profiled Active Accounts,3,Under-Profiled Active Accounts,High,"Mandate sales team to visit casinos, audit machine counts, and enrich database profiles.",0,0
Accoount 1440,Prospect - Medium Potential,-1,Medium-Potential Local Prospects,Medium,Deploy digital marketing and automated newsletters; outreach during regional events.,0,0
Accoount 1441,Prospect - Medium Potential,-1,Medium-Potential Local Prospects,Medium,Deploy digital marketing and automated newsletters; outreach during regional events.,0,0
Accoount 1442,Active - Stable Core Accounts,0,Stable Core Accounts,Medium,Apply benefits bonanza loyalty programs; maintain relationship at low cost.,0,0
Accoount 1443,Active - Under-Profiled Active Accounts,3,Under-Profiled Active Accounts,High,"Mandate sales team to visit casinos, audit machine counts, and enrich database profiles.",0,0
Accoount 1444,Active - Competitive Niche Accounts,2,Competitive Niche Accounts,Low,Defend competitively in major hubs; use cost-effective remote support; monitor competitor moves.,0,0
Accoount 1445,Active - High-Value Growth Champions,1,High-Value Growth Champions,High,Deploy dedicated account managers; cross-sell early adopter products; aggressive upsell.,0,0
Accoount 1446,Prospect - Medium Potential,-1,Medium-Potential Local Prospects,Medium,Deploy digital marketing and automated newsletters; outreach during regional events.,0,0
Accoount 1447,Prospect - High Potential,-1,High-Potential Market Prospects,High,Launch targeted marketing campaigns; prioritize sales team outreach to acquire new accounts.,0,0
Accoount 1448,Prospect - Medium Potential,-1,Medium-Potential Local Prospects,Medium,Deploy digital marketing and automated newsletters; outreach during regional events.,0,0
Accoount 1449,Active - Competitive Niche Accounts,2,Competitive Niche Accounts,Low,Defend competitively in major hubs; use cost-effective remote support; monitor competitor moves.,0,0
Accoount 1450,Prospect - Dormant / Address Missing,-1,Dormant / Unreachable Prospects,Low,Perform database cleanup and address validation before initiating any marketing spend.,0,0
Accoount 1451,Prospect - Dormant / Address Missing,-1,Dormant / Unreachable Prospects,Low,Perform database cleanup and address validation before initiating any marketing spend.,0,0
Accoount 1452,Prospect - High Potential,-1,High-Potential Market Prospects,High,Launch targeted marketing campaigns; prioritize sales team outreach to acquire new accounts.,0,0
Accoount 1453,Prospect - Dormant / Address Missing,-1,Dormant / Unreachable Prospects,Low,Perform database cleanup and address validation before initiating any marketing spend.,0,0
Accoount 1454,Prospect - Dormant / Address Missing,-1,Dormant / Unreachable Prospects,Low,Perform database cleanup and address validation before initiating any marketing spend.,0,0
Accoount 1455,Prospect - Medium Potential,-1,Medium-Potential Local Prospects,Medium,Deploy digital marketing and automated newsletters; outreach during regional events.,0,0
Accoount 1456,Prospect - Dormant / Address Missing,-1,Dormant / Unreachable Prospects,Low,Perform database cleanup and address validation before initiating any marketing spend.,0,0
Accoount 1457,Prospect - Dormant / Address Missing,-1,Dormant / Unreachable Prospects,Low,Perform database cleanup and address validation before initiating any marketing spend.,0,0
Accoount 1458,Prospect - Dormant / Address Missing,-1,Dormant / Unreachable Prospects,Low,Perform database cleanup and address validation before initiating any marketing spend.,0,0
Accoount 1459,Prospect - Dormant / Address Missing,-1,Dormant / Unreachable Prospects,Low,Perform database cleanup and address validation before initiating any marketing spend.,0,0
Accoount 1460,Prospect - Medium Potential,-1,Medium-Potential Local Prospects,Medium,Deploy digital marketing and automated newsletters; outreach during regional events.,0,0
Accoount 1461,Prospect - Dormant / Address Missing,-1,Dormant / Unreachable Prospects,Low,Perform database cleanup and address validation before initiating any marketing spend.,0,0
Accoount 1462,Active - High-Value Growth Champions,1,High-Value Growth Champions,High,Deploy dedicated account managers; cross-sell early adopter products; aggressive upsell.,0,0
Accoount 1463,Prospect - Dormant / Address Missing,-1,Dormant / Unreachable Prospects,Low,Perform database cleanup and address validation before initiating any marketing spend.,0,0
Accoount 1464,Prospect - Dormant / Address Missing,-1,Dormant / Unreachable Prospects,Low,Perform database cleanup and address validation before initiating any marketing spend.,0,0
Accoount 1465,Active - High-Value Growth Champions,1,High-Value Growth Champions,High,Deploy dedicated account managers; cross-sell early adopter products; aggressive upsell.,0,0
Accoount 1466,Prospect - High Potential,-1,High-Potential Market Prospects,High,Launch targeted marketing campaigns; prioritize sales team outreach to acquire new accounts.,0,0
Accoount 1467,Active - Under-Profiled Active Accounts,3,Under-Profiled Active Accounts,High,"Mandate sales team to visit casinos, audit machine counts, and enrich database profiles.",0,0
Accoount 1468,Active - High-Value Growth Champions,1,High-Value Growth Champions,High,Deploy dedicated account managers; cross-sell early adopter products; aggressive upsell.,0,0
Accoount 1469,Prospect - High Potential,-1,High-Potential Market Prospects,High,Launch targeted marketing campaigns; prioritize sales team outreach to acquire new accounts.,0,0
Accoount 1470,Prospect - Medium Potential,-1,Medium-Potential Local Prospects,Medium,Deploy digital marketing and automated newsletters; outreach during regional events.,0,0
Accoount 1471,Prospect - Dormant / Address Missing,-1,Dormant / Unreachable Prospects,Low,Perform database cleanup and address validation before initiating any marketing spend.,0,0
Accoount 1472,Prospect - Dormant / Address Missing,-1,Dormant / Unreachable Prospects,Low,Perform database cleanup and address validation before initiating any marketing spend.,0,0
Accoount 1473,Prospect - Dormant / Address Missing,-1,Dormant / Unreachable Prospects,Low,Perform database cleanup and address validation before initiating any marketing spend.,0,0
Accoount 1474,Prospect - Dormant / Address Missing,-1,Dormant / Unreachable Prospects,Low,Perform database cleanup and address validation before initiating any marketing spend.,0,0
Accoount 1475,Prospect - High Potential,-1,High-Potential Market Prospects,High,Launch targeted marketing campaigns; prioritize sales team outreach to acquire new accounts.,0,0
Accoount 1476,Prospect - High Potential,-1,High-Potential Market Prospects,High,Launch targeted marketing campaigns; prioritize sales team outreach to acquire new accounts.,0,0
Accoount 1477,Active - Competitive Niche Accounts,2,Competitive Niche Accounts,Low,Defend competitively in major hubs; use cost-effective remote support; monitor competitor moves.,0,0
Accoount 1478,Prospect - Dormant / Address Missing,-1,Dormant / Unreachable Prospects,Low,Perform database cleanup and address validation before initiating any marketing spend.,0,0
Accoount 1479,Prospect - High Potential,-1,High-Potential Market Prospects,High,Launch targeted marketing campaigns; prioritize sales team outreach to acquire new accounts.,0,0
Accoount 1480,Prospect - High Potential,-1,High-Potential Market Prospects,High,Launch targeted marketing campaigns; prioritize sales team outreach to acquire new accounts.,0,0
Accoount 1481,Prospect - Medium Potential,-1,Medium-Potential Local Prospects,Medium,Deploy digital marketing and automated newsletters; outreach during regional events.,0,0
Accoount 1482,Prospect - Medium Potential,-1,Medium-Potential Local Prospects,Medium,Deploy digital marketing and automated newsletters; outreach during regional events.,0,0
Accoount 1483,Prospect - Medium Potential,-1,Medium-Potential Local Prospects,Medium,Deploy digital marketing and automated newsletters; outreach during regional events.,0,0
Accoount 1484,Prospect - High Potential,-1,High-Potential Market Prospects,High,Launch targeted marketing campaigns; prioritize sales team outreach to acquire new accounts.,0,0
Accoount 1485,Prospect - High Potential,-1,High-Potential Market Prospects,High,Launch targeted marketing campaigns; prioritize sales team outreach to acquire new accounts.,0,0
Accoount 1486,Prospect - High Potential,-1,High-Potential Market Prospects,High,Launch targeted marketing campaigns; prioritize sales team outreach to acquire new accounts.,0,0
Accoount 1487,Prospect - High Potential,-1,High-Potential Market Prospects,High,Launch targeted marketing campaigns; prioritize sales team outreach to acquire new accounts.,0,0
Accoount 1488,Active - High-Value Growth Champions,1,High-Value Growth Champions,High,Deploy dedicated account managers; cross-sell early adopter products; aggressive upsell.,0,0
Accoount 1489,Active - High-Value Growth Champions,1,High-Value Growth Champions,High,Deploy dedicated account managers; cross-sell early adopter products; aggressive upsell.,0,0
Accoount 1490,Active - High-Value Growth Champions,1,High-Value Growth Champions,High,Deploy dedicated account managers; cross-sell early adopter products; aggressive upsell.,0,0
Accoount 1491,Active - High-Value Growth Champions,1,High-Value Growth Champions,High,Deploy dedicated account managers; cross-sell early adopter products; aggressive upsell.,0,0
Accoount 1492,Prospect - High Potential,-1,High-Potential Market Prospects,High,Launch targeted marketing campaigns; prioritize sales team outreach to acquire new accounts.,0,0
Accoount 1493,Prospect - High Potential,-1,High-Potential Market Prospects,High,Launch targeted marketing campaigns; prioritize sales team outreach to acquire new accounts.,0,0
Accoount 1494,Prospect - Medium Potential,-1,Medium-Potential Local Prospects,Medium,Deploy digital marketing and automated newsletters; outreach during regional events.,0,0
Accoount 1495,Prospect - High Potential,-1,High-Potential Market Prospects,High,Launch targeted marketing campaigns; prioritize sales team outreach to acquire new accounts.,0,0
Accoount 1496,Active - High-Value Growth Champions,1,High-Value Growth Champions,High,Deploy dedicated account managers; cross-sell early adopter products; aggressive upsell.,0,0
Accoount 1497,Prospect - Dormant / Address Missing,-1,Dormant / Unreachable Prospects,Low,Perform database cleanup and address validation before initiating any marketing spend.,0,0
Accoount 1498,Active - High-Value Growth Champions,1,High-Value Growth Champions,High,Deploy dedicated account managers; cross-sell early adopter products; aggressive upsell.,0,0
Accoount 1499,Active - Under-Profiled Active Accounts,3,Under-Profiled Active Accounts,High,"Mandate sales team to visit casinos, audit machine counts, and enrich database profiles.",0,0
Accoount 1500,Active - Under-Profiled Active Accounts,3,Under-Profiled Active Accounts,High,"Mandate sales team to visit casinos, audit machine counts, and enrich database profiles.",0,0
Accoount 1501,Prospect - Medium Potential,-1,Medium-Potential Local Prospects,Medium,Deploy digital marketing and automated newsletters; outreach during regional events.,0,0
Accoount 1502,Prospect - Medium Potential,-1,Medium-Potential Local Prospects,Medium,Deploy digital marketing and automated newsletters; outreach during regional events.,0,0
Accoount 1503,Prospect - Medium Potential,-1,Medium-Potential Local Prospects,Medium,Deploy digital marketing and automated newsletters; outreach during regional events.,0,0
Accoount 1504,Prospect - Dormant / Address Missing,-1,Dormant / Unreachable Prospects,Low,Perform database cleanup and address validation before initiating any marketing spend.,0,0
Accoount 1505,Prospect - Dormant / Address Missing,-1,Dormant / Unreachable Prospects,Low,Perform database cleanup and address validation before initiating any marketing spend.,0,0
Accoount 1506,Prospect - Dormant / Address Missing,-1,Dormant / Unreachable Prospects,Low,Perform database cleanup and address validation before initiating any marketing spend.,0,0
Accoount 1507,Active - Under-Profiled Active Accounts,3,Under-Profiled Active Accounts,High,"Mandate sales team to visit casinos, audit machine counts, and enrich database profiles.",0,0
Accoount 1508,Active - Stable Core Accounts,0,Stable Core Accounts,Medium,Apply benefits bonanza loyalty programs; maintain relationship at low cost.,0,0
Accoount 1509,Active - Stable Core Accounts,0,Stable Core Accounts,Medium,Apply benefits bonanza loyalty programs; maintain relationship at low cost.,0,0
Accoount 1510,Prospect - High Potential,-1,High-Potential Market Prospects,High,Launch targeted marketing campaigns; prioritize sales team outreach to acquire new accounts.,0,0
Accoount 1511,Active - High-Value Growth Champions,1,High-Value Growth Champions,High,Deploy dedicated account managers; cross-sell early adopter products; aggressive upsell.,0,0
Accoount 1512,Prospect - Dormant / Address Missing,-1,Dormant / Unreachable Prospects,Low,Perform database cleanup and address validation before initiating any marketing spend.,0,0
Accoount 1513,Prospect - Dormant / Address Missing,-1,Dormant / Unreachable Prospects,Low,Perform database cleanup and address validation before initiating any marketing spend.,0,0
Accoount 1514,Prospect - Dormant / Address Missing,-1,Dormant / Unreachable Prospects,Low,Perform database cleanup and address validation before initiating any marketing spend.,0,0
Accoount 1515,Active - Under-Profiled Active Accounts,3,Under-Profiled Active Accounts,High,"Mandate sales team to visit casinos, audit machine counts, and enrich database profiles.",0,0
Accoount 1516,Prospect - Dormant / Address Missing,-1,Dormant / Unreachable Prospects,Low,Perform database cleanup and address validation before initiating any marketing spend.,0,0
Accoount 1517,Active - High-Value Growth Champions,1,High-Value Growth Champions,High,Deploy dedicated account managers; cross-sell early adopter products; aggressive upsell.,0,0
Accoount 1518,Active - High-Value Growth Champions,1,High-Value Growth Champions,High,Deploy dedicated account managers; cross-sell early adopter products; aggressive upsell.,1,0
Accoount 1519,Active - High-Value Growth Champions,1,High-Value Growth Champions,High,Deploy dedicated account managers; cross-sell early adopter products; aggressive upsell.,0,0
Accoount 1520,Active - Stable Core Accounts,0,Stable Core Accounts,Medium,Apply benefits bonanza loyalty programs; maintain relationship at low cost.,0,0
Accoount 1521,Prospect - High Potential,-1,High-Potential Market Prospects,High,Launch targeted marketing campaigns; prioritize sales team outreach to acquire new accounts.,0,0
Accoount 1522,Prospect - High Potential,-1,High-Potential Market Prospects,High,Launch targeted marketing campaigns; prioritize sales team outreach to acquire new accounts.,0,0
Accoount 1523,Active - Stable Core Accounts,0,Stable Core Accounts,Medium,Apply benefits bonanza loyalty programs; maintain relationship at low cost.,0,0
Accoount 1524,Active - Stable Core Accounts,0,Stable Core Accounts,Medium,Apply benefits bonanza loyalty programs; maintain relationship at low cost.,0,0
Accoount 1525,Active - Stable Core Accounts,0,Stable Core Accounts,Medium,Apply benefits bonanza loyalty programs; maintain relationship at low cost.,0,0
Accoount 1526,Prospect - High Potential,-1,High-Potential Market Prospects,High,Launch targeted marketing campaigns; prioritize sales team outreach to acquire new accounts.,0,0
Accoount 1527,Prospect - High Potential,-1,High-Potential Market Prospects,High,Launch targeted marketing campaigns; prioritize sales team outreach to acquire new accounts.,0,0
Accoount 1528,Active - Under-Profiled Active Accounts,3,Under-Profiled Active Accounts,High,"Mandate sales team to visit casinos, audit machine counts, and enrich database profiles.",0,0
Accoount 1529,Prospect - Dormant / Address Missing,-1,Dormant / Unreachable Prospects,Low,Perform database cleanup and address validation before initiating any marketing spend.,0,0
Accoount 1530,Prospect - Dormant / Address Missing,-1,Dormant / Unreachable Prospects,Low,Perform database cleanup and address validation before initiating any marketing spend.,0,0
Accoount 1531,Prospect - Dormant / Address Missing,-1,Dormant / Unreachable Prospects,Low,Perform database cleanup and address validation before initiating any marketing spend.,0,0
Accoount 1532,Prospect - Dormant / Address Missing,-1,Dormant / Unreachable Prospects,Low,Perform database cleanup and address validation before initiating any marketing spend.,0,0
Accoount 1533,Active - High-Value Growth Champions,1,High-Value Growth Champions,High,Deploy dedicated account managers; cross-sell early adopter products; aggressive upsell.,0,0
Accoount 1534,Active - Stable Core Accounts,0,Stable Core Accounts,Medium,Apply benefits bonanza loyalty programs; maintain relationship at low cost.,0,0
Accoount 1535,Prospect - High Potential,-1,High-Potential Market Prospects,High,Launch targeted marketing campaigns; prioritize sales team outreach to acquire new accounts.,0,0
Accoount 1536,Prospect - High Potential,-1,High-Potential Market Prospects,High,Launch targeted marketing campaigns; prioritize sales team outreach to acquire new accounts.,0,0
Accoount 1537,Prospect - Medium Potential,-1,Medium-Potential Local Prospects,Medium,Deploy digital marketing and automated newsletters; outreach during regional events.,0,0
Accoount 1538,Active - Stable Core Accounts,0,Stable Core Accounts,Medium,Apply benefits bonanza loyalty programs; maintain relationship at low cost.,0,0
Accoount 1539,Active - Under-Profiled Active Accounts,3,Under-Profiled Active Accounts,High,"Mandate sales team to visit casinos, audit machine counts, and enrich database profiles.",0,1
Accoount 1540,Active - Stable Core Accounts,0,Stable Core Accounts,Medium,Apply benefits bonanza loyalty programs; maintain relationship at low cost.,0,0
Accoount 1541,Active - Stable Core Accounts,0,Stable Core Accounts,Medium,Apply benefits bonanza loyalty programs; maintain relationship at low cost.,0,0
Accoount 1542,Prospect - High Potential,-1,High-Potential Market Prospects,High,Launch targeted marketing campaigns; prioritize sales team outreach to acquire new accounts.,0,0
Accoount 1543,Active - Competitive Niche Accounts,2,Competitive Niche Accounts,Low,Defend competitively in major hubs; use cost-effective remote support; monitor competitor moves.,0,0
Accoount 1544,Active - Under-Profiled Active Accounts,3,Under-Profiled Active Accounts,High,"Mandate sales team to visit casinos, audit machine counts, and enrich database profiles.",0,0
Accoount 1545,Prospect - High Potential,-1,High-Potential Market Prospects,High,Launch targeted marketing campaigns; prioritize sales team outreach to acquire new accounts.,0,0
Accoount 1546,Active - Stable Core Accounts,0,Stable Core Accounts,Medium,Apply benefits bonanza loyalty programs; maintain relationship at low cost.,0,0
Accoount 1547,Active - High-Value Growth Champions,1,High-Value Growth Champions,High,Deploy dedicated account managers; cross-sell early adopter products; aggressive upsell.,0,0
Accoount 1548,Prospect - Dormant / Address Missing,-1,Dormant / Unreachable Prospects,Low,Perform database cleanup and address validation before initiating any marketing spend.,0,0
Accoount 1549,Active - Competitive Niche Accounts,2,Competitive Niche Accounts,Low,Defend competitively in major hubs; use cost-effective remote support; monitor competitor moves.,0,0
Accoount 1550,Prospect - High Potential,-1,High-Potential Market Prospects,High,Launch targeted marketing campaigns; prioritize sales team outreach to acquire new accounts.,0,0
Accoount 1551,Active - High-Value Growth Champions,1,High-Value Growth Champions,High,Deploy dedicated account managers; cross-sell early adopter products; aggressive upsell.,0,0
Accoount 1552,Prospect - High Potential,-1,High-Potential Market Prospects,High,Launch targeted marketing campaigns; prioritize sales team outreach to acquire new accounts.,0,0
Accoount 1553,Prospect - Dormant / Address Missing,-1,Dormant / Unreachable Prospects,Low,Perform database cleanup and address validation before initiating any marketing spend.,0,0
Accoount 1554,Prospect - High Potential,-1,High-Potential Market Prospects,High,Launch targeted marketing campaigns; prioritize sales team outreach to acquire new accounts.,0,0
Accoount 1555,Prospect - Medium Potential,-1,Medium-Potential Local Prospects,Medium,Deploy digital marketing and automated newsletters; outreach during regional events.,0,0
Accoount 1556,Prospect - High Potential,-1,High-Potential Market Prospects,High,Launch targeted marketing campaigns; prioritize sales team outreach to acquire new accounts.,0,0
Accoount 1557,Active - High-Value Growth Champions,1,High-Value Growth Champions,High,Deploy dedicated account managers; cross-sell early adopter products; aggressive upsell.,0,0
Accoount 1558,Active - Stable Core Accounts,0,Stable Core Accounts,Medium,Apply benefits bonanza loyalty programs; maintain relationship at low cost.,0,0
Accoount 1559,Active - Stable Core Accounts,0,Stable Core Accounts,Medium,Apply benefits bonanza loyalty programs; maintain relationship at low cost.,0,0
Accoount 1560,Active - Stable Core Accounts,0,Stable Core Accounts,Medium,Apply benefits bonanza loyalty programs; maintain relationship at low cost.,0,0
Accoount 1561,Active - Stable Core Accounts,0,Stable Core Accounts,Medium,Apply benefits bonanza loyalty programs; maintain relationship at low cost.,1,0
Accoount 1562,Active - Stable Core Accounts,0,Stable Core Accounts,Medium,Apply benefits bonanza loyalty programs; maintain relationship at low cost.,0,0
Accoount 1563,Active - High-Value Growth Champions,1,High-Value Growth Champions,High,Deploy dedicated account managers; cross-sell early adopter products; aggressive upsell.,0,0
Accoount 1564,Prospect - Dormant / Address Missing,-1,Dormant / Unreachable Prospects,Low,Perform database cleanup and address validation before initiating any marketing spend.,0,0
Accoount 1565,Prospect - Dormant / Address Missing,-1,Dormant / Unreachable Prospects,Low,Perform database cleanup and address validation before initiating any marketing spend.,0,0
Accoount 1566,Prospect - Dormant / Address Missing,-1,Dormant / Unreachable Prospects,Low,Perform database cleanup and address validation before initiating any marketing spend.,0,0
Accoount 1567,Active - Under-Profiled Active Accounts,3,Under-Profiled Active Accounts,High,"Mandate sales team to visit casinos, audit machine counts, and enrich database profiles.",0,0
Accoount 1568,Prospect - High Potential,-1,High-Potential Market Prospects,High,Launch targeted marketing campaigns; prioritize sales team outreach to acquire new accounts.,0,0
Accoount 1569,Active - High-Value Growth Champions,1,High-Value Growth Champions,High,Deploy dedicated account managers; cross-sell early adopter products; aggressive upsell.,0,0
Accoount 1570,Prospect - Medium Potential,-1,Medium-Potential Local Prospects,Medium,Deploy digital marketing and automated newsletters; outreach during regional events.,0,0
Accoount 1571,Active - Stable Core Accounts,0,Stable Core Accounts,Medium,Apply benefits bonanza loyalty programs; maintain relationship at low cost.,0,0
Accoount 1572,Active - Stable Core Accounts,0,Stable Core Accounts,Medium,Apply benefits bonanza loyalty programs; maintain relationship at low cost.,0,0
Accoount 1573,Active - High-Value Growth Champions,1,High-Value Growth Champions,High,Deploy dedicated account managers; cross-sell early adopter products; aggressive upsell.,0,0
Accoount 1574,Prospect - High Potential,-1,High-Potential Market Prospects,High,Launch targeted marketing campaigns; prioritize sales team outreach to acquire new accounts.,0,0
Accoount 1575,Prospect - Dormant / Address Missing,-1,Dormant / Unreachable Prospects,Low,Perform database cleanup and address validation before initiating any marketing spend.,0,0
Accoount 1576,Active - High-Value Growth Champions,1,High-Value Growth Champions,High,Deploy dedicated account managers; cross-sell early adopter products; aggressive upsell.,0,0
Accoount 1577,Prospect - Dormant / Address Missing,-1,Dormant / Unreachable Prospects,Low,Perform database cleanup and address validation before initiating any marketing spend.,0,0
Accoount 1578,Prospect - High Potential,-1,High-Potential Market Prospects,High,Launch targeted marketing campaigns; prioritize sales team outreach to acquire new accounts.,0,0
Accoount 1579,Active - Competitive Niche Accounts,2,Competitive Niche Accounts,Low,Defend competitively in major hubs; use cost-effective remote support; monitor competitor moves.,1,1
Accoount 1580,Active - Stable Core Accounts,0,Stable Core Accounts,Medium,Apply benefits bonanza loyalty programs; maintain relationship at low cost.,0,0
Accoount 1581,Active - Stable Core Accounts,0,Stable Core Accounts,Medium,Apply benefits bonanza loyalty programs; maintain relationship at low cost.,0,0
Accoount 1582,Active - Stable Core Accounts,0,Stable Core Accounts,Medium,Apply benefits bonanza loyalty programs; maintain relationship at low cost.,0,0
Accoount 1583,Active - Under-Profiled Active Accounts,3,Under-Profiled Active Accounts,High,"Mandate sales team to visit casinos, audit machine counts, and enrich database profiles.",0,0
Accoount 1584,Prospect - High Potential,-1,High-Potential Market Prospects,High,Launch targeted marketing campaigns; prioritize sales team outreach to acquire new accounts.,0,0
Accoount 1585,Prospect - Dormant / Address Missing,-1,Dormant / Unreachable Prospects,Low,Perform database cleanup and address validation before initiating any marketing spend.,0,0
Accoount 1586,Active - Stable Core Accounts,0,Stable Core Accounts,Medium,Apply benefits bonanza loyalty programs; maintain relationship at low cost.,0,0
Accoount 1587,Prospect - Medium Potential,-1,Medium-Potential Local Prospects,Medium,Deploy digital marketing and automated newsletters; outreach during regional events.,0,0
Accoount 1588,Prospect - High Potential,-1,High-Potential Market Prospects,High,Launch targeted marketing campaigns; prioritize sales team outreach to acquire new accounts.,0,0
Accoount 1589,Prospect - High Potential,-1,High-Potential Market Prospects,High,Launch targeted marketing campaigns; prioritize sales team outreach to acquire new accounts.,0,0
Accoount 1590,Active - High-Value Growth Champions,1,High-Value Growth Champions,High,Deploy dedicated account managers; cross-sell early adopter products; aggressive upsell.,0,0
Accoount 1591,Active - Under-Profiled Active Accounts,3,Under-Profiled Active Accounts,High,"Mandate sales team to visit casinos, audit machine counts, and enrich database profiles.",0,0
Accoount 1592,Active - Stable Core Accounts,0,Stable Core Accounts,Medium,Apply benefits bonanza loyalty programs; maintain relationship at low cost.,0,1
Accoount 1593,Prospect - High Potential,-1,High-Potential Market Prospects,High,Launch targeted marketing campaigns; prioritize sales team outreach to acquire new accounts.,0,0
Accoount 1594,Prospect - Dormant / Address Missing,-1,Dormant / Unreachable Prospects,Low,Perform database cleanup and address validation before initiating any marketing spend.,0,0
Accoount 1595,Prospect - Dormant / Address Missing,-1,Dormant / Unreachable Prospects,Low,Perform database cleanup and address validation before initiating any marketing spend.,0,0
Accoount 1596,Active - Competitive Niche Accounts,2,Competitive Niche Accounts,Low,Defend competitively in major hubs; use cost-effective remote support; monitor competitor moves.,0,0
Accoount 1597,Prospect - Dormant / Address Missing,-1,Dormant / Unreachable Prospects,Low,Perform database cleanup and address validation before initiating any marketing spend.,0,0
Accoount 1598,Active - High-Value Growth Champions,1,High-Value Growth Champions,High,Deploy dedicated account managers; cross-sell early adopter products; aggressive upsell.,0,0
Accoount 1599,Prospect - High Potential,-1,High-Potential Market Prospects,High,Launch targeted marketing campaigns; prioritize sales team outreach to acquire new accounts.,0,0
Accoount 1600,Prospect - Medium Potential,-1,Medium-Potential Local Prospects,Medium,Deploy digital marketing and automated newsletters; outreach during regional events.,0,0
Accoount 1601,Prospect - High Potential,-1,High-Potential Market Prospects,High,Launch targeted marketing campaigns; prioritize sales team outreach to acquire new accounts.,0,0
Accoount 1602,Active - High-Value Growth Champions,1,High-Value Growth Champions,High,Deploy dedicated account managers; cross-sell early adopter products; aggressive upsell.,0,0
Accoount 1603,Active - High-Value Growth Champions,1,High-Value Growth Champions,High,Deploy dedicated account managers; cross-sell early adopter products; aggressive upsell.,0,0
Accoount 1604,Active - High-Value Growth Champions,1,High-Value Growth Champions,High,Deploy dedicated account managers; cross-sell early adopter products; aggressive upsell.,0,0
Accoount 1605,Prospect - High Potential,-1,High-Potential Market Prospects,High,Launch targeted marketing campaigns; prioritize sales team outreach to acquire new accounts.,0,0
Accoount 1606,Active - Stable Core Accounts,0,Stable Core Accounts,Medium,Apply benefits bonanza loyalty programs; maintain relationship at low cost.,0,0
Accoount 1607,Active - Stable Core Accounts,0,Stable Core Accounts,Medium,Apply benefits bonanza loyalty programs; maintain relationship at low cost.,0,1
Accoount 1608,Active - Under-Profiled Active Accounts,3,Under-Profiled Active Accounts,High,"Mandate sales team to visit casinos, audit machine counts, and enrich database profiles.",0,0
Accoount 1609,Active - Stable Core Accounts,0,Stable Core Accounts,Medium,Apply benefits bonanza loyalty programs; maintain relationship at low cost.,0,0
Accoount 1610,Active - Under-Profiled Active Accounts,3,Under-Profiled Active Accounts,High,"Mandate sales team to visit casinos, audit machine counts, and enrich database profiles.",0,0
Accoount 1611,Prospect - Dormant / Address Missing,-1,Dormant / Unreachable Prospects,Low,Perform database cleanup and address validation before initiating any marketing spend.,0,0
Accoount 1612,Prospect - High Potential,-1,High-Potential Market Prospects,High,Launch targeted marketing campaigns; prioritize sales team outreach to acquire new accounts.,0,0
Accoount 1613,Prospect - Dormant / Address Missing,-1,Dormant / Unreachable Prospects,Low,Perform database cleanup and address validation before initiating any marketing spend.,0,0
Accoount 1614,Active - Stable Core Accounts,0,Stable Core Accounts,Medium,Apply benefits bonanza loyalty programs; maintain relationship at low cost.,0,0
Accoount 1615,Prospect - High Potential,-1,High-Potential Market Prospects,High,Launch targeted marketing campaigns; prioritize sales team outreach to acquire new accounts.,0,0
Accoount 1616,Active - High-Value Growth Champions,1,High-Value Growth Champions,High,Deploy dedicated account managers; cross-sell early adopter products; aggressive upsell.,0,0
Accoount 1617,Active - High-Value Growth Champions,1,High-Value Growth Champions,High,Deploy dedicated account managers; cross-sell early adopter products; aggressive upsell.,0,0
Accoount 1618,Active - High-Value Growth Champions,1,High-Value Growth Champions,High,Deploy dedicated account managers; cross-sell early adopter products; aggressive upsell.,0,0
Accoount 1619,Active - Stable Core Accounts,0,Stable Core Accounts,Medium,Apply benefits bonanza loyalty programs; maintain relationship at low cost.,0,0
Accoount 1620,Active - High-Value Growth Champions,1,High-Value Growth Champions,High,Deploy dedicated account managers; cross-sell early adopter products; aggressive upsell.,0,0
Accoount 1621,Active - Under-Profiled Active Accounts,3,Under-Profiled Active Accounts,High,"Mandate sales team to visit casinos, audit machine counts, and enrich database profiles.",0,0
Accoount 1622,Active - Under-Profiled Active Accounts,3,Under-Profiled Active Accounts,High,"Mandate sales team to visit casinos, audit machine counts, and enrich database profiles.",0,1
Accoount 1623,Active - Stable Core Accounts,0,Stable Core Accounts,Medium,Apply benefits bonanza loyalty programs; maintain relationship at low cost.,0,0
Accoount 1624,Prospect - Medium Potential,-1,Medium-Potential Local Prospects,Medium,Deploy digital marketing and automated newsletters; outreach during regional events.,0,0
Accoount 1625,Active - Competitive Niche Accounts,2,Competitive Niche Accounts,Low,Defend competitively in major hubs; use cost-effective remote support; monitor competitor moves.,1,0
Accoount 1626,Active - Stable Core Accounts,0,Stable Core Accounts,Medium,Apply benefits bonanza loyalty programs; maintain relationship at low cost.,0,0
Accoount 1627,Prospect - Dormant / Address Missing,-1,Dormant / Unreachable Prospects,Low,Perform database cleanup and address validation before initiating any marketing spend.,0,0
Accoount 1628,Prospect - Dormant / Address Missing,-1,Dormant / Unreachable Prospects,Low,Perform database cleanup and address validation before initiating any marketing spend.,0,0
Accoount 1629,Active - Competitive Niche Accounts,2,Competitive Niche Accounts,Low,Defend competitively in major hubs; use cost-effective remote support; monitor competitor moves.,0,0
Accoount 1630,Active - Competitive Niche Accounts,2,Competitive Niche Accounts,Low,Defend competitively in major hubs; use cost-effective remote support; monitor competitor moves.,0,0
Accoount 1631,Active - High-Value Growth Champions,1,High-Value Growth Champions,High,Deploy dedicated account managers; cross-sell early adopter products; aggressive upsell.,0,0
Accoount 1632,Active - High-Value Growth Champions,1,High-Value Growth Champions,High,Deploy dedicated account managers; cross-sell early adopter products; aggressive upsell.,0,0
Accoount 1633,Active - High-Value Growth Champions,1,High-Value Growth Champions,High,Deploy dedicated account managers; cross-sell early adopter products; aggressive upsell.,0,0
Accoount 1634,Active - High-Value Growth Champions,1,High-Value Growth Champions,High,Deploy dedicated account managers; cross-sell early adopter products; aggressive upsell.,0,0
Accoount 1635,Active - High-Value Growth Champions,1,High-Value Growth Champions,High,Deploy dedicated account managers; cross-sell early adopter products; aggressive upsell.,0,0
Accoount 1636,Active - High-Value Growth Champions,1,High-Value Growth Champions,High,Deploy dedicated account managers; cross-sell early adopter products; aggressive upsell.,0,0
Accoount 1637,Prospect - High Potential,-1,High-Potential Market Prospects,High,Launch targeted marketing campaigns; prioritize sales team outreach to acquire new accounts.,0,0
Accoount 1638,Prospect - High Potential,-1,High-Potential Market Prospects,High,Launch targeted marketing campaigns; prioritize sales team outreach to acquire new accounts.,0,0
Accoount 1639,Prospect - High Potential,-1,High-Potential Market Prospects,High,Launch targeted marketing campaigns; prioritize sales team outreach to acquire new accounts.,0,0
Accoount 1640,Active - Stable Core Accounts,0,Stable Core Accounts,Medium,Apply benefits bonanza loyalty programs; maintain relationship at low cost.,0,0
Accoount 1641,Active - Stable Core Accounts,0,Stable Core Accounts,Medium,Apply benefits bonanza loyalty programs; maintain relationship at low cost.,0,0
Accoount 1642,Prospect - High Potential,-1,High-Potential Market Prospects,High,Launch targeted marketing campaigns; prioritize sales team outreach to acquire new accounts.,0,0
Accoount 1643,Prospect - Medium Potential,-1,Medium-Potential Local Prospects,Medium,Deploy digital marketing and automated newsletters; outreach during regional events.,0,0
Accoount 1644,Active - Stable Core Accounts,0,Stable Core Accounts,Medium,Apply benefits bonanza loyalty programs; maintain relationship at low cost.,0,0
Accoount 1645,Active - Stable Core Accounts,0,Stable Core Accounts,Medium,Apply benefits bonanza loyalty programs; maintain relationship at low cost.,0,0
Accoount 1646,Active - Competitive Niche Accounts,2,Competitive Niche Accounts,Low,Defend competitively in major hubs; use cost-effective remote support; monitor competitor moves.,0,0
Accoount 1647,Prospect - High Potential,-1,High-Potential Market Prospects,High,Launch targeted marketing campaigns; prioritize sales team outreach to acquire new accounts.,0,0
Accoount 1648,Active - Stable Core Accounts,0,Stable Core Accounts,Medium,Apply benefits bonanza loyalty programs; maintain relationship at low cost.,0,0
Accoount 1649,Prospect - Dormant / Address Missing,-1,Dormant / Unreachable Prospects,Low,Perform database cleanup and address validation before initiating any marketing spend.,0,0
Accoount 1650,Prospect - High Potential,-1,High-Potential Market Prospects,High,Launch targeted marketing campaigns; prioritize sales team outreach to acquire new accounts.,0,0
Accoount 1651,Prospect - Medium Potential,-1,Medium-Potential Local Prospects,Medium,Deploy digital marketing and automated newsletters; outreach during regional events.,0,0
Accoount 1652,Active - Stable Core Accounts,0,Stable Core Accounts,Medium,Apply benefits bonanza loyalty programs; maintain relationship at low cost.,0,0
Accoount 1653,Active - Stable Core Accounts,0,Stable Core Accounts,Medium,Apply benefits bonanza loyalty programs; maintain relationship at low cost.,0,0
Accoount 1654,Prospect - High Potential,-1,High-Potential Market Prospects,High,Launch targeted marketing campaigns; prioritize sales team outreach to acquire new accounts.,0,0
Accoount 1655,Prospect - High Potential,-1,High-Potential Market Prospects,High,Launch targeted marketing campaigns; prioritize sales team outreach to acquire new accounts.,0,0
Accoount 1656,Active - Under-Profiled Active Accounts,3,Under-Profiled Active Accounts,High,"Mandate sales team to visit casinos, audit machine counts, and enrich database profiles.",0,0
Accoount 1657,Active - Competitive Niche Accounts,2,Competitive Niche Accounts,Low,Defend competitively in major hubs; use cost-effective remote support; monitor competitor moves.,0,0
Accoount 1658,Active - Under-Profiled Active Accounts,3,Under-Profiled Active Accounts,High,"Mandate sales team to visit casinos, audit machine counts, and enrich database profiles.",0,0
Accoount 1659,Prospect - Dormant / Address Missing,-1,Dormant / Unreachable Prospects,Low,Perform database cleanup and address validation before initiating any marketing spend.,0,0
Accoount 1660,Prospect - Dormant / Address Missing,-1,Dormant / Unreachable Prospects,Low,Perform database cleanup and address validation before initiating any marketing spend.,0,0
Accoount 1661,Prospect - Dormant / Address Missing,-1,Dormant / Unreachable Prospects,Low,Perform database cleanup and address validation before initiating any marketing spend.,0,0
Accoount 1662,Active - High-Value Growth Champions,1,High-Value Growth Champions,High,Deploy dedicated account managers; cross-sell early adopter products; aggressive upsell.,1,0
Accoount 1663,Prospect - High Potential,-1,High-Potential Market Prospects,High,Launch targeted marketing campaigns; prioritize sales team outreach to acquire new accounts.,0,0
Accoount 1664,Active - High-Value Growth Champions,1,High-Value Growth Champions,High,Deploy dedicated account managers; cross-sell early adopter products; aggressive upsell.,0,0
Accoount 1665,Active - High-Value Growth Champions,1,High-Value Growth Champions,High,Deploy dedicated account managers; cross-sell early adopter products; aggressive upsell.,0,0
Accoount 1666,Active - High-Value Growth Champions,1,High-Value Growth Champions,High,Deploy dedicated account managers; cross-sell early adopter products; aggressive upsell.,0,0
Accoount 1667,Prospect - Dormant / Address Missing,-1,Dormant / Unreachable Prospects,Low,Perform database cleanup and address validation before initiating any marketing spend.,0,0
Accoount 1668,Active - Stable Core Accounts,0,Stable Core Accounts,Medium,Apply benefits bonanza loyalty programs; maintain relationship at low cost.,0,0
Accoount 1669,Prospect - High Potential,-1,High-Potential Market Prospects,High,Launch targeted marketing campaigns; prioritize sales team outreach to acquire new accounts.,0,0
Accoount 1670,Prospect - High Potential,-1,High-Potential Market Prospects,High,Launch targeted marketing campaigns; prioritize sales team outreach to acquire new accounts.,0,0
Accoount 1671,Active - Under-Profiled Active Accounts,3,Under-Profiled Active Accounts,High,"Mandate sales team to visit casinos, audit machine counts, and enrich database profiles.",0,0
Accoount 1672,Prospect - Dormant / Address Missing,-1,Dormant / Unreachable Prospects,Low,Perform database cleanup and address validation before initiating any marketing spend.,0,0
Accoount 1673,Active - Stable Core Accounts,0,Stable Core Accounts,Medium,Apply benefits bonanza loyalty programs; maintain relationship at low cost.,0,0
Accoount 1674,Active - Competitive Niche Accounts,2,Competitive Niche Accounts,Low,Defend competitively in major hubs; use cost-effective remote support; monitor competitor moves.,0,0
Accoount 1675,Prospect - High Potential,-1,High-Potential Market Prospects,High,Launch targeted marketing campaigns; prioritize sales team outreach to acquire new accounts.,0,0
Accoount 1676,Prospect - Medium Potential,-1,Medium-Potential Local Prospects,Medium,Deploy digital marketing and automated newsletters; outreach during regional events.,0,0
Accoount 1677,Prospect - High Potential,-1,High-Potential Market Prospects,High,Launch targeted marketing campaigns; prioritize sales team outreach to acquire new accounts.,0,0
Accoount 1678,Active - High-Value Growth Champions,1,High-Value Growth Champions,High,Deploy dedicated account managers; cross-sell early adopter products; aggressive upsell.,0,0
Accoount 1679,Active - Stable Core Accounts,0,Stable Core Accounts,Medium,Apply benefits bonanza loyalty programs; maintain relationship at low cost.,0,0
Accoount 1680,Prospect - High Potential,-1,High-Potential Market Prospects,High,Launch targeted marketing campaigns; prioritize sales team outreach to acquire new accounts.,0,0
Accoount 1681,Active - Stable Core Accounts,0,Stable Core Accounts,Medium,Apply benefits bonanza loyalty programs; maintain relationship at low cost.,0,0
Accoount 1682,Active - Under-Profiled Active Accounts,3,Under-Profiled Active Accounts,High,"Mandate sales team to visit casinos, audit machine counts, and enrich database profiles.",0,0
Accoount 1683,Active - Stable Core Accounts,0,Stable Core Accounts,Medium,Apply benefits bonanza loyalty programs; maintain relationship at low cost.,0,0
Accoount 1684,Active - Under-Profiled Active Accounts,3,Under-Profiled Active Accounts,High,"Mandate sales team to visit casinos, audit machine counts, and enrich database profiles.",0,0
Accoount 1685,Active - Under-Profiled Active Accounts,3,Under-Profiled Active Accounts,High,"Mandate sales team to visit casinos, audit machine counts, and enrich database profiles.",0,0
Accoount 1686,Active - Stable Core Accounts,0,Stable Core Accounts,Medium,Apply benefits bonanza loyalty programs; maintain relationship at low cost.,0,0
Accoount 1687,Active - Competitive Niche Accounts,2,Competitive Niche Accounts,Low,Defend competitively in major hubs; use cost-effective remote support; monitor competitor moves.,0,0
Accoount 1688,Active - Stable Core Accounts,0,Stable Core Accounts,Medium,Apply benefits bonanza loyalty programs; maintain relationship at low cost.,0,0
Accoount 1689,Active - High-Value Growth Champions,1,High-Value Growth Champions,High,Deploy dedicated account managers; cross-sell early adopter products; aggressive upsell.,0,0
Accoount 1690,Active - Competitive Niche Accounts,2,Competitive Niche Accounts,Low,Defend competitively in major hubs; use cost-effective remote support; monitor competitor moves.,0,0
Accoount 1691,Prospect - Dormant / Address Missing,-1,Dormant / Unreachable Prospects,Low,Perform database cleanup and address validation before initiating any marketing spend.,0,0
Accoount 1692,Prospect - Dormant / Address Missing,-1,Dormant / Unreachable Prospects,Low,Perform database cleanup and address validation before initiating any marketing spend.,0,0
Accoount 1693,Active - Stable Core Accounts,0,Stable Core Accounts,Medium,Apply benefits bonanza loyalty programs; maintain relationship at low cost.,0,0
Accoount 1694,Active - Competitive Niche Accounts,2,Competitive Niche Accounts,Low,Defend competitively in major hubs; use cost-effective remote support; monitor competitor moves.,0,0
Accoount 1695,Active - Stable Core Accounts,0,Stable Core Accounts,Medium,Apply benefits bonanza loyalty programs; maintain relationship at low cost.,0,0
Accoount 1696,Active - Under-Profiled Active Accounts,3,Under-Profiled Active Accounts,High,"Mandate sales team to visit casinos, audit machine counts, and enrich database profiles.",0,0
Accoount 1697,Prospect - High Potential,-1,High-Potential Market Prospects,High,Launch targeted marketing campaigns; prioritize sales team outreach to acquire new accounts.,0,0
Accoount 1698,Prospect - High Potential,-1,High-Potential Market Prospects,High,Launch targeted marketing campaigns; prioritize sales team outreach to acquire new accounts.,0,0
Accoount 1699,Prospect - High Potential,-1,High-Potential Market Prospects,High,Launch targeted marketing campaigns; prioritize sales team outreach to acquire new accounts.,0,0
Accoount 1700,Active - Competitive Niche Accounts,2,Competitive Niche Accounts,Low,Defend competitively in major hubs; use cost-effective remote support; monitor competitor moves.,0,0
Accoount 1701,Prospect - Dormant / Address Missing,-1,Dormant / Unreachable Prospects,Low,Perform database cleanup and address validation before initiating any marketing spend.,0,0
Accoount 1702,Prospect - High Potential,-1,High-Potential Market Prospects,High,Launch targeted marketing campaigns; prioritize sales team outreach to acquire new accounts.,0,0
Accoount 1703,Prospect - Dormant / Address Missing,-1,Dormant / Unreachable Prospects,Low,Perform database cleanup and address validation before initiating any marketing spend.,0,0
Accoount 1704,Prospect - Medium Potential,-1,Medium-Potential Local Prospects,Medium,Deploy digital marketing and automated newsletters; outreach during regional events.,0,0
Accoount 1705,Prospect - High Potential,-1,High-Potential Market Prospects,High,Launch targeted marketing campaigns; prioritize sales team outreach to acquire new accounts.,0,0
Accoount 1706,Prospect - Medium Potential,-1,Medium-Potential Local Prospects,Medium,Deploy digital marketing and automated newsletters; outreach during regional events.,0,0
Accoount 1707,Prospect - Medium Potential,-1,Medium-Potential Local Prospects,Medium,Deploy digital marketing and automated newsletters; outreach during regional events.,0,0
Accoount 1708,Active - Under-Profiled Active Accounts,3,Under-Profiled Active Accounts,High,"Mandate sales team to visit casinos, audit machine counts, and enrich database profiles.",0,0
Accoount 1709,Active - Competitive Niche Accounts,2,Competitive Niche Accounts,Low,Defend competitively in major hubs; use cost-effective remote support; monitor competitor moves.,0,0
Accoount 1710,Active - Stable Core Accounts,0,Stable Core Accounts,Medium,Apply benefits bonanza loyalty programs; maintain relationship at low cost.,0,0
Accoount 1711,Active - Competitive Niche Accounts,2,Competitive Niche Accounts,Low,Defend competitively in major hubs; use cost-effective remote support; monitor competitor moves.,0,0
Accoount 1712,Prospect - Medium Potential,-1,Medium-Potential Local Prospects,Medium,Deploy digital marketing and automated newsletters; outreach during regional events.,0,0
Accoount 1713,Active - Competitive Niche Accounts,2,Competitive Niche Accounts,Low,Defend competitively in major hubs; use cost-effective remote support; monitor competitor moves.,1,0
Accoount 1714,Prospect - Dormant / Address Missing,-1,Dormant / Unreachable Prospects,Low,Perform database cleanup and address validation before initiating any marketing spend.,0,0
Accoount 1715,Prospect - Dormant / Address Missing,-1,Dormant / Unreachable Prospects,Low,Perform database cleanup and address validation before initiating any marketing spend.,0,0
Accoount 1716,Active - Stable Core Accounts,0,Stable Core Accounts,Medium,Apply benefits bonanza loyalty programs; maintain relationship at low cost.,0,0
Accoount 1717,Active - Under-Profiled Active Accounts,3,Under-Profiled Active Accounts,High,"Mandate sales team to visit casinos, audit machine counts, and enrich database profiles.",0,0
Accoount 1718,Prospect - High Potential,-1,High-Potential Market Prospects,High,Launch targeted marketing campaigns; prioritize sales team outreach to acquire new accounts.,0,0
Accoount 1719,Prospect - Medium Potential,-1,Medium-Potential Local Prospects,Medium,Deploy digital marketing and automated newsletters; outreach during regional events.,0,0
Accoount 1720,Active - Under-Profiled Active Accounts,3,Under-Profiled Active Accounts,High,"Mandate sales team to visit casinos, audit machine counts, and enrich database profiles.",0,0
Accoount 1721,Active - Competitive Niche Accounts,2,Competitive Niche Accounts,Low,Defend competitively in major hubs; use cost-effective remote support; monitor competitor moves.,0,0
Accoount 1722,Prospect - Medium Potential,-1,Medium-Potential Local Prospects,Medium,Deploy digital marketing and automated newsletters; outreach during regional events.,0,0
Accoount 1723,Prospect - High Potential,-1,High-Potential Market Prospects,High,Launch targeted marketing campaigns; prioritize sales team outreach to acquire new accounts.,0,0
Accoount 1724,Active - Under-Profiled Active Accounts,3,Under-Profiled Active Accounts,High,"Mandate sales team to visit casinos, audit machine counts, and enrich database profiles.",0,0
Accoount 1725,Prospect - High Potential,-1,High-Potential Market Prospects,High,Launch targeted marketing campaigns; prioritize sales team outreach to acquire new accounts.,0,0
Accoount 1726,Active - High-Value Growth Champions,1,High-Value Growth Champions,High,Deploy dedicated account managers; cross-sell early adopter products; aggressive upsell.,0,0
Accoount 1727,Prospect - High Potential,-1,High-Potential Market Prospects,High,Launch targeted marketing campaigns; prioritize sales team outreach to acquire new accounts.,0,0
Accoount 1728,Active - Stable Core Accounts,0,Stable Core Accounts,Medium,Apply benefits bonanza loyalty programs; maintain relationship at low cost.,0,0
Accoount 1729,Prospect - High Potential,-1,High-Potential Market Prospects,High,Launch targeted marketing campaigns; prioritize sales team outreach to acquire new accounts.,0,0
Accoount 1730,Prospect - Medium Potential,-1,Medium-Potential Local Prospects,Medium,Deploy digital marketing and automated newsletters; outreach during regional events.,0,0
Accoount 1731,Active - Stable Core Accounts,0,Stable Core Accounts,Medium,Apply benefits bonanza loyalty programs; maintain relationship at low cost.,0,0
Accoount 1732,Active - Competitive Niche Accounts,2,Competitive Niche Accounts,Low,Defend competitively in major hubs; use cost-effective remote support; monitor competitor moves.,0,0
Accoount 1733,Active - High-Value Growth Champions,1,High-Value Growth Champions,High,Deploy dedicated account managers; cross-sell early adopter products; aggressive upsell.,0,0
Accoount 1734,Active - Under-Profiled Active Accounts,3,Under-Profiled Active Accounts,High,"Mandate sales team to visit casinos, audit machine counts, and enrich database profiles.",0,0
Accoount 1735,Active - Under-Profiled Active Accounts,3,Under-Profiled Active Accounts,High,"Mandate sales team to visit casinos, audit machine counts, and enrich database profiles.",0,0
Accoount 1736,Active - Competitive Niche Accounts,2,Competitive Niche Accounts,Low,Defend competitively in major hubs; use cost-effective remote support; monitor competitor moves.,0,0
Accoount 1737,Active - Stable Core Accounts,0,Stable Core Accounts,Medium,Apply benefits bonanza loyalty programs; maintain relationship at low cost.,0,0
Accoount 1738,Active - Competitive Niche Accounts,2,Competitive Niche Accounts,Low,Defend competitively in major hubs; use cost-effective remote support; monitor competitor moves.,0,0
Accoount 1739,Active - Competitive Niche Accounts,2,Competitive Niche Accounts,Low,Defend competitively in major hubs; use cost-effective remote support; monitor competitor moves.,0,0
Accoount 1740,Prospect - High Potential,-1,High-Potential Market Prospects,High,Launch targeted marketing campaigns; prioritize sales team outreach to acquire new accounts.,0,0
Accoount 1741,Prospect - Medium Potential,-1,Medium-Potential Local Prospects,Medium,Deploy digital marketing and automated newsletters; outreach during regional events.,0,0
Accoount 1742,Prospect - High Potential,-1,High-Potential Market Prospects,High,Launch targeted marketing campaigns; prioritize sales team outreach to acquire new accounts.,0,0
Accoount 1743,Prospect - High Potential,-1,High-Potential Market Prospects,High,Launch targeted marketing campaigns; prioritize sales team outreach to acquire new accounts.,0,0
Accoount 1744,Prospect - High Potential,-1,High-Potential Market Prospects,High,Launch targeted marketing campaigns; prioritize sales team outreach to acquire new accounts.,0,0
Accoount 1745,Prospect - High Potential,-1,High-Potential Market Prospects,High,Launch targeted marketing campaigns; prioritize sales team outreach to acquire new accounts.,0,0
Accoount 1746,Active - Under-Profiled Active Accounts,3,Under-Profiled Active Accounts,High,"Mandate sales team to visit casinos, audit machine counts, and enrich database profiles.",0,0
Accoount 1747,Active - Under-Profiled Active Accounts,3,Under-Profiled Active Accounts,High,"Mandate sales team to visit casinos, audit machine counts, and enrich database profiles.",0,0
Accoount 1748,Prospect - Medium Potential,-1,Medium-Potential Local Prospects,Medium,Deploy digital marketing and automated newsletters; outreach during regional events.,0,0
Accoount 1749,Active - Stable Core Accounts,0,Stable Core Accounts,Medium,Apply benefits bonanza loyalty programs; maintain relationship at low cost.,0,0
Accoount 1750,Active - High-Value Growth Champions,1,High-Value Growth Champions,High,Deploy dedicated account managers; cross-sell early adopter products; aggressive upsell.,0,0
Accoount 1751,Active - Stable Core Accounts,0,Stable Core Accounts,Medium,Apply benefits bonanza loyalty programs; maintain relationship at low cost.,0,0
Accoount 1752,Prospect - High Potential,-1,High-Potential Market Prospects,High,Launch targeted marketing campaigns; prioritize sales team outreach to acquire new accounts.,0,0
Accoount 1753,Active - High-Value Growth Champions,1,High-Value Growth Champions,High,Deploy dedicated account managers; cross-sell early adopter products; aggressive upsell.,0,0
Accoount 1754,Prospect - High Potential,-1,High-Potential Market Prospects,High,Launch targeted marketing campaigns; prioritize sales team outreach to acquire new accounts.,0,0
Accoount 1755,Prospect - Medium Potential,-1,Medium-Potential Local Prospects,Medium,Deploy digital marketing and automated newsletters; outreach during regional events.,0,0
Accoount 1756,Active - Under-Profiled Active Accounts,3,Under-Profiled Active Accounts,High,"Mandate sales team to visit casinos, audit machine counts, and enrich database profiles.",0,0
Accoount 1757,Prospect - Medium Potential,-1,Medium-Potential Local Prospects,Medium,Deploy digital marketing and automated newsletters; outreach during regional events.,0,0
Accoount 1758,Prospect - High Potential,-1,High-Potential Market Prospects,High,Launch targeted marketing campaigns; prioritize sales team outreach to acquire new accounts.,0,0
Accoount 1759,Prospect - High Potential,-1,High-Potential Market Prospects,High,Launch targeted marketing campaigns; prioritize sales team outreach to acquire new accounts.,0,0
Accoount 1760,Active - Stable Core Accounts,0,Stable Core Accounts,Medium,Apply benefits bonanza loyalty programs; maintain relationship at low cost.,0,0
Accoount 1761,Prospect - High Potential,-1,High-Potential Market Prospects,High,Launch targeted marketing campaigns; prioritize sales team outreach to acquire new accounts.,0,0
Accoount 1762,Active - High-Value Growth Champions,1,High-Value Growth Champions,High,Deploy dedicated account managers; cross-sell early adopter products; aggressive upsell.,0,0
Accoount 1763,Active - Competitive Niche Accounts,2,Competitive Niche Accounts,Low,Defend competitively in major hubs; use cost-effective remote support; monitor competitor moves.,0,0
Accoount 1764,Prospect - Medium Potential,-1,Medium-Potential Local Prospects,Medium,Deploy digital marketing and automated newsletters; outreach during regional events.,0,0
Accoount 1765,Prospect - High Potential,-1,High-Potential Market Prospects,High,Launch targeted marketing campaigns; prioritize sales team outreach to acquire new accounts.,0,0
Accoount 1766,Active - Under-Profiled Active Accounts,3,Under-Profiled Active Accounts,High,"Mandate sales team to visit casinos, audit machine counts, and enrich database profiles.",0,0
Accoount 1767,Active - Stable Core Accounts,0,Stable Core Accounts,Medium,Apply benefits bonanza loyalty programs; maintain relationship at low cost.,0,0
Accoount 1768,Prospect - High Potential,-1,High-Potential Market Prospects,High,Launch targeted marketing campaigns; prioritize sales team outreach to acquire new accounts.,0,0
Accoount 1769,Active - Under-Profiled Active Accounts,3,Under-Profiled Active Accounts,High,"Mandate sales team to visit casinos, audit machine counts, and enrich database profiles.",0,0
Accoount 1770,Prospect - High Potential,-1,High-Potential Market Prospects,High,Launch targeted marketing campaigns; prioritize sales team outreach to acquire new accounts.,0,0
Accoount 1771,Prospect - High Potential,-1,High-Potential Market Prospects,High,Launch targeted marketing campaigns; prioritize sales team outreach to acquire new accounts.,0,0
Accoount 1772,Active - Under-Profiled Active Accounts,3,Under-Profiled Active Accounts,High,"Mandate sales team to visit casinos, audit machine counts, and enrich database profiles.",0,1
Accoount 1773,Active - Stable Core Accounts,0,Stable Core Accounts,Medium,Apply benefits bonanza loyalty programs; maintain relationship at low cost.,0,0
Accoount 1774,Active - Stable Core Accounts,0,Stable Core Accounts,Medium,Apply benefits bonanza loyalty programs; maintain relationship at low cost.,0,0
Accoount 1775,Active - Stable Core Accounts,0,Stable Core Accounts,Medium,Apply benefits bonanza loyalty programs; maintain relationship at low cost.,0,0
Accoount 1776,Active - High-Value Growth Champions,1,High-Value Growth Champions,High,Deploy dedicated account managers; cross-sell early adopter products; aggressive upsell.,0,0
Accoount 1777,Active - High-Value Growth Champions,1,High-Value Growth Champions,High,Deploy dedicated account managers; cross-sell early adopter products; aggressive upsell.,0,0
Accoount 1778,Prospect - High Potential,-1,High-Potential Market Prospects,High,Launch targeted marketing campaigns; prioritize sales team outreach to acquire new accounts.,0,0
Accoount 1779,Active - Stable Core Accounts,0,Stable Core Accounts,Medium,Apply benefits bonanza loyalty programs; maintain relationship at low cost.,0,0
Accoount 1780,Active - Stable Core Accounts,0,Stable Core Accounts,Medium,Apply benefits bonanza loyalty programs; maintain relationship at low cost.,0,0
Accoount 1781,Prospect - High Potential,-1,High-Potential Market Prospects,High,Launch targeted marketing campaigns; prioritize sales team outreach to acquire new accounts.,0,0
Accoount 1782,Prospect - High Potential,-1,High-Potential Market Prospects,High,Launch targeted marketing campaigns; prioritize sales team outreach to acquire new accounts.,0,0
Accoount 1783,Active - High-Value Growth Champions,1,High-Value Growth Champions,High,Deploy dedicated account managers; cross-sell early adopter products; aggressive upsell.,0,0
Accoount 1784,Active - High-Value Growth Champions,1,High-Value Growth Champions,High,Deploy dedicated account managers; cross-sell early adopter products; aggressive upsell.,0,0
Accoount 1785,Prospect - Medium Potential,-1,Medium-Potential Local Prospects,Medium,Deploy digital marketing and automated newsletters; outreach during regional events.,0,0
Accoount 1786,Active - High-Value Growth Champions,1,High-Value Growth Champions,High,Deploy dedicated account managers; cross-sell early adopter products; aggressive upsell.,0,0
Accoount 1787,Active - Competitive Niche Accounts,2,Competitive Niche Accounts,Low,Defend competitively in major hubs; use cost-effective remote support; monitor competitor moves.,0,1
Accoount 1788,Prospect - High Potential,-1,High-Potential Market Prospects,High,Launch targeted marketing campaigns; prioritize sales team outreach to acquire new accounts.,0,0
Accoount 1789,Active - Under-Profiled Active Accounts,3,Under-Profiled Active Accounts,High,"Mandate sales team to visit casinos, audit machine counts, and enrich database profiles.",0,0
Accoount 1790,Active - Stable Core Accounts,0,Stable Core Accounts,Medium,Apply benefits bonanza loyalty programs; maintain relationship at low cost.,0,0
Accoount 1791,Prospect - Medium Potential,-1,Medium-Potential Local Prospects,Medium,Deploy digital marketing and automated newsletters; outreach during regional events.,0,0
Accoount 1792,Active - Stable Core Accounts,0,Stable Core Accounts,Medium,Apply benefits bonanza loyalty programs; maintain relationship at low cost.,0,0
Accoount 1793,Active - Under-Profiled Active Accounts,3,Under-Profiled Active Accounts,High,"Mandate sales team to visit casinos, audit machine counts, and enrich database profiles.",0,0
Accoount 1794,Active - High-Value Growth Champions,1,High-Value Growth Champions,High,Deploy dedicated account managers; cross-sell early adopter products; aggressive upsell.,0,0
Accoount 1795,Active - Competitive Niche Accounts,2,Competitive Niche Accounts,Low,Defend competitively in major hubs; use cost-effective remote support; monitor competitor moves.,0,0
Accoount 1796,Prospect - High Potential,-1,High-Potential Market Prospects,High,Launch targeted marketing campaigns; prioritize sales team outreach to acquire new accounts.,0,0
Accoount 1797,Prospect - High Potential,-1,High-Potential Market Prospects,High,Launch targeted marketing campaigns; prioritize sales team outreach to acquire new accounts.,0,0
Accoount 1798,Prospect - High Potential,-1,High-Potential Market Prospects,High,Launch targeted marketing campaigns; prioritize sales team outreach to acquire new accounts.,0,0
Accoount 1799,Active - High-Value Growth Champions,1,High-Value Growth Champions,High,Deploy dedicated account managers; cross-sell early adopter products; aggressive upsell.,0,0
Accoount 1800,Active - Stable Core Accounts,0,Stable Core Accounts,Medium,Apply benefits bonanza loyalty programs; maintain relationship at low cost.,0,0
Accoount 1801,Prospect - High Potential,-1,High-Potential Market Prospects,High,Launch targeted marketing campaigns; prioritize sales team outreach to acquire new accounts.,0,0
Accoount 1802,Active - Under-Profiled Active Accounts,3,Under-Profiled Active Accounts,High,"Mandate sales team to visit casinos, audit machine counts, and enrich database profiles.",0,0
Accoount 1803,Active - Under-Profiled Active Accounts,3,Under-Profiled Active Accounts,High,"Mandate sales team to visit casinos, audit machine counts, and enrich database profiles.",0,0
Accoount 1804,Active - Stable Core Accounts,0,Stable Core Accounts,Medium,Apply benefits bonanza loyalty programs; maintain relationship at low cost.,0,0
Accoount 1805,Active - Under-Profiled Active Accounts,3,Under-Profiled Active Accounts,High,"Mandate sales team to visit casinos, audit machine counts, and enrich database profiles.",1,0
Accoount 1806,Active - Stable Core Accounts,0,Stable Core Accounts,Medium,Apply benefits bonanza loyalty programs; maintain relationship at low cost.,0,0
Accoount 1807,Active - Stable Core Accounts,0,Stable Core Accounts,Medium,Apply benefits bonanza loyalty programs; maintain relationship at low cost.,0,0
Accoount 1808,Prospect - Medium Potential,-1,Medium-Potential Local Prospects,Medium,Deploy digital marketing and automated newsletters; outreach during regional events.,0,0
Accoount 1809,Active - High-Value Growth Champions,1,High-Value Growth Champions,High,Deploy dedicated account managers; cross-sell early adopter products; aggressive upsell.,0,0
Accoount 1810,Active - Competitive Niche Accounts,2,Competitive Niche Accounts,Low,Defend competitively in major hubs; use cost-effective remote support; monitor competitor moves.,0,0
Accoount 1811,Prospect - Medium Potential,-1,Medium-Potential Local Prospects,Medium,Deploy digital marketing and automated newsletters; outreach during regional events.,0,0
Accoount 1812,Prospect - Medium Potential,-1,Medium-Potential Local Prospects,Medium,Deploy digital marketing and automated newsletters; outreach during regional events.,0,0
Accoount 1813,Prospect - Medium Potential,-1,Medium-Potential Local Prospects,Medium,Deploy digital marketing and automated newsletters; outreach during regional events.,0,0
Accoount 1814,Active - Stable Core Accounts,0,Stable Core Accounts,Medium,Apply benefits bonanza loyalty programs; maintain relationship at low cost.,0,0
Accoount 1815,Active - Stable Core Accounts,0,Stable Core Accounts,Medium,Apply benefits bonanza loyalty programs; maintain relationship at low cost.,0,0
Accoount 1816,Active - Under-Profiled Active Accounts,3,Under-Profiled Active Accounts,High,"Mandate sales team to visit casinos, audit machine counts, and enrich database profiles.",0,0
Accoount 1817,Active - Competitive Niche Accounts,2,Competitive Niche Accounts,Low,Defend competitively in major hubs; use cost-effective remote support; monitor competitor moves.,1,0
Accoount 1818,Active - Stable Core Accounts,0,Stable Core Accounts,Medium,Apply benefits bonanza loyalty programs; maintain relationship at low cost.,0,0
Accoount 1819,Active - Stable Core Accounts,0,Stable Core Accounts,Medium,Apply benefits bonanza loyalty programs; maintain relationship at low cost.,0,0
Accoount 1820,Active - Competitive Niche Accounts,2,Competitive Niche Accounts,Low,Defend competitively in major hubs; use cost-effective remote support; monitor competitor moves.,0,0
Accoount 1821,Prospect - High Potential,-1,High-Potential Market Prospects,High,Launch targeted marketing campaigns; prioritize sales team outreach to acquire new accounts.,0,0
Accoount 1822,Prospect - High Potential,-1,High-Potential Market Prospects,High,Launch targeted marketing campaigns; prioritize sales team outreach to acquire new accounts.,0,0
Accoount 1823,Active - Under-Profiled Active Accounts,3,Under-Profiled Active Accounts,High,"Mandate sales team to visit casinos, audit machine counts, and enrich database profiles.",0,0
Accoount 1824,Active - Under-Profiled Active Accounts,3,Under-Profiled Active Accounts,High,"Mandate sales team to visit casinos, audit machine counts, and enrich database profiles.",0,0
Accoount 1825,Active - Stable Core Accounts,0,Stable Core Accounts,Medium,Apply benefits bonanza loyalty programs; maintain relationship at low cost.,0,0
Accoount 1826,Prospect - High Potential,-1,High-Potential Market Prospects,High,Launch targeted marketing campaigns; prioritize sales team outreach to acquire new accounts.,0,0
Accoount 1827,Active - Under-Profiled Active Accounts,3,Under-Profiled Active Accounts,High,"Mandate sales team to visit casinos, audit machine counts, and enrich database profiles.",0,0
Accoount 1828,Active - Competitive Niche Accounts,2,Competitive Niche Accounts,Low,Defend competitively in major hubs; use cost-effective remote support; monitor competitor moves.,0,0
Accoount 1829,Active - Competitive Niche Accounts,2,Competitive Niche Accounts,Low,Defend competitively in major hubs; use cost-effective remote support; monitor competitor moves.,0,0
Accoount 1830,Prospect - High Potential,-1,High-Potential Market Prospects,High,Launch targeted marketing campaigns; prioritize sales team outreach to acquire new accounts.,0,0
Accoount 1831,Active - Competitive Niche Accounts,2,Competitive Niche Accounts,Low,Defend competitively in major hubs; use cost-effective remote support; monitor competitor moves.,0,0
Accoount 1832,Prospect - Medium Potential,-1,Medium-Potential Local Prospects,Medium,Deploy digital marketing and automated newsletters; outreach during regional events.,0,0
Accoount 1833,Prospect - Medium Potential,-1,Medium-Potential Local Prospects,Medium,Deploy digital marketing and automated newsletters; outreach during regional events.,0,0
Accoount 1834,Active - Stable Core Accounts,0,Stable Core Accounts,Medium,Apply benefits bonanza loyalty programs; maintain relationship at low cost.,0,0
Accoount 1835,Active - Stable Core Accounts,0,Stable Core Accounts,Medium,Apply benefits bonanza loyalty programs; maintain relationship at low cost.,0,0
Accoount 1836,Active - High-Value Growth Champions,1,High-Value Growth Champions,High,Deploy dedicated account managers; cross-sell early adopter products; aggressive upsell.,0,0
Accoount 1837,Prospect - High Potential,-1,High-Potential Market Prospects,High,Launch targeted marketing campaigns; prioritize sales team outreach to acquire new accounts.,0,0
Accoount 1838,Prospect - High Potential,-1,High-Potential Market Prospects,High,Launch targeted marketing campaigns; prioritize sales team outreach to acquire new accounts.,0,0
Accoount 1839,Active - Stable Core Accounts,0,Stable Core Accounts,Medium,Apply benefits bonanza loyalty programs; maintain relationship at low cost.,0,0
Accoount 1840,Prospect - High Potential,-1,High-Potential Market Prospects,High,Launch targeted marketing campaigns; prioritize sales team outreach to acquire new accounts.,0,0
Accoount 1841,Active - Under-Profiled Active Accounts,3,Under-Profiled Active Accounts,High,"Mandate sales team to visit casinos, audit machine counts, and enrich database profiles.",0,0
Accoount 1842,Active - Under-Profiled Active Accounts,3,Under-Profiled Active Accounts,High,"Mandate sales team to visit casinos, audit machine counts, and enrich database profiles.",0,0
Accoount 1843,Active - Under-Profiled Active Accounts,3,Under-Profiled Active Accounts,High,"Mandate sales team to visit casinos, audit machine counts, and enrich database profiles.",0,0
Accoount 1844,Prospect - Medium Potential,-1,Medium-Potential Local Prospects,Medium,Deploy digital marketing and automated newsletters; outreach during regional events.,0,0
Accoount 1845,Prospect - Medium Potential,-1,Medium-Potential Local Prospects,Medium,Deploy digital marketing and automated newsletters; outreach during regional events.,0,0
Accoount 1846,Prospect - Medium Potential,-1,Medium-Potential Local Prospects,Medium,Deploy digital marketing and automated newsletters; outreach during regional events.,0,0
Accoount 1847,Prospect - High Potential,-1,High-Potential Market Prospects,High,Launch targeted marketing campaigns; prioritize sales team outreach to acquire new accounts.,0,0
Accoount 1848,Active - Competitive Niche Accounts,2,Competitive Niche Accounts,Low,Defend competitively in major hubs; use cost-effective remote support; monitor competitor moves.,0,0
Accoount 1849,Active - Stable Core Accounts,0,Stable Core Accounts,Medium,Apply benefits bonanza loyalty programs; maintain relationship at low cost.,0,0
Accoount 1850,Prospect - Medium Potential,-1,Medium-Potential Local Prospects,Medium,Deploy digital marketing and automated newsletters; outreach during regional events.,0,0
Accoount 1851,Prospect - Medium Potential,-1,Medium-Potential Local Prospects,Medium,Deploy digital marketing and automated newsletters; outreach during regional events.,0,0
Accoount 1852,Prospect - High Potential,-1,High-Potential Market Prospects,High,Launch targeted marketing campaigns; prioritize sales team outreach to acquire new accounts.,0,0
Accoount 1853,Prospect - High Potential,-1,High-Potential Market Prospects,High,Launch targeted marketing campaigns; prioritize sales team outreach to acquire new accounts.,0,0
Accoount 1854,Active - Under-Profiled Active Accounts,3,Under-Profiled Active Accounts,High,"Mandate sales team to visit casinos, audit machine counts, and enrich database profiles.",0,0
Accoount 1855,Active - Stable Core Accounts,0,Stable Core Accounts,Medium,Apply benefits bonanza loyalty programs; maintain relationship at low cost.,0,0
Accoount 1856,Active - High-Value Growth Champions,1,High-Value Growth Champions,High,Deploy dedicated account managers; cross-sell early adopter products; aggressive upsell.,0,0
Accoount 1857,Active - Competitive Niche Accounts,2,Competitive Niche Accounts,Low,Defend competitively in major hubs; use cost-effective remote support; monitor competitor moves.,1,0
Accoount 1858,Active - High-Value Growth Champions,1,High-Value Growth Champions,High,Deploy dedicated account managers; cross-sell early adopter products; aggressive upsell.,0,0
Accoount 1859,Prospect - Medium Potential,-1,Medium-Potential Local Prospects,Medium,Deploy digital marketing and automated newsletters; outreach during regional events.,0,0
Accoount 1860,Active - Stable Core Accounts,0,Stable Core Accounts,Medium,Apply benefits bonanza loyalty programs; maintain relationship at low cost.,0,0
Accoount 1861,Active - Under-Profiled Active Accounts,3,Under-Profiled Active Accounts,High,"Mandate sales team to visit casinos, audit machine counts, and enrich database profiles.",0,0
Accoount 1862,Prospect - High Potential,-1,High-Potential Market Prospects,High,Launch targeted marketing campaigns; prioritize sales team outreach to acquire new accounts.,0,0
Accoount 1863,Active - Stable Core Accounts,0,Stable Core Accounts,Medium,Apply benefits bonanza loyalty programs; maintain relationship at low cost.,0,0
Accoount 1864,Prospect - High Potential,-1,High-Potential Market Prospects,High,Launch targeted marketing campaigns; prioritize sales team outreach to acquire new accounts.,0,0
Accoount 1865,Prospect - High Potential,-1,High-Potential Market Prospects,High,Launch targeted marketing campaigns; prioritize sales team outreach to acquire new accounts.,0,0
Accoount 1866,Active - Stable Core Accounts,0,Stable Core Accounts,Medium,Apply benefits bonanza loyalty programs; maintain relationship at low cost.,0,0
Accoount 1867,Active - Stable Core Accounts,0,Stable Core Accounts,Medium,Apply benefits bonanza loyalty programs; maintain relationship at low cost.,0,0
Accoount 1868,Active - Stable Core Accounts,0,Stable Core Accounts,Medium,Apply benefits bonanza loyalty programs; maintain relationship at low cost.,0,0
Accoount 1869,Active - Stable Core Accounts,0,Stable Core Accounts,Medium,Apply benefits bonanza loyalty programs; maintain relationship at low cost.,0,0
Accoount 1870,Active - Stable Core Accounts,0,Stable Core Accounts,Medium,Apply benefits bonanza loyalty programs; maintain relationship at low cost.,0,0
Accoount 1871,Active - Under-Profiled Active Accounts,3,Under-Profiled Active Accounts,High,"Mandate sales team to visit casinos, audit machine counts, and enrich database profiles.",0,1
Accoount 1872,Active - Stable Core Accounts,0,Stable Core Accounts,Medium,Apply benefits bonanza loyalty programs; maintain relationship at low cost.,0,0
Accoount 1873,Active - Stable Core Accounts,0,Stable Core Accounts,Medium,Apply benefits bonanza loyalty programs; maintain relationship at low cost.,0,0
Accoount 1874,Prospect - Medium Potential,-1,Medium-Potential Local Prospects,Medium,Deploy digital marketing and automated newsletters; outreach during regional events.,0,0
Accoount 1875,Prospect - High Potential,-1,High-Potential Market Prospects,High,Launch targeted marketing campaigns; prioritize sales team outreach to acquire new accounts.,0,0
Accoount 1876,Prospect - Medium Potential,-1,Medium-Potential Local Prospects,Medium,Deploy digital marketing and automated newsletters; outreach during regional events.,0,0
Accoount 1877,Active - Stable Core Accounts,0,Stable Core Accounts,Medium,Apply benefits bonanza loyalty programs; maintain relationship at low cost.,0,0
Accoount 1878,Active - Under-Profiled Active Accounts,3,Under-Profiled Active Accounts,High,"Mandate sales team to visit casinos, audit machine counts, and enrich database profiles.",0,0
Accoount 1879,Prospect - High Potential,-1,High-Potential Market Prospects,High,Launch targeted marketing campaigns; prioritize sales team outreach to acquire new accounts.,0,0
Accoount 1880,Prospect - Dormant / Address Missing,-1,Dormant / Unreachable Prospects,Low,Perform database cleanup and address validation before initiating any marketing spend.,0,0
Accoount 1881,Prospect - Medium Potential,-1,Medium-Potential Local Prospects,Medium,Deploy digital marketing and automated newsletters; outreach during regional events.,0,0
Accoount 1882,Active - Stable Core Accounts,0,Stable Core Accounts,Medium,Apply benefits bonanza loyalty programs; maintain relationship at low cost.,0,0
Accoount 1883,Prospect - High Potential,-1,High-Potential Market Prospects,High,Launch targeted marketing campaigns; prioritize sales team outreach to acquire new accounts.,0,0
Accoount 1884,Prospect - High Potential,-1,High-Potential Market Prospects,High,Launch targeted marketing campaigns; prioritize sales team outreach to acquire new accounts.,0,0
Accoount 1885,Prospect - High Potential,-1,High-Potential Market Prospects,High,Launch targeted marketing campaigns; prioritize sales team outreach to acquire new accounts.,0,0
Accoount 1886,Active - Under-Profiled Active Accounts,3,Under-Profiled Active Accounts,High,"Mandate sales team to visit casinos, audit machine counts, and enrich database profiles.",0,0
Accoount 1887,Prospect - Medium Potential,-1,Medium-Potential Local Prospects,Medium,Deploy digital marketing and automated newsletters; outreach during regional events.,0,0
Accoount 1888,Active - Stable Core Accounts,0,Stable Core Accounts,Medium,Apply benefits bonanza loyalty programs; maintain relationship at low cost.,0,0
Accoount 1889,Prospect - Medium Potential,-1,Medium-Potential Local Prospects,Medium,Deploy digital marketing and automated newsletters; outreach during regional events.,0,0
Accoount 1890,Active - Under-Profiled Active Accounts,3,Under-Profiled Active Accounts,High,"Mandate sales team to visit casinos, audit machine counts, and enrich database profiles.",0,0
Accoount 1891,Active - Stable Core Accounts,0,Stable Core Accounts,Medium,Apply benefits bonanza loyalty programs; maintain relationship at low cost.,0,0
Accoount 1892,Prospect - High Potential,-1,High-Potential Market Prospects,High,Launch targeted marketing campaigns; prioritize sales team outreach to acquire new accounts.,0,0
Accoount 1893,Prospect - High Potential,-1,High-Potential Market Prospects,High,Launch targeted marketing campaigns; prioritize sales team outreach to acquire new accounts.,0,0
Accoount 1894,Prospect - High Potential,-1,High-Potential Market Prospects,High,Launch targeted marketing campaigns; prioritize sales team outreach to acquire new accounts.,0,0
Accoount 1895,Prospect - High Potential,-1,High-Potential Market Prospects,High,Launch targeted marketing campaigns; prioritize sales team outreach to acquire new accounts.,0,0
Accoount 1896,Prospect - High Potential,-1,High-Potential Market Prospects,High,Launch targeted marketing campaigns; prioritize sales team outreach to acquire new accounts.,0,0
Accoount 1897,Prospect - High Potential,-1,High-Potential Market Prospects,High,Launch targeted marketing campaigns; prioritize sales team outreach to acquire new accounts.,0,0
Accoount 1898,Active - Competitive Niche Accounts,2,Competitive Niche Accounts,Low,Defend competitively in major hubs; use cost-effective remote support; monitor competitor moves.,1,0
Accoount 1899,Prospect - High Potential,-1,High-Potential Market Prospects,High,Launch targeted marketing campaigns; prioritize sales team outreach to acquire new accounts.,0,0
Accoount 1900,Prospect - Medium Potential,-1,Medium-Potential Local Prospects,Medium,Deploy digital marketing and automated newsletters; outreach during regional events.,0,0
Accoount 1901,Active - Under-Profiled Active Accounts,3,Under-Profiled Active Accounts,High,"Mandate sales team to visit casinos, audit machine counts, and enrich database profiles.",0,0
Accoount 1902,Active - Stable Core Accounts,0,Stable Core Accounts,Medium,Apply benefits bonanza loyalty programs; maintain relationship at low cost.,0,0
Accoount 1903,Active - High-Value Growth Champions,1,High-Value Growth Champions,High,Deploy dedicated account managers; cross-sell early adopter products; aggressive upsell.,0,0
Accoount 1904,Active - Stable Core Accounts,0,Stable Core Accounts,Medium,Apply benefits bonanza loyalty programs; maintain relationship at low cost.,0,0
Accoount 1905,Prospect - Medium Potential,-1,Medium-Potential Local Prospects,Medium,Deploy digital marketing and automated newsletters; outreach during regional events.,0,0
Accoount 1906,Active - High-Value Growth Champions,1,High-Value Growth Champions,High,Deploy dedicated account managers; cross-sell early adopter products; aggressive upsell.,0,0
Accoount 1907,Active - Under-Profiled Active Accounts,3,Under-Profiled Active Accounts,High,"Mandate sales team to visit casinos, audit machine counts, and enrich database profiles.",0,0
Accoount 1908,Active - Stable Core Accounts,0,Stable Core Accounts,Medium,Apply benefits bonanza loyalty programs; maintain relationship at low cost.,0,0
Accoount 1909,Prospect - Medium Potential,-1,Medium-Potential Local Prospects,Medium,Deploy digital marketing and automated newsletters; outreach during regional events.,0,0
Accoount 1910,Prospect - High Potential,-1,High-Potential Market Prospects,High,Launch targeted marketing campaigns; prioritize sales team outreach to acquire new accounts.,0,0
Accoount 1911,Prospect - High Potential,-1,High-Potential Market Prospects,High,Launch targeted marketing campaigns; prioritize sales team outreach to acquire new accounts.,0,0
Accoount 1912,Prospect - Medium Potential,-1,Medium-Potential Local Prospects,Medium,Deploy digital marketing and automated newsletters; outreach during regional events.,0,0
Accoount 1913,Prospect - Medium Potential,-1,Medium-Potential Local Prospects,Medium,Deploy digital marketing and automated newsletters; outreach during regional events.,0,0
Accoount 1914,Active - Under-Profiled Active Accounts,3,Under-Profiled Active Accounts,High,"Mandate sales team to visit casinos, audit machine counts, and enrich database profiles.",0,0
Accoount 1915,Active - Under-Profiled Active Accounts,3,Under-Profiled Active Accounts,High,"Mandate sales team to visit casinos, audit machine counts, and enrich database profiles.",0,0
Accoount 1916,Active - Under-Profiled Active Accounts,3,Under-Profiled Active Accounts,High,"Mandate sales team to visit casinos, audit machine counts, and enrich database profiles.",0,0
Accoount 1917,Active - Stable Core Accounts,0,Stable Core Accounts,Medium,Apply benefits bonanza loyalty programs; maintain relationship at low cost.,0,0
Accoount 1918,Active - Competitive Niche Accounts,2,Competitive Niche Accounts,Low,Defend competitively in major hubs; use cost-effective remote support; monitor competitor moves.,0,0
Accoount 1919,Active - Competitive Niche Accounts,2,Competitive Niche Accounts,Low,Defend competitively in major hubs; use cost-effective remote support; monitor competitor moves.,0,0
Accoount 1920,Active - Stable Core Accounts,0,Stable Core Accounts,Medium,Apply benefits bonanza loyalty programs; maintain relationship at low cost.,0,0
Accoount 1921,Prospect - Medium Potential,-1,Medium-Potential Local Prospects,Medium,Deploy digital marketing and automated newsletters; outreach during regional events.,0,0
Accoount 1922,Prospect - Dormant / Address Missing,-1,Dormant / Unreachable Prospects,Low,Perform database cleanup and address validation before initiating any marketing spend.,0,0
Accoount 1923,Prospect - High Potential,-1,High-Potential Market Prospects,High,Launch targeted marketing campaigns; prioritize sales team outreach to acquire new accounts.,0,0
Accoount 1924,Active - High-Value Growth Champions,1,High-Value Growth Champions,High,Deploy dedicated account managers; cross-sell early adopter products; aggressive upsell.,0,0
Accoount 1925,Active - Stable Core Accounts,0,Stable Core Accounts,Medium,Apply benefits bonanza loyalty programs; maintain relationship at low cost.,0,0
Accoount 1926,Active - Stable Core Accounts,0,Stable Core Accounts,Medium,Apply benefits bonanza loyalty programs; maintain relationship at low cost.,0,0
Accoount 1927,Active - Under-Profiled Active Accounts,3,Under-Profiled Active Accounts,High,"Mandate sales team to visit casinos, audit machine counts, and enrich database profiles.",0,0
Accoount 1928,Prospect - High Potential,-1,High-Potential Market Prospects,High,Launch targeted marketing campaigns; prioritize sales team outreach to acquire new accounts.,0,0
Accoount 1929,Prospect - Medium Potential,-1,Medium-Potential Local Prospects,Medium,Deploy digital marketing and automated newsletters; outreach during regional events.,0,0
Accoount 1930,Prospect - Medium Potential,-1,Medium-Potential Local Prospects,Medium,Deploy digital marketing and automated newsletters; outreach during regional events.,0,0
Accoount 1931,Prospect - High Potential,-1,High-Potential Market Prospects,High,Launch targeted marketing campaigns; prioritize sales team outreach to acquire new accounts.,0,0
Accoount 1932,Active - Stable Core Accounts,0,Stable Core Accounts,Medium,Apply benefits bonanza loyalty programs; maintain relationship at low cost.,0,0
Accoount 1933,Active - Under-Profiled Active Accounts,3,Under-Profiled Active Accounts,High,"Mandate sales team to visit casinos, audit machine counts, and enrich database profiles.",0,0
Accoount 1934,Active - Stable Core Accounts,0,Stable Core Accounts,Medium,Apply benefits bonanza loyalty programs; maintain relationship at low cost.,0,0
Accoount 1935,Prospect - High Potential,-1,High-Potential Market Prospects,High,Launch targeted marketing campaigns; prioritize sales team outreach to acquire new accounts.,0,0
Accoount 1936,Prospect - Medium Potential,-1,Medium-Potential Local Prospects,Medium,Deploy digital marketing and automated newsletters; outreach during regional events.,0,0
Accoount 1937,Prospect - Medium Potential,-1,Medium-Potential Local Prospects,Medium,Deploy digital marketing and automated newsletters; outreach during regional events.,0,0
Accoount 1938,Active - Under-Profiled Active Accounts,3,Under-Profiled Active Accounts,High,"Mandate sales team to visit casinos, audit machine counts, and enrich database profiles.",0,0
Accoount 1939,Active - Under-Profiled Active Accounts,3,Under-Profiled Active Accounts,High,"Mandate sales team to visit casinos, audit machine counts, and enrich database profiles.",0,0
Accoount 1940,Active - Stable Core Accounts,0,Stable Core Accounts,Medium,Apply benefits bonanza loyalty programs; maintain relationship at low cost.,0,0
Accoount 1941,Prospect - High Potential,-1,High-Potential Market Prospects,High,Launch targeted marketing campaigns; prioritize sales team outreach to acquire new accounts.,0,0
Accoount 1942,Active - Stable Core Accounts,0,Stable Core Accounts,Medium,Apply benefits bonanza loyalty programs; maintain relationship at low cost.,0,0
Accoount 1943,Active - High-Value Growth Champions,1,High-Value Growth Champions,High,Deploy dedicated account managers; cross-sell early adopter products; aggressive upsell.,0,0
Accoount 1944,Prospect - High Potential,-1,High-Potential Market Prospects,High,Launch targeted marketing campaigns; prioritize sales team outreach to acquire new accounts.,0,0
Accoount 1945,Active - Under-Profiled Active Accounts,3,Under-Profiled Active Accounts,High,"Mandate sales team to visit casinos, audit machine counts, and enrich database profiles.",0,0
Accoount 1946,Prospect - High Potential,-1,High-Potential Market Prospects,High,Launch targeted marketing campaigns; prioritize sales team outreach to acquire new accounts.,0,0
Accoount 1947,Prospect - High Potential,-1,High-Potential Market Prospects,High,Launch targeted marketing campaigns; prioritize sales team outreach to acquire new accounts.,0,0
Accoount 1948,Prospect - Medium Potential,-1,Medium-Potential Local Prospects,Medium,Deploy digital marketing and automated newsletters; outreach during regional events.,0,0
Accoount 1949,Prospect - High Potential,-1,High-Potential Market Prospects,High,Launch targeted marketing campaigns; prioritize sales team outreach to acquire new accounts.,0,0
Accoount 1950,Prospect - High Potential,-1,High-Potential Market Prospects,High,Launch targeted marketing campaigns; prioritize sales team outreach to acquire new accounts.,0,0
Accoount 1951,Prospect - Dormant / Address Missing,-1,Dormant / Unreachable Prospects,Low,Perform database cleanup and address validation before initiating any marketing spend.,0,0
Accoount 1952,Prospect - High Potential,-1,High-Potential Market Prospects,High,Launch targeted marketing campaigns; prioritize sales team outreach to acquire new accounts.,0,0
Accoount 1953,Prospect - Medium Potential,-1,Medium-Potential Local Prospects,Medium,Deploy digital marketing and automated newsletters; outreach during regional events.,0,0
Accoount 1954,Prospect - Medium Potential,-1,Medium-Potential Local Prospects,Medium,Deploy digital marketing and automated newsletters; outreach during regional events.,0,0
Accoount 1955,Prospect - High Potential,-1,High-Potential Market Prospects,High,Launch targeted marketing campaigns; prioritize sales team outreach to acquire new accounts.,0,0
Accoount 1956,Prospect - High Potential,-1,High-Potential Market Prospects,High,Launch targeted marketing campaigns; prioritize sales team outreach to acquire new accounts.,0,0
Accoount 1957,Prospect - High Potential,-1,High-Potential Market Prospects,High,Launch targeted marketing campaigns; prioritize sales team outreach to acquire new accounts.,0,0
Accoount 1958,Prospect - Dormant / Address Missing,-1,Dormant / Unreachable Prospects,Low,Perform database cleanup and address validation before initiating any marketing spend.,0,0
Accoount 1959,Prospect - High Potential,-1,High-Potential Market Prospects,High,Launch targeted marketing campaigns; prioritize sales team outreach to acquire new accounts.,0,0
Accoount 1960,Prospect - Medium Potential,-1,Medium-Potential Local Prospects,Medium,Deploy digital marketing and automated newsletters; outreach during regional events.,0,0
Accoount 1961,Prospect - High Potential,-1,High-Potential Market Prospects,High,Launch targeted marketing campaigns; prioritize sales team outreach to acquire new accounts.,0,0
Accoount 1962,Prospect - Medium Potential,-1,Medium-Potential Local Prospects,Medium,Deploy digital marketing and automated newsletters; outreach during regional events.,0,0
Accoount 1963,Prospect - Medium Potential,-1,Medium-Potential Local Prospects,Medium,Deploy digital marketing and automated newsletters; outreach during regional events.,0,0
Accoount 1964,Prospect - Medium Potential,-1,Medium-Potential Local Prospects,Medium,Deploy digital marketing and automated newsletters; outreach during regional events.,0,0
Accoount 1965,Prospect - Medium Potential,-1,Medium-Potential Local Prospects,Medium,Deploy digital marketing and automated newsletters; outreach during regional events.,0,0
Accoount 1966,Prospect - Medium Potential,-1,Medium-Potential Local Prospects,Medium,Deploy digital marketing and automated newsletters; outreach during regional events.,0,0
Accoount 1967,Prospect - Medium Potential,-1,Medium-Potential Local Prospects,Medium,Deploy digital marketing and automated newsletters; outreach during regional events.,0,0
Accoount 1968,Prospect - Medium Potential,-1,Medium-Potential Local Prospects,Medium,Deploy digital marketing and automated newsletters; outreach during regional events.,0,0
Accoount 1969,Prospect - Medium Potential,-1,Medium-Potential Local Prospects,Medium,Deploy digital marketing and automated newsletters; outreach during regional events.,0,0
Accoount 1970,Prospect - Medium Potential,-1,Medium-Potential Local Prospects,Medium,Deploy digital marketing and automated newsletters; outreach during regional events.,0,0
Accoount 1971,Prospect - Medium Potential,-1,Medium-Potential Local Prospects,Medium,Deploy digital marketing and automated newsletters; outreach during regional events.,0,0
Accoount 1972,Prospect - Medium Potential,-1,Medium-Potential Local Prospects,Medium,Deploy digital marketing and automated newsletters; outreach during regional events.,0,0
Accoount 1973,Prospect - Medium Potential,-1,Medium-Potential Local Prospects,Medium,Deploy digital marketing and automated newsletters; outreach during regional events.,0,0
Accoount 1974,Prospect - Medium Potential,-1,Medium-Potential Local Prospects,Medium,Deploy digital marketing and automated newsletters; outreach during regional events.,0,0
Accoount 1975,Prospect - Medium Potential,-1,Medium-Potential Local Prospects,Medium,Deploy digital marketing and automated newsletters; outreach during regional events.,0,0
Accoount 1976,Prospect - Medium Potential,-1,Medium-Potential Local Prospects,Medium,Deploy digital marketing and automated newsletters; outreach during regional events.,0,0
Accoount 1977,Prospect - Medium Potential,-1,Medium-Potential Local Prospects,Medium,Deploy digital marketing and automated newsletters; outreach during regional events.,0,0
Accoount 1978,Prospect - Medium Potential,-1,Medium-Potential Local Prospects,Medium,Deploy digital marketing and automated newsletters; outreach during regional events.,0,0
Accoount 1979,Prospect - Medium Potential,-1,Medium-Potential Local Prospects,Medium,Deploy digital marketing and automated newsletters; outreach during regional events.,0,0
Accoount 1980,Prospect - Medium Potential,-1,Medium-Potential Local Prospects,Medium,Deploy digital marketing and automated newsletters; outreach during regional events.,0,0
Accoount 1981,Prospect - High Potential,-1,High-Potential Market Prospects,High,Launch targeted marketing campaigns; prioritize sales team outreach to acquire new accounts.,0,0
Accoount 1982,Prospect - Medium Potential,-1,Medium-Potential Local Prospects,Medium,Deploy digital marketing and automated newsletters; outreach during regional events.,0,0
Accoount 1983,Prospect - Medium Potential,-1,Medium-Potential Local Prospects,Medium,Deploy digital marketing and automated newsletters; outreach during regional events.,0,0
Accoount 1984,Prospect - High Potential,-1,High-Potential Market Prospects,High,Launch targeted marketing campaigns; prioritize sales team outreach to acquire new accounts.,0,0
Accoount 1985,Prospect - High Potential,-1,High-Potential Market Prospects,High,Launch targeted marketing campaigns; prioritize sales team outreach to acquire new accounts.,0,0
Accoount 1986,Prospect - Medium Potential,-1,Medium-Potential Local Prospects,Medium,Deploy digital marketing and automated newsletters; outreach during regional events.,0,0
Accoount 1987,Prospect - High Potential,-1,High-Potential Market Prospects,High,Launch targeted marketing campaigns; prioritize sales team outreach to acquire new accounts.,0,0
Accoount 1988,Prospect - Medium Potential,-1,Medium-Potential Local Prospects,Medium,Deploy digital marketing and automated newsletters; outreach during regional events.,0,0
Accoount 1989,Prospect - Medium Potential,-1,Medium-Potential Local Prospects,Medium,Deploy digital marketing and automated newsletters; outreach during regional events.,0,0
Accoount 1990,Prospect - Medium Potential,-1,Medium-Potential Local Prospects,Medium,Deploy digital marketing and automated newsletters; outreach during regional events.,0,0
Accoount 1991,Prospect - High Potential,-1,High-Potential Market Prospects,High,Launch targeted marketing campaigns; prioritize sales team outreach to acquire new accounts.,0,0
Accoount 1992,Prospect - Medium Potential,-1,Medium-Potential Local Prospects,Medium,Deploy digital marketing and automated newsletters; outreach during regional events.,0,0
Accoount 1993,Prospect - High Potential,-1,High-Potential Market Prospects,High,Launch targeted marketing campaigns; prioritize sales team outreach to acquire new accounts.,0,0
Accoount 1994,Prospect - High Potential,-1,High-Potential Market Prospects,High,Launch targeted marketing campaigns; prioritize sales team outreach to acquire new accounts.,0,0
Accoount 1995,Prospect - High Potential,-1,High-Potential Market Prospects,High,Launch targeted marketing campaigns; prioritize sales team outreach to acquire new accounts.,0,0
Accoount 1996,Prospect - High Potential,-1,High-Potential Market Prospects,High,Launch targeted marketing campaigns; prioritize sales team outreach to acquire new accounts.,0,0
Accoount 1997,Prospect - Medium Potential,-1,Medium-Potential Local Prospects,Medium,Deploy digital marketing and automated newsletters; outreach during regional events.,0,0
Accoount 1998,Prospect - Medium Potential,-1,Medium-Potential Local Prospects,Medium,Deploy digital marketing and automated newsletters; outreach during regional events.,0,0
Accoount 1999,Prospect - Medium Potential,-1,Medium-Potential Local Prospects,Medium,Deploy digital marketing and automated newsletters; outreach during regional events.,0,0
Accoount 2000,Prospect - Medium Potential,-1,Medium-Potential Local Prospects,Medium,Deploy digital marketing and automated newsletters; outreach during regional events.,0,0
Accoount 2001,Prospect - Medium Potential,-1,Medium-Potential Local Prospects,Medium,Deploy digital marketing and automated newsletters; outreach during regional events.,0,0
Accoount 2002,Prospect - Medium Potential,-1,Medium-Potential Local Prospects,Medium,Deploy digital marketing and automated newsletters; outreach during regional events.,0,0
Accoount 2003,Prospect - Medium Potential,-1,Medium-Potential Local Prospects,Medium,Deploy digital marketing and automated newsletters; outreach during regional events.,0,0
Accoount 2004,Prospect - Medium Potential,-1,Medium-Potential Local Prospects,Medium,Deploy digital marketing and automated newsletters; outreach during regional events.,0,0
Accoount 2005,Prospect - Medium Potential,-1,Medium-Potential Local Prospects,Medium,Deploy digital marketing and automated newsletters; outreach during regional events.,0,0
Accoount 2006,Prospect - Medium Potential,-1,Medium-Potential Local Prospects,Medium,Deploy digital marketing and automated newsletters; outreach during regional events.,0,0
Accoount 2007,Prospect - Medium Potential,-1,Medium-Potential Local Prospects,Medium,Deploy digital marketing and automated newsletters; outreach during regional events.,0,0
Accoount 2008,Prospect - High Potential,-1,High-Potential Market Prospects,High,Launch targeted marketing campaigns; prioritize sales team outreach to acquire new accounts.,0,0
Accoount 2009,Prospect - High Potential,-1,High-Potential Market Prospects,High,Launch targeted marketing campaigns; prioritize sales team outreach to acquire new accounts.,0,0
Accoount 2010,Prospect - High Potential,-1,High-Potential Market Prospects,High,Launch targeted marketing campaigns; prioritize sales team outreach to acquire new accounts.,0,0
Accoount 2011,Prospect - Medium Potential,-1,Medium-Potential Local Prospects,Medium,Deploy digital marketing and automated newsletters; outreach during regional events.,0,0
Accoount 2012,Prospect - Medium Potential,-1,Medium-Potential Local Prospects,Medium,Deploy digital marketing and automated newsletters; outreach during regional events.,0,0
Accoount 2013,Prospect - Medium Potential,-1,Medium-Potential Local Prospects,Medium,Deploy digital marketing and automated newsletters; outreach during regional events.,0,0
Accoount 2014,Prospect - High Potential,-1,High-Potential Market Prospects,High,Launch targeted marketing campaigns; prioritize sales team outreach to acquire new accounts.,0,0
Accoount 2015,Prospect - High Potential,-1,High-Potential Market Prospects,High,Launch targeted marketing campaigns; prioritize sales team outreach to acquire new accounts.,0,0
Accoount 2016,Prospect - Medium Potential,-1,Medium-Potential Local Prospects,Medium,Deploy digital marketing and automated newsletters; outreach during regional events.,0,0
Accoount 2017,Prospect - High Potential,-1,High-Potential Market Prospects,High,Launch targeted marketing campaigns; prioritize sales team outreach to acquire new accounts.,0,0
Accoount 2018,Prospect - High Potential,-1,High-Potential Market Prospects,High,Launch targeted marketing campaigns; prioritize sales team outreach to acquire new accounts.,0,0
Accoount 2019,Prospect - Medium Potential,-1,Medium-Potential Local Prospects,Medium,Deploy digital marketing and automated newsletters; outreach during regional events.,0,0
Accoount 2020,Prospect - High Potential,-1,High-Potential Market Prospects,High,Launch targeted marketing campaigns; prioritize sales team outreach to acquire new accounts.,0,0
Accoount 2021,Prospect - Medium Potential,-1,Medium-Potential Local Prospects,Medium,Deploy digital marketing and automated newsletters; outreach during regional events.,0,0
Accoount 2022,Prospect - Medium Potential,-1,Medium-Potential Local Prospects,Medium,Deploy digital marketing and automated newsletters; outreach during regional events.,0,0
Accoount 2023,Prospect - Medium Potential,-1,Medium-Potential Local Prospects,Medium,Deploy digital marketing and automated newsletters; outreach during regional events.,0,0
Accoount 2024,Prospect - Medium Potential,-1,Medium-Potential Local Prospects,Medium,Deploy digital marketing and automated newsletters; outreach during regional events.,0,0
Accoount 2025,Prospect - Medium Potential,-1,Medium-Potential Local Prospects,Medium,Deploy digital marketing and automated newsletters; outreach during regional events.,0,0
Accoount 2026,Prospect - Medium Potential,-1,Medium-Potential Local Prospects,Medium,Deploy digital marketing and automated newsletters; outreach during regional events.,0,0
Accoount 2027,Prospect - Medium Potential,-1,Medium-Potential Local Prospects,Medium,Deploy digital marketing and automated newsletters; outreach during regional events.,0,0
Accoount 2028,Prospect - Medium Potential,-1,Medium-Potential Local Prospects,Medium,Deploy digital marketing and automated newsletters; outreach during regional events.,0,0
Accoount 2029,Prospect - Medium Potential,-1,Medium-Potential Local Prospects,Medium,Deploy digital marketing and automated newsletters; outreach during regional events.,0,0
Accoount 2030,Prospect - Medium Potential,-1,Medium-Potential Local Prospects,Medium,Deploy digital marketing and automated newsletters; outreach during regional events.,0,0
Accoount 2031,Prospect - Medium Potential,-1,Medium-Potential Local Prospects,Medium,Deploy digital marketing and automated newsletters; outreach during regional events.,0,0
Accoount 2032,Prospect - Medium Potential,-1,Medium-Potential Local Prospects,Medium,Deploy digital marketing and automated newsletters; outreach during regional events.,0,0
Accoount 2033,Prospect - Medium Potential,-1,Medium-Potential Local Prospects,Medium,Deploy digital marketing and automated newsletters; outreach during regional events.,0,0
Accoount 2034,Prospect - Medium Potential,-1,Medium-Potential Local Prospects,Medium,Deploy digital marketing and automated newsletters; outreach during regional events.,0,0
Accoount 2035,Prospect - Medium Potential,-1,Medium-Potential Local Prospects,Medium,Deploy digital marketing and automated newsletters; outreach during regional events.,0,0
Accoount 2036,Prospect - High Potential,-1,High-Potential Market Prospects,High,Launch targeted marketing campaigns; prioritize sales team outreach to acquire new accounts.,0,0
Accoount 2037,Prospect - Medium Potential,-1,Medium-Potential Local Prospects,Medium,Deploy digital marketing and automated newsletters; outreach during regional events.,0,0
Accoount 2038,Prospect - Medium Potential,-1,Medium-Potential Local Prospects,Medium,Deploy digital marketing and automated newsletters; outreach during regional events.,0,0
Accoount 2039,Prospect - Medium Potential,-1,Medium-Potential Local Prospects,Medium,Deploy digital marketing and automated newsletters; outreach during regional events.,0,0
Accoount 2040,Prospect - High Potential,-1,High-Potential Market Prospects,High,Launch targeted marketing campaigns; prioritize sales team outreach to acquire new accounts.,0,0
Accoount 2041,Prospect - High Potential,-1,High-Potential Market Prospects,High,Launch targeted marketing campaigns; prioritize sales team outreach to acquire new accounts.,0,0
Accoount 2042,Prospect - High Potential,-1,High-Potential Market Prospects,High,Launch targeted marketing campaigns; prioritize sales team outreach to acquire new accounts.,0,0
Accoount 2043,Prospect - High Potential,-1,High-Potential Market Prospects,High,Launch targeted marketing campaigns; prioritize sales team outreach to acquire new accounts.,0,0
Accoount 2044,Prospect - High Potential,-1,High-Potential Market Prospects,High,Launch targeted marketing campaigns; prioritize sales team outreach to acquire new accounts.,0,0
Accoount 2045,Prospect - High Potential,-1,High-Potential Market Prospects,High,Launch targeted marketing campaigns; prioritize sales team outreach to acquire new accounts.,0,0
Accoount 2046,Prospect - High Potential,-1,High-Potential Market Prospects,High,Launch targeted marketing campaigns; prioritize sales team outreach to acquire new accounts.,0,0
Accoount 2047,Prospect - High Potential,-1,High-Potential Market Prospects,High,Launch targeted marketing campaigns; prioritize sales team outreach to acquire new accounts.,0,0
Accoount 2048,Prospect - Medium Potential,-1,Medium-Potential Local Prospects,Medium,Deploy digital marketing and automated newsletters; outreach during regional events.,0,0
Accoount 2049,Prospect - Dormant / Address Missing,-1,Dormant / Unreachable Prospects,Low,Perform database cleanup and address validation before initiating any marketing spend.,0,0
Accoount 2050,Prospect - High Potential,-1,High-Potential Market Prospects,High,Launch targeted marketing campaigns; prioritize sales team outreach to acquire new accounts.,0,0
Accoount 2051,Prospect - High Potential,-1,High-Potential Market Prospects,High,Launch targeted marketing campaigns; prioritize sales team outreach to acquire new accounts.,0,0
Accoount 2052,Prospect - High Potential,-1,High-Potential Market Prospects,High,Launch targeted marketing campaigns; prioritize sales team outreach to acquire new accounts.,0,0
Accoount 2053,Prospect - High Potential,-1,High-Potential Market Prospects,High,Launch targeted marketing campaigns; prioritize sales team outreach to acquire new accounts.,0,0
Accoount 2054,Prospect - Medium Potential,-1,Medium-Potential Local Prospects,Medium,Deploy digital marketing and automated newsletters; outreach during regional events.,0,0
Accoount 2055,Prospect - Medium Potential,-1,Medium-Potential Local Prospects,Medium,Deploy digital marketing and automated newsletters; outreach during regional events.,0,0
Accoount 2056,Prospect - High Potential,-1,High-Potential Market Prospects,High,Launch targeted marketing campaigns; prioritize sales team outreach to acquire new accounts.,0,0
Accoount 2057,Prospect - High Potential,-1,High-Potential Market Prospects,High,Launch targeted marketing campaigns; prioritize sales team outreach to acquire new accounts.,0,0
Accoount 2058,Prospect - High Potential,-1,High-Potential Market Prospects,High,Launch targeted marketing campaigns; prioritize sales team outreach to acquire new accounts.,0,0
Accoount 2059,Prospect - Medium Potential,-1,Medium-Potential Local Prospects,Medium,Deploy digital marketing and automated newsletters; outreach during regional events.,0,0
Accoount 2060,Prospect - Medium Potential,-1,Medium-Potential Local Prospects,Medium,Deploy digital marketing and automated newsletters; outreach during regional events.,0,0
Accoount 2061,Prospect - Medium Potential,-1,Medium-Potential Local Prospects,Medium,Deploy digital marketing and automated newsletters; outreach during regional events.,0,0
Accoount 2062,Prospect - Medium Potential,-1,Medium-Potential Local Prospects,Medium,Deploy digital marketing and automated newsletters; outreach during regional events.,0,0
Accoount 2063,Prospect - Medium Potential,-1,Medium-Potential Local Prospects,Medium,Deploy digital marketing and automated newsletters; outreach during regional events.,0,0
Accoount 2064,Prospect - Medium Potential,-1,Medium-Potential Local Prospects,Medium,Deploy digital marketing and automated newsletters; outreach during regional events.,0,0
Accoount 2065,Prospect - Medium Potential,-1,Medium-Potential Local Prospects,Medium,Deploy digital marketing and automated newsletters; outreach during regional events.,0,0
Accoount 2066,Prospect - Medium Potential,-1,Medium-Potential Local Prospects,Medium,Deploy digital marketing and automated newsletters; outreach during regional events.,0,0
Accoount 2067,Prospect - Medium Potential,-1,Medium-Potential Local Prospects,Medium,Deploy digital marketing and automated newsletters; outreach during regional events.,0,0
Accoount 2068,Prospect - Medium Potential,-1,Medium-Potential Local Prospects,Medium,Deploy digital marketing and automated newsletters; outreach during regional events.,0,0
Accoount 2069,Prospect - Medium Potential,-1,Medium-Potential Local Prospects,Medium,Deploy digital marketing and automated newsletters; outreach during regional events.,0,0
Accoount 2070,Prospect - Medium Potential,-1,Medium-Potential Local Prospects,Medium,Deploy digital marketing and automated newsletters; outreach during regional events.,0,0
Accoount 2071,Prospect - Medium Potential,-1,Medium-Potential Local Prospects,Medium,Deploy digital marketing and automated newsletters; outreach during regional events.,0,0
Accoount 2072,Prospect - Medium Potential,-1,Medium-Potential Local Prospects,Medium,Deploy digital marketing and automated newsletters; outreach during regional events.,0,0
Accoount 2073,Prospect - Medium Potential,-1,Medium-Potential Local Prospects,Medium,Deploy digital marketing and automated newsletters; outreach during regional events.,0,0
Accoount 2074,Prospect - Medium Potential,-1,Medium-Potential Local Prospects,Medium,Deploy digital marketing and automated newsletters; outreach during regional events.,0,0
Accoount 2075,Prospect - High Potential,-1,High-Potential Market Prospects,High,Launch targeted marketing campaigns; prioritize sales team outreach to acquire new accounts.,0,0
Accoount 2076,Prospect - High Potential,-1,High-Potential Market Prospects,High,Launch targeted marketing campaigns; prioritize sales team outreach to acquire new accounts.,0,0
Accoount 2077,Prospect - Medium Potential,-1,Medium-Potential Local Prospects,Medium,Deploy digital marketing and automated newsletters; outreach during regional events.,0,0
Accoount 2078,Prospect - High Potential,-1,High-Potential Market Prospects,High,Launch targeted marketing campaigns; prioritize sales team outreach to acquire new accounts.,0,0
Accoount 2079,Prospect - Medium Potential,-1,Medium-Potential Local Prospects,Medium,Deploy digital marketing and automated newsletters; outreach during regional events.,0,0
Accoount 2080,Prospect - High Potential,-1,High-Potential Market Prospects,High,Launch targeted marketing campaigns; prioritize sales team outreach to acquire new accounts.,0,0
Accoount 2081,Prospect - Medium Potential,-1,Medium-Potential Local Prospects,Medium,Deploy digital marketing and automated newsletters; outreach during regional events.,0,0
Accoount 2082,Prospect - High Potential,-1,High-Potential Market Prospects,High,Launch targeted marketing campaigns; prioritize sales team outreach to acquire new accounts.,0,0
Accoount 2083,Prospect - Medium Potential,-1,Medium-Potential Local Prospects,Medium,Deploy digital marketing and automated newsletters; outreach during regional events.,0,0
Accoount 2084,Prospect - High Potential,-1,High-Potential Market Prospects,High,Launch targeted marketing campaigns; prioritize sales team outreach to acquire new accounts.,0,0
Accoount 2085,Prospect - High Potential,-1,High-Potential Market Prospects,High,Launch targeted marketing campaigns; prioritize sales team outreach to acquire new accounts.,0,0
Accoount 2086,Prospect - High Potential,-1,High-Potential Market Prospects,High,Launch targeted marketing campaigns; prioritize sales team outreach to acquire new accounts.,0,0
Accoount 2087,Prospect - Dormant / Address Missing,-1,Dormant / Unreachable Prospects,Low,Perform database cleanup and address validation before initiating any marketing spend.,0,0
Accoount 2088,Prospect - Medium Potential,-1,Medium-Potential Local Prospects,Medium,Deploy digital marketing and automated newsletters; outreach during regional events.,0,0
Accoount 2089,Prospect - Medium Potential,-1,Medium-Potential Local Prospects,Medium,Deploy digital marketing and automated newsletters; outreach during regional events.,0,0
Accoount 2090,Prospect - Medium Potential,-1,Medium-Potential Local Prospects,Medium,Deploy digital marketing and automated newsletters; outreach during regional events.,0,0
Accoount 2091,Prospect - Medium Potential,-1,Medium-Potential Local Prospects,Medium,Deploy digital marketing and automated newsletters; outreach during regional events.,0,0
Accoount 2092,Prospect - Medium Potential,-1,Medium-Potential Local Prospects,Medium,Deploy digital marketing and automated newsletters; outreach during regional events.,0,0
Accoount 2093,Prospect - Medium Potential,-1,Medium-Potential Local Prospects,Medium,Deploy digital marketing and automated newsletters; outreach during regional events.,0,0
Accoount 2094,Prospect - Medium Potential,-1,Medium-Potential Local Prospects,Medium,Deploy digital marketing and automated newsletters; outreach during regional events.,0,0
Accoount 2095,Prospect - High Potential,-1,High-Potential Market Prospects,High,Launch targeted marketing campaigns; prioritize sales team outreach to acquire new accounts.,0,0
Accoount 2096,Prospect - High Potential,-1,High-Potential Market Prospects,High,Launch targeted marketing campaigns; prioritize sales team outreach to acquire new accounts.,0,0
Accoount 2097,Prospect - Medium Potential,-1,Medium-Potential Local Prospects,Medium,Deploy digital marketing and automated newsletters; outreach during regional events.,0,0
Accoount 2098,Prospect - Medium Potential,-1,Medium-Potential Local Prospects,Medium,Deploy digital marketing and automated newsletters; outreach during regional events.,0,0
Accoount 2099,Prospect - Medium Potential,-1,Medium-Potential Local Prospects,Medium,Deploy digital marketing and automated newsletters; outreach during regional events.,0,0
Accoount 2100,Prospect - Medium Potential,-1,Medium-Potential Local Prospects,Medium,Deploy digital marketing and automated newsletters; outreach during regional events.,0,0
Accoount 2101,Prospect - High Potential,-1,High-Potential Market Prospects,High,Launch targeted marketing campaigns; prioritize sales team outreach to acquire new accounts.,0,0
Accoount 2102,Prospect - Medium Potential,-1,Medium-Potential Local Prospects,Medium,Deploy digital marketing and automated newsletters; outreach during regional events.,0,0
Accoount 2103,Prospect - High Potential,-1,High-Potential Market Prospects,High,Launch targeted marketing campaigns; prioritize sales team outreach to acquire new accounts.,0,0
Accoount 2104,Prospect - High Potential,-1,High-Potential Market Prospects,High,Launch targeted marketing campaigns; prioritize sales team outreach to acquire new accounts.,0,0
Accoount 2105,Prospect - High Potential,-1,High-Potential Market Prospects,High,Launch targeted marketing campaigns; prioritize sales team outreach to acquire new accounts.,0,0
Accoount 2106,Prospect - High Potential,-1,High-Potential Market Prospects,High,Launch targeted marketing campaigns; prioritize sales team outreach to acquire new accounts.,0,0
Accoount 2107,Prospect - Dormant / Address Missing,-1,Dormant / Unreachable Prospects,Low,Perform database cleanup and address validation before initiating any marketing spend.,0,0
Accoount 2108,Prospect - Dormant / Address Missing,-1,Dormant / Unreachable Prospects,Low,Perform database cleanup and address validation before initiating any marketing spend.,0,0
Accoount 2109,Prospect - Medium Potential,-1,Medium-Potential Local Prospects,Medium,Deploy digital marketing and automated newsletters; outreach during regional events.,0,0
Accoount 2110,Prospect - Medium Potential,-1,Medium-Potential Local Prospects,Medium,Deploy digital marketing and automated newsletters; outreach during regional events.,0,0
Accoount 2111,Prospect - Dormant / Address Missing,-1,Dormant / Unreachable Prospects,Low,Perform database cleanup and address validation before initiating any marketing spend.,0,0
Accoount 2112,Prospect - High Potential,-1,High-Potential Market Prospects,High,Launch targeted marketing campaigns; prioritize sales team outreach to acquire new accounts.,0,0
Accoount 2113,Prospect - High Potential,-1,High-Potential Market Prospects,High,Launch targeted marketing campaigns; prioritize sales team outreach to acquire new accounts.,0,0
Accoount 2114,Prospect - Medium Potential,-1,Medium-Potential Local Prospects,Medium,Deploy digital marketing and automated newsletters; outreach during regional events.,0,0
Accoount 2115,Prospect - Medium Potential,-1,Medium-Potential Local Prospects,Medium,Deploy digital marketing and automated newsletters; outreach during regional events.,0,0
Accoount 2116,Prospect - High Potential,-1,High-Potential Market Prospects,High,Launch targeted marketing campaigns; prioritize sales team outreach to acquire new accounts.,0,0
Accoount 2117,Prospect - Medium Potential,-1,Medium-Potential Local Prospects,Medium,Deploy digital marketing and automated newsletters; outreach during regional events.,0,0
Accoount 2118,Prospect - High Potential,-1,High-Potential Market Prospects,High,Launch targeted marketing campaigns; prioritize sales team outreach to acquire new accounts.,0,0
Accoount 2119,Prospect - Medium Potential,-1,Medium-Potential Local Prospects,Medium,Deploy digital marketing and automated newsletters; outreach during regional events.,0,0
Accoount 2120,Prospect - Medium Potential,-1,Medium-Potential Local Prospects,Medium,Deploy digital marketing and automated newsletters; outreach during regional events.,0,0
Accoount 2121,Prospect - Medium Potential,-1,Medium-Potential Local Prospects,Medium,Deploy digital marketing and automated newsletters; outreach during regional events.,0,0
Accoount 2122,Prospect - Medium Potential,-1,Medium-Potential Local Prospects,Medium,Deploy digital marketing and automated newsletters; outreach during regional events.,0,0
Accoount 2123,Prospect - Medium Potential,-1,Medium-Potential Local Prospects,Medium,Deploy digital marketing and automated newsletters; outreach during regional events.,0,0
Accoount 2124,Prospect - Medium Potential,-1,Medium-Potential Local Prospects,Medium,Deploy digital marketing and automated newsletters; outreach during regional events.,0,0
Accoount 2125,Prospect - Medium Potential,-1,Medium-Potential Local Prospects,Medium,Deploy digital marketing and automated newsletters; outreach during regional events.,0,0
Accoount 2126,Prospect - Medium Potential,-1,Medium-Potential Local Prospects,Medium,Deploy digital marketing and automated newsletters; outreach during regional events.,0,0
Accoount 2127,Prospect - Medium Potential,-1,Medium-Potential Local Prospects,Medium,Deploy digital marketing and automated newsletters; outreach during regional events.,0,0
Accoount 2128,Prospect - Medium Potential,-1,Medium-Potential Local Prospects,Medium,Deploy digital marketing and automated newsletters; outreach during regional events.,0,0
Accoount 2129,Prospect - High Potential,-1,High-Potential Market Prospects,High,Launch targeted marketing campaigns; prioritize sales team outreach to acquire new accounts.,0,0
Accoount 2130,Prospect - High Potential,-1,High-Potential Market Prospects,High,Launch targeted marketing campaigns; prioritize sales team outreach to acquire new accounts.,0,0
Accoount 2131,Prospect - High Potential,-1,High-Potential Market Prospects,High,Launch targeted marketing campaigns; prioritize sales team outreach to acquire new accounts.,0,0
Accoount 2132,Prospect - High Potential,-1,High-Potential Market Prospects,High,Launch targeted marketing campaigns; prioritize sales team outreach to acquire new accounts.,0,0
Accoount 2133,Prospect - Medium Potential,-1,Medium-Potential Local Prospects,Medium,Deploy digital marketing and automated newsletters; outreach during regional events.,0,0
Accoount 2134,Prospect - High Potential,-1,High-Potential Market Prospects,High,Launch targeted marketing campaigns; prioritize sales team outreach to acquire new accounts.,0,0
Accoount 2135,Prospect - High Potential,-1,High-Potential Market Prospects,High,Launch targeted marketing campaigns; prioritize sales team outreach to acquire new accounts.,0,0
Accoount 2136,Prospect - High Potential,-1,High-Potential Market Prospects,High,Launch targeted marketing campaigns; prioritize sales team outreach to acquire new accounts.,0,0
Accoount 2137,Prospect - Medium Potential,-1,Medium-Potential Local Prospects,Medium,Deploy digital marketing and automated newsletters; outreach during regional events.,0,0
Accoount 2138,Prospect - High Potential,-1,High-Potential Market Prospects,High,Launch targeted marketing campaigns; prioritize sales team outreach to acquire new accounts.,0,0
Accoount 2139,Prospect - High Potential,-1,High-Potential Market Prospects,High,Launch targeted marketing campaigns; prioritize sales team outreach to acquire new accounts.,0,0
Accoount 2140,Prospect - Medium Potential,-1,Medium-Potential Local Prospects,Medium,Deploy digital marketing and automated newsletters; outreach during regional events.,0,0
Accoount 2141,Prospect - Medium Potential,-1,Medium-Potential Local Prospects,Medium,Deploy digital marketing and automated newsletters; outreach during regional events.,0,0
Accoount 2142,Prospect - Medium Potential,-1,Medium-Potential Local Prospects,Medium,Deploy digital marketing and automated newsletters; outreach during regional events.,0,0
Accoount 2143,Prospect - Medium Potential,-1,Medium-Potential Local Prospects,Medium,Deploy digital marketing and automated newsletters; outreach during regional events.,0,0
Accoount 2144,Prospect - High Potential,-1,High-Potential Market Prospects,High,Launch targeted marketing campaigns; prioritize sales team outreach to acquire new accounts.,0,0
Accoount 2145,Prospect - High Potential,-1,High-Potential Market Prospects,High,Launch targeted marketing campaigns; prioritize sales team outreach to acquire new accounts.,0,0
Accoount 2146,Prospect - Medium Potential,-1,Medium-Potential Local Prospects,Medium,Deploy digital marketing and automated newsletters; outreach during regional events.,0,0
Accoount 2147,Prospect - High Potential,-1,High-Potential Market Prospects,High,Launch targeted marketing campaigns; prioritize sales team outreach to acquire new accounts.,0,0
Accoount 2148,Prospect - Medium Potential,-1,Medium-Potential Local Prospects,Medium,Deploy digital marketing and automated newsletters; outreach during regional events.,0,0
Accoount 2149,Prospect - Medium Potential,-1,Medium-Potential Local Prospects,Medium,Deploy digital marketing and automated newsletters; outreach during regional events.,0,0
Accoount 2150,Prospect - Medium Potential,-1,Medium-Potential Local Prospects,Medium,Deploy digital marketing and automated newsletters; outreach during regional events.,0,0
Accoount 2151,Prospect - Medium Potential,-1,Medium-Potential Local Prospects,Medium,Deploy digital marketing and automated newsletters; outreach during regional events.,0,0
Accoount 2152,Prospect - Medium Potential,-1,Medium-Potential Local Prospects,Medium,Deploy digital marketing and automated newsletters; outreach during regional events.,0,0
Accoount 2153,Prospect - Medium Potential,-1,Medium-Potential Local Prospects,Medium,Deploy digital marketing and automated newsletters; outreach during regional events.,0,0
Accoount 2154,Prospect - Medium Potential,-1,Medium-Potential Local Prospects,Medium,Deploy digital marketing and automated newsletters; outreach during regional events.,0,0
Accoount 2155,Prospect - Medium Potential,-1,Medium-Potential Local Prospects,Medium,Deploy digital marketing and automated newsletters; outreach during regional events.,0,0
Accoount 2156,Prospect - Medium Potential,-1,Medium-Potential Local Prospects,Medium,Deploy digital marketing and automated newsletters; outreach during regional events.,0,0
Accoount 2157,Prospect - Medium Potential,-1,Medium-Potential Local Prospects,Medium,Deploy digital marketing and automated newsletters; outreach during regional events.,0,0
Accoount 2158,Prospect - Medium Potential,-1,Medium-Potential Local Prospects,Medium,Deploy digital marketing and automated newsletters; outreach during regional events.,0,0
Accoount 2159,Prospect - Medium Potential,-1,Medium-Potential Local Prospects,Medium,Deploy digital marketing and automated newsletters; outreach during regional events.,0,0
Accoount 2160,Prospect - High Potential,-1,High-Potential Market Prospects,High,Launch targeted marketing campaigns; prioritize sales team outreach to acquire new accounts.,0,0
Accoount 2161,Prospect - High Potential,-1,High-Potential Market Prospects,High,Launch targeted marketing campaigns; prioritize sales team outreach to acquire new accounts.,0,0
Accoount 2162,Prospect - Medium Potential,-1,Medium-Potential Local Prospects,Medium,Deploy digital marketing and automated newsletters; outreach during regional events.,0,0
Accoount 2163,Prospect - Medium Potential,-1,Medium-Potential Local Prospects,Medium,Deploy digital marketing and automated newsletters; outreach during regional events.,0,0
Accoount 2164,Prospect - High Potential,-1,High-Potential Market Prospects,High,Launch targeted marketing campaigns; prioritize sales team outreach to acquire new accounts.,0,0
Accoount 2165,Prospect - High Potential,-1,High-Potential Market Prospects,High,Launch targeted marketing campaigns; prioritize sales team outreach to acquire new accounts.,0,0
Accoount 2166,Prospect - Dormant / Address Missing,-1,Dormant / Unreachable Prospects,Low,Perform database cleanup and address validation before initiating any marketing spend.,0,0
Accoount 2167,Prospect - High Potential,-1,High-Potential Market Prospects,High,Launch targeted marketing campaigns; prioritize sales team outreach to acquire new accounts.,0,0
Accoount 2168,Prospect - High Potential,-1,High-Potential Market Prospects,High,Launch targeted marketing campaigns; prioritize sales team outreach to acquire new accounts.,0,0
Accoount 2169,Prospect - High Potential,-1,High-Potential Market Prospects,High,Launch targeted marketing campaigns; prioritize sales team outreach to acquire new accounts.,0,0
Accoount 2170,Prospect - Medium Potential,-1,Medium-Potential Local Prospects,Medium,Deploy digital marketing and automated newsletters; outreach during regional events.,0,0
Accoount 2171,Prospect - Medium Potential,-1,Medium-Potential Local Prospects,Medium,Deploy digital marketing and automated newsletters; outreach during regional events.,0,0
Accoount 2172,Prospect - Medium Potential,-1,Medium-Potential Local Prospects,Medium,Deploy digital marketing and automated newsletters; outreach during regional events.,0,0
Accoount 2173,Prospect - High Potential,-1,High-Potential Market Prospects,High,Launch targeted marketing campaigns; prioritize sales team outreach to acquire new accounts.,0,0
Accoount 2174,Prospect - High Potential,-1,High-Potential Market Prospects,High,Launch targeted marketing campaigns; prioritize sales team outreach to acquire new accounts.,0,0
Accoount 2175,Prospect - High Potential,-1,High-Potential Market Prospects,High,Launch targeted marketing campaigns; prioritize sales team outreach to acquire new accounts.,0,0
Accoount 2176,Prospect - Dormant / Address Missing,-1,Dormant / Unreachable Prospects,Low,Perform database cleanup and address validation before initiating any marketing spend.,0,0
Accoount 2177,Prospect - High Potential,-1,High-Potential Market Prospects,High,Launch targeted marketing campaigns; prioritize sales team outreach to acquire new accounts.,0,0
Accoount 2178,Prospect - Dormant / Address Missing,-1,Dormant / Unreachable Prospects,Low,Perform database cleanup and address validation before initiating any marketing spend.,0,0
Accoount 2179,Prospect - Medium Potential,-1,Medium-Potential Local Prospects,Medium,Deploy digital marketing and automated newsletters; outreach during regional events.,0,0
Accoount 2180,Prospect - High Potential,-1,High-Potential Market Prospects,High,Launch targeted marketing campaigns; prioritize sales team outreach to acquire new accounts.,0,0
Accoount 2181,Prospect - Medium Potential,-1,Medium-Potential Local Prospects,Medium,Deploy digital marketing and automated newsletters; outreach during regional events.,0,0
Accoount 2182,Prospect - Medium Potential,-1,Medium-Potential Local Prospects,Medium,Deploy digital marketing and automated newsletters; outreach during regional events.,0,0
Accoount 2183,Prospect - High Potential,-1,High-Potential Market Prospects,High,Launch targeted marketing campaigns; prioritize sales team outreach to acquire new accounts.,0,0
Accoount 2184,Prospect - Medium Potential,-1,Medium-Potential Local Prospects,Medium,Deploy digital marketing and automated newsletters; outreach during regional events.,0,0
Accoount 2185,Prospect - Medium Potential,-1,Medium-Potential Local Prospects,Medium,Deploy digital marketing and automated newsletters; outreach during regional events.,0,0
Accoount 2186,Prospect - Medium Potential,-1,Medium-Potential Local Prospects,Medium,Deploy digital marketing and automated newsletters; outreach during regional events.,0,0
Accoount 2187,Prospect - Medium Potential,-1,Medium-Potential Local Prospects,Medium,Deploy digital marketing and automated newsletters; outreach during regional events.,0,0
Accoount 2188,Prospect - Medium Potential,-1,Medium-Potential Local Prospects,Medium,Deploy digital marketing and automated newsletters; outreach during regional events.,0,0
Accoount 2189,Prospect - Medium Potential,-1,Medium-Potential Local Prospects,Medium,Deploy digital marketing and automated newsletters; outreach during regional events.,0,0
Accoount 2190,Prospect - Medium Potential,-1,Medium-Potential Local Prospects,Medium,Deploy digital marketing and automated newsletters; outreach during regional events.,0,0
Accoount 2191,Prospect - Medium Potential,-1,Medium-Potential Local Prospects,Medium,Deploy digital marketing and automated newsletters; outreach during regional events.,0,0
Accoount 2192,Prospect - Medium Potential,-1,Medium-Potential Local Prospects,Medium,Deploy digital marketing and automated newsletters; outreach during regional events.,0,0
Accoount 2193,Prospect - Medium Potential,-1,Medium-Potential Local Prospects,Medium,Deploy digital marketing and automated newsletters; outreach during regional events.,0,0
Accoount 2194,Prospect - Medium Potential,-1,Medium-Potential Local Prospects,Medium,Deploy digital marketing and automated newsletters; outreach during regional events.,0,0
Accoount 2195,Prospect - Medium Potential,-1,Medium-Potential Local Prospects,Medium,Deploy digital marketing and automated newsletters; outreach during regional events.,0,0
Accoount 2196,Prospect - Medium Potential,-1,Medium-Potential Local Prospects,Medium,Deploy digital marketing and automated newsletters; outreach during regional events.,0,0
Accoount 2197,Prospect - Medium Potential,-1,Medium-Potential Local Prospects,Medium,Deploy digital marketing and automated newsletters; outreach during regional events.,0,0
Accoount 2198,Prospect - Medium Potential,-1,Medium-Potential Local Prospects,Medium,Deploy digital marketing and automated newsletters; outreach during regional events.,0,0
Accoount 2199,Prospect - Medium Potential,-1,Medium-Potential Local Prospects,Medium,Deploy digital marketing and automated newsletters; outreach during regional events.,0,0
Accoount 2200,Prospect - Medium Potential,-1,Medium-Potential Local Prospects,Medium,Deploy digital marketing and automated newsletters; outreach during regional events.,0,0
Accoount 2201,Prospect - High Potential,-1,High-Potential Market Prospects,High,Launch targeted marketing campaigns; prioritize sales team outreach to acquire new accounts.,0,0
Accoount 2202,Prospect - High Potential,-1,High-Potential Market Prospects,High,Launch targeted marketing campaigns; prioritize sales team outreach to acquire new accounts.,0,0
Accoount 2203,Prospect - Medium Potential,-1,Medium-Potential Local Prospects,Medium,Deploy digital marketing and automated newsletters; outreach during regional events.,0,0
Accoount 2204,Prospect - High Potential,-1,High-Potential Market Prospects,High,Launch targeted marketing campaigns; prioritize sales team outreach to acquire new accounts.,0,0
Accoount 2205,Prospect - High Potential,-1,High-Potential Market Prospects,High,Launch targeted marketing campaigns; prioritize sales team outreach to acquire new accounts.,0,0
Accoount 2206,Prospect - Medium Potential,-1,Medium-Potential Local Prospects,Medium,Deploy digital marketing and automated newsletters; outreach during regional events.,0,0
Accoount 2207,Prospect - Medium Potential,-1,Medium-Potential Local Prospects,Medium,Deploy digital marketing and automated newsletters; outreach during regional events.,0,0
Accoount 2208,Prospect - High Potential,-1,High-Potential Market Prospects,High,Launch targeted marketing campaigns; prioritize sales team outreach to acquire new accounts.,0,0
Accoount 2209,Prospect - Medium Potential,-1,Medium-Potential Local Prospects,Medium,Deploy digital marketing and automated newsletters; outreach during regional events.,0,0
Accoount 2210,Prospect - High Potential,-1,High-Potential Market Prospects,High,Launch targeted marketing campaigns; prioritize sales team outreach to acquire new accounts.,0,0
Accoount 2211,Prospect - High Potential,-1,High-Potential Market Prospects,High,Launch targeted marketing campaigns; prioritize sales team outreach to acquire new accounts.,0,0
Accoount 2212,Prospect - Dormant / Address Missing,-1,Dormant / Unreachable Prospects,Low,Perform database cleanup and address validation before initiating any marketing spend.,0,0
Accoount 2213,Prospect - Medium Potential,-1,Medium-Potential Local Prospects,Medium,Deploy digital marketing and automated newsletters; outreach during regional events.,0,0
Accoount 2214,Prospect - High Potential,-1,High-Potential Market Prospects,High,Launch targeted marketing campaigns; prioritize sales team outreach to acquire new accounts.,0,0
Accoount 2215,Prospect - Medium Potential,-1,Medium-Potential Local Prospects,Medium,Deploy digital marketing and automated newsletters; outreach during regional events.,0,0
Accoount 2216,Prospect - High Potential,-1,High-Potential Market Prospects,High,Launch targeted marketing campaigns; prioritize sales team outreach to acquire new accounts.,0,0
Accoount 2217,Prospect - Medium Potential,-1,Medium-Potential Local Prospects,Medium,Deploy digital marketing and automated newsletters; outreach during regional events.,0,0
Accoount 2218,Prospect - Medium Potential,-1,Medium-Potential Local Prospects,Medium,Deploy digital marketing and automated newsletters; outreach during regional events.,0,0
Accoount 2219,Prospect - Medium Potential,-1,Medium-Potential Local Prospects,Medium,Deploy digital marketing and automated newsletters; outreach during regional events.,0,0
Accoount 2220,Prospect - Medium Potential,-1,Medium-Potential Local Prospects,Medium,Deploy digital marketing and automated newsletters; outreach during regional events.,0,0
Accoount 2221,Prospect - Medium Potential,-1,Medium-Potential Local Prospects,Medium,Deploy digital marketing and automated newsletters; outreach during regional events.,0,0
Accoount 2222,Prospect - Medium Potential,-1,Medium-Potential Local Prospects,Medium,Deploy digital marketing and automated newsletters; outreach during regional events.,0,0
Accoount 2223,Prospect - Medium Potential,-1,Medium-Potential Local Prospects,Medium,Deploy digital marketing and automated newsletters; outreach during regional events.,0,0
Accoount 2224,Prospect - Medium Potential,-1,Medium-Potential Local Prospects,Medium,Deploy digital marketing and automated newsletters; outreach during regional events.,0,0
Accoount 2225,Prospect - High Potential,-1,High-Potential Market Prospects,High,Launch targeted marketing campaigns; prioritize sales team outreach to acquire new accounts.,0,0
Accoount 2226,Prospect - Medium Potential,-1,Medium-Potential Local Prospects,Medium,Deploy digital marketing and automated newsletters; outreach during regional events.,0,0
Accoount 2227,Prospect - Medium Potential,-1,Medium-Potential Local Prospects,Medium,Deploy digital marketing and automated newsletters; outreach during regional events.,0,0
Accoount 2228,Prospect - Medium Potential,-1,Medium-Potential Local Prospects,Medium,Deploy digital marketing and automated newsletters; outreach during regional events.,0,0
Accoount 2229,Active - High-Value Growth Champions,1,High-Value Growth Champions,High,Deploy dedicated account managers; cross-sell early adopter products; aggressive upsell.,0,0
Accoount 2230,Prospect - High Potential,-1,High-Potential Market Prospects,High,Launch targeted marketing campaigns; prioritize sales team outreach to acquire new accounts.,0,0
Accoount 2231,Prospect - Medium Potential,-1,Medium-Potential Local Prospects,Medium,Deploy digital marketing and automated newsletters; outreach during regional events.,0,0
Accoount 2232,Prospect - Medium Potential,-1,Medium-Potential Local Prospects,Medium,Deploy digital marketing and automated newsletters; outreach during regional events.,0,0
Accoount 2233,Prospect - Medium Potential,-1,Medium-Potential Local Prospects,Medium,Deploy digital marketing and automated newsletters; outreach during regional events.,0,0
Accoount 2234,Prospect - Medium Potential,-1,Medium-Potential Local Prospects,Medium,Deploy digital marketing and automated newsletters; outreach during regional events.,0,0
Accoount 2235,Prospect - High Potential,-1,High-Potential Market Prospects,High,Launch targeted marketing campaigns; prioritize sales team outreach to acquire new accounts.,0,0
Accoount 2236,Prospect - High Potential,-1,High-Potential Market Prospects,High,Launch targeted marketing campaigns; prioritize sales team outreach to acquire new accounts.,0,0
Accoount 2237,Prospect - High Potential,-1,High-Potential Market Prospects,High,Launch targeted marketing campaigns; prioritize sales team outreach to acquire new accounts.,0,0
Accoount 2238,Prospect - High Potential,-1,High-Potential Market Prospects,High,Launch targeted marketing campaigns; prioritize sales team outreach to acquire new accounts.,0,0
Accoount 2239,Prospect - Medium Potential,-1,Medium-Potential Local Prospects,Medium,Deploy digital marketing and automated newsletters; outreach during regional events.,0,0
Accoount 2240,Prospect - Medium Potential,-1,Medium-Potential Local Prospects,Medium,Deploy digital marketing and automated newsletters; outreach during regional events.,0,0
Accoount 2241,Prospect - Medium Potential,-1,Medium-Potential Local Prospects,Medium,Deploy digital marketing and automated newsletters; outreach during regional events.,0,0
Accoount 2242,Prospect - High Potential,-1,High-Potential Market Prospects,High,Launch targeted marketing campaigns; prioritize sales team outreach to acquire new accounts.,0,0
Accoount 2243,Prospect - High Potential,-1,High-Potential Market Prospects,High,Launch targeted marketing campaigns; prioritize sales team outreach to acquire new accounts.,0,0
Accoount 2244,Prospect - High Potential,-1,High-Potential Market Prospects,High,Launch targeted marketing campaigns; prioritize sales team outreach to acquire new accounts.,0,0
Accoount 2245,Prospect - High Potential,-1,High-Potential Market Prospects,High,Launch targeted marketing campaigns; prioritize sales team outreach to acquire new accounts.,0,0
Accoount 2246,Prospect - Medium Potential,-1,Medium-Potential Local Prospects,Medium,Deploy digital marketing and automated newsletters; outreach during regional events.,0,0
Accoount 2247,Prospect - High Potential,-1,High-Potential Market Prospects,High,Launch targeted marketing campaigns; prioritize sales team outreach to acquire new accounts.,0,0
Accoount 2248,Prospect - Medium Potential,-1,Medium-Potential Local Prospects,Medium,Deploy digital marketing and automated newsletters; outreach during regional events.,0,0
Accoount 2249,Prospect - Medium Potential,-1,Medium-Potential Local Prospects,Medium,Deploy digital marketing and automated newsletters; outreach during regional events.,0,0
Accoount 2250,Prospect - Medium Potential,-1,Medium-Potential Local Prospects,Medium,Deploy digital marketing and automated newsletters; outreach during regional events.,0,0
Accoount 2251,Prospect - Medium Potential,-1,Medium-Potential Local Prospects,Medium,Deploy digital marketing and automated newsletters; outreach during regional events.,0,0
Accoount 2252,Prospect - Medium Potential,-1,Medium-Potential Local Prospects,Medium,Deploy digital marketing and automated newsletters; outreach during regional events.,0,0
Accoount 2253,Prospect - Medium Potential,-1,Medium-Potential Local Prospects,Medium,Deploy digital marketing and automated newsletters; outreach during regional events.,0,0
Accoount 2254,Prospect - Medium Potential,-1,Medium-Potential Local Prospects,Medium,Deploy digital marketing and automated newsletters; outreach during regional events.,0,0
Accoount 2255,Prospect - Medium Potential,-1,Medium-Potential Local Prospects,Medium,Deploy digital marketing and automated newsletters; outreach during regional events.,0,0
Accoount 2256,Prospect - Medium Potential,-1,Medium-Potential Local Prospects,Medium,Deploy digital marketing and automated newsletters; outreach during regional events.,0,0
Accoount 2257,Prospect - Medium Potential,-1,Medium-Potential Local Prospects,Medium,Deploy digital marketing and automated newsletters; outreach during regional events.,0,0
Accoount 2258,Prospect - Medium Potential,-1,Medium-Potential Local Prospects,Medium,Deploy digital marketing and automated newsletters; outreach during regional events.,0,0
Accoount 2259,Prospect - High Potential,-1,High-Potential Market Prospects,High,Launch targeted marketing campaigns; prioritize sales team outreach to acquire new accounts.,0,0
Accoount 2260,Prospect - High Potential,-1,High-Potential Market Prospects,High,Launch targeted marketing campaigns; prioritize sales team outreach to acquire new accounts.,0,0
Accoount 2261,Prospect - Medium Potential,-1,Medium-Potential Local Prospects,Medium,Deploy digital marketing and automated newsletters; outreach during regional events.,0,0
Accoount 2262,Prospect - Medium Potential,-1,Medium-Potential Local Prospects,Medium,Deploy digital marketing and automated newsletters; outreach during regional events.,0,0
Accoount 2263,Prospect - Dormant / Address Missing,-1,Dormant / Unreachable Prospects,Low,Perform database cleanup and address validation before initiating any marketing spend.,0,0
Accoount 2264,Prospect - Medium Potential,-1,Medium-Potential Local Prospects,Medium,Deploy digital marketing and automated newsletters; outreach during regional events.,0,0
Accoount 2265,Prospect - Medium Potential,-1,Medium-Potential Local Prospects,Medium,Deploy digital marketing and automated newsletters; outreach during regional events.,0,0
Accoount 2266,Prospect - High Potential,-1,High-Potential Market Prospects,High,Launch targeted marketing campaigns; prioritize sales team outreach to acquire new accounts.,0,0
Accoount 2267,Prospect - High Potential,-1,High-Potential Market Prospects,High,Launch targeted marketing campaigns; prioritize sales team outreach to acquire new accounts.,0,0
Accoount 2268,Prospect - Medium Potential,-1,Medium-Potential Local Prospects,Medium,Deploy digital marketing and automated newsletters; outreach during regional events.,0,0
Accoount 2269,Prospect - Medium Potential,-1,Medium-Potential Local Prospects,Medium,Deploy digital marketing and automated newsletters; outreach during regional events.,0,0
Accoount 2270,Prospect - High Potential,-1,High-Potential Market Prospects,High,Launch targeted marketing campaigns; prioritize sales team outreach to acquire new accounts.,0,0
Accoount 2271,Prospect - High Potential,-1,High-Potential Market Prospects,High,Launch targeted marketing campaigns; prioritize sales team outreach to acquire new accounts.,0,0
Accoount 2272,Prospect - High Potential,-1,High-Potential Market Prospects,High,Launch targeted marketing campaigns; prioritize sales team outreach to acquire new accounts.,0,0
Accoount 2273,Prospect - High Potential,-1,High-Potential Market Prospects,High,Launch targeted marketing campaigns; prioritize sales team outreach to acquire new accounts.,0,0
Accoount 2274,Prospect - High Potential,-1,High-Potential Market Prospects,High,Launch targeted marketing campaigns; prioritize sales team outreach to acquire new accounts.,0,0
Accoount 2275,Prospect - Medium Potential,-1,Medium-Potential Local Prospects,Medium,Deploy digital marketing and automated newsletters; outreach during regional events.,0,0
Accoount 2276,Prospect - High Potential,-1,High-Potential Market Prospects,High,Launch targeted marketing campaigns; prioritize sales team outreach to acquire new accounts.,0,0
Accoount 2277,Prospect - High Potential,-1,High-Potential Market Prospects,High,Launch targeted marketing campaigns; prioritize sales team outreach to acquire new accounts.,0,0
Accoount 2278,Prospect - High Potential,-1,High-Potential Market Prospects,High,Launch targeted marketing campaigns; prioritize sales team outreach to acquire new accounts.,0,0
Accoount 2279,Prospect - Medium Potential,-1,Medium-Potential Local Prospects,Medium,Deploy digital marketing and automated newsletters; outreach during regional events.,0,0
Accoount 2280,Prospect - Medium Potential,-1,Medium-Potential Local Prospects,Medium,Deploy digital marketing and automated newsletters; outreach during regional events.,0,0
Accoount 2281,Prospect - Medium Potential,-1,Medium-Potential Local Prospects,Medium,Deploy digital marketing and automated newsletters; outreach during regional events.,0,0
Accoount 2282,Prospect - Medium Potential,-1,Medium-Potential Local Prospects,Medium,Deploy digital marketing and automated newsletters; outreach during regional events.,0,0
Accoount 2283,Prospect - Medium Potential,-1,Medium-Potential Local Prospects,Medium,Deploy digital marketing and automated newsletters; outreach during regional events.,0,0
Accoount 2284,Prospect - Medium Potential,-1,Medium-Potential Local Prospects,Medium,Deploy digital marketing and automated newsletters; outreach during regional events.,0,0
Accoount 2285,Prospect - Medium Potential,-1,Medium-Potential Local Prospects,Medium,Deploy digital marketing and automated newsletters; outreach during regional events.,0,0
Accoount 2286,Prospect - Medium Potential,-1,Medium-Potential Local Prospects,Medium,Deploy digital marketing and automated newsletters; outreach during regional events.,0,0
Accoount 2287,Prospect - Medium Potential,-1,Medium-Potential Local Prospects,Medium,Deploy digital marketing and automated newsletters; outreach during regional events.,0,0
Accoount 2288,Prospect - Medium Potential,-1,Medium-Potential Local Prospects,Medium,Deploy digital marketing and automated newsletters; outreach during regional events.,0,0
Accoount 2289,Prospect - Medium Potential,-1,Medium-Potential Local Prospects,Medium,Deploy digital marketing and automated newsletters; outreach during regional events.,0,0
Accoount 2290,Prospect - Medium Potential,-1,Medium-Potential Local Prospects,Medium,Deploy digital marketing and automated newsletters; outreach during regional events.,0,0
Accoount 2291,Prospect - Medium Potential,-1,Medium-Potential Local Prospects,Medium,Deploy digital marketing and automated newsletters; outreach during regional events.,0,0
Accoount 2292,Prospect - High Potential,-1,High-Potential Market Prospects,High,Launch targeted marketing campaigns; prioritize sales team outreach to acquire new accounts.,0,0
Accoount 2293,Prospect - High Potential,-1,High-Potential Market Prospects,High,Launch targeted marketing campaigns; prioritize sales team outreach to acquire new accounts.,0,0
Accoount 2294,Prospect - High Potential,-1,High-Potential Market Prospects,High,Launch targeted marketing campaigns; prioritize sales team outreach to acquire new accounts.,0,0
Accoount 2295,Prospect - Medium Potential,-1,Medium-Potential Local Prospects,Medium,Deploy digital marketing and automated newsletters; outreach during regional events.,0,0
Accoount 2296,Prospect - Medium Potential,-1,Medium-Potential Local Prospects,Medium,Deploy digital marketing and automated newsletters; outreach during regional events.,0,0
Accoount 2297,Prospect - Medium Potential,-1,Medium-Potential Local Prospects,Medium,Deploy digital marketing and automated newsletters; outreach during regional events.,0,0
Accoount 2298,Prospect - High Potential,-1,High-Potential Market Prospects,High,Launch targeted marketing campaigns; prioritize sales team outreach to acquire new accounts.,0,0
Accoount 2299,Prospect - Medium Potential,-1,Medium-Potential Local Prospects,Medium,Deploy digital marketing and automated newsletters; outreach during regional events.,0,0
Accoount 2300,Active - High-Value Growth Champions,1,High-Value Growth Champions,High,Deploy dedicated account managers; cross-sell early adopter products; aggressive upsell.,0,0
Accoount 2301,Prospect - Medium Potential,-1,Medium-Potential Local Prospects,Medium,Deploy digital marketing and automated newsletters; outreach during regional events.,0,0
Accoount 2302,Prospect - Medium Potential,-1,Medium-Potential Local Prospects,Medium,Deploy digital marketing and automated newsletters; outreach during regional events.,0,0
Accoount 2303,Prospect - Medium Potential,-1,Medium-Potential Local Prospects,Medium,Deploy digital marketing and automated newsletters; outreach during regional events.,0,0
Accoount 2304,Prospect - Dormant / Address Missing,-1,Dormant / Unreachable Prospects,Low,Perform database cleanup and address validation before initiating any marketing spend.,0,0
Accoount 2305,Prospect - High Potential,-1,High-Potential Market Prospects,High,Launch targeted marketing campaigns; prioritize sales team outreach to acquire new accounts.,0,0
Accoount 2306,Prospect - High Potential,-1,High-Potential Market Prospects,High,Launch targeted marketing campaigns; prioritize sales team outreach to acquire new accounts.,0,0
Accoount 2307,Prospect - High Potential,-1,High-Potential Market Prospects,High,Launch targeted marketing campaigns; prioritize sales team outreach to acquire new accounts.,0,0
Accoount 2308,Prospect - High Potential,-1,High-Potential Market Prospects,High,Launch targeted marketing campaigns; prioritize sales team outreach to acquire new accounts.,0,0
Accoount 2309,Prospect - Medium Potential,-1,Medium-Potential Local Prospects,Medium,Deploy digital marketing and automated newsletters; outreach during regional events.,0,0
Accoount 2310,Prospect - Dormant / Address Missing,-1,Dormant / Unreachable Prospects,Low,Perform database cleanup and address validation before initiating any marketing spend.,0,0
Accoount 2311,Prospect - High Potential,-1,High-Potential Market Prospects,High,Launch targeted marketing campaigns; prioritize sales team outreach to acquire new accounts.,0,0
Accoount 2312,Prospect - Medium Potential,-1,Medium-Potential Local Prospects,Medium,Deploy digital marketing and automated newsletters; outreach during regional events.,0,0
Accoount 2313,Prospect - Medium Potential,-1,Medium-Potential Local Prospects,Medium,Deploy digital marketing and automated newsletters; outreach during regional events.,0,0
Accoount 2314,Prospect - Medium Potential,-1,Medium-Potential Local Prospects,Medium,Deploy digital marketing and automated newsletters; outreach during regional events.,0,0
Accoount 2315,Prospect - High Potential,-1,High-Potential Market Prospects,High,Launch targeted marketing campaigns; prioritize sales team outreach to acquire new accounts.,0,0
Accoount 2316,Prospect - Medium Potential,-1,Medium-Potential Local Prospects,Medium,Deploy digital marketing and automated newsletters; outreach during regional events.,0,0
Accoount 2317,Prospect - Medium Potential,-1,Medium-Potential Local Prospects,Medium,Deploy digital marketing and automated newsletters; outreach during regional events.,0,0
Accoount 2318,Prospect - High Potential,-1,High-Potential Market Prospects,High,Launch targeted marketing campaigns; prioritize sales team outreach to acquire new accounts.,0,0
Accoount 2319,Prospect - Medium Potential,-1,Medium-Potential Local Prospects,Medium,Deploy digital marketing and automated newsletters; outreach during regional events.,0,0
Accoount 2320,Prospect - Medium Potential,-1,Medium-Potential Local Prospects,Medium,Deploy digital marketing and automated newsletters; outreach during regional events.,0,0
Accoount 2321,Prospect - Medium Potential,-1,Medium-Potential Local Prospects,Medium,Deploy digital marketing and automated newsletters; outreach during regional events.,0,0
Accoount 2322,Prospect - Medium Potential,-1,Medium-Potential Local Prospects,Medium,Deploy digital marketing and automated newsletters; outreach during regional events.,0,0
Accoount 2323,Prospect - Medium Potential,-1,Medium-Potential Local Prospects,Medium,Deploy digital marketing and automated newsletters; outreach during regional events.,0,0
Accoount 2324,Prospect - Medium Potential,-1,Medium-Potential Local Prospects,Medium,Deploy digital marketing and automated newsletters; outreach during regional events.,0,0
Accoount 2325,Prospect - Medium Potential,-1,Medium-Potential Local Prospects,Medium,Deploy digital marketing and automated newsletters; outreach during regional events.,0,0
Accoount 2326,Prospect - Medium Potential,-1,Medium-Potential Local Prospects,Medium,Deploy digital marketing and automated newsletters; outreach during regional events.,0,0
Accoount 2327,Prospect - Medium Potential,-1,Medium-Potential Local Prospects,Medium,Deploy digital marketing and automated newsletters; outreach during regional events.,0,0
Accoount 2328,Prospect - Medium Potential,-1,Medium-Potential Local Prospects,Medium,Deploy digital marketing and automated newsletters; outreach during regional events.,0,0
Accoount 2329,Prospect - Dormant / Address Missing,-1,Dormant / Unreachable Prospects,Low,Perform database cleanup and address validation before initiating any marketing spend.,0,0
Accoount 2330,Prospect - High Potential,-1,High-Potential Market Prospects,High,Launch targeted marketing campaigns; prioritize sales team outreach to acquire new accounts.,0,0
Accoount 2331,Prospect - Dormant / Address Missing,-1,Dormant / Unreachable Prospects,Low,Perform database cleanup and address validation before initiating any marketing spend.,0,0
Accoount 2332,Prospect - Medium Potential,-1,Medium-Potential Local Prospects,Medium,Deploy digital marketing and automated newsletters; outreach during regional events.,0,0
Accoount 2333,Prospect - High Potential,-1,High-Potential Market Prospects,High,Launch targeted marketing campaigns; prioritize sales team outreach to acquire new accounts.,0,0
Accoount 2334,Prospect - Medium Potential,-1,Medium-Potential Local Prospects,Medium,Deploy digital marketing and automated newsletters; outreach during regional events.,0,0
Accoount 2335,Prospect - High Potential,-1,High-Potential Market Prospects,High,Launch targeted marketing campaigns; prioritize sales team outreach to acquire new accounts.,0,0
Accoount 2336,Prospect - High Potential,-1,High-Potential Market Prospects,High,Launch targeted marketing campaigns; prioritize sales team outreach to acquire new accounts.,0,0
Accoount 2337,Prospect - Medium Potential,-1,Medium-Potential Local Prospects,Medium,Deploy digital marketing and automated newsletters; outreach during regional events.,0,0
Accoount 2338,Prospect - Medium Potential,-1,Medium-Potential Local Prospects,Medium,Deploy digital marketing and automated newsletters; outreach during regional events.,0,0
Accoount 2339,Prospect - High Potential,-1,High-Potential Market Prospects,High,Launch targeted marketing campaigns; prioritize sales team outreach to acquire new accounts.,0,0
Accoount 2340,Prospect - High Potential,-1,High-Potential Market Prospects,High,Launch targeted marketing campaigns; prioritize sales team outreach to acquire new accounts.,0,0
Accoount 2341,Prospect - High Potential,-1,High-Potential Market Prospects,High,Launch targeted marketing campaigns; prioritize sales team outreach to acquire new accounts.,0,0
Accoount 2342,Prospect - Medium Potential,-1,Medium-Potential Local Prospects,Medium,Deploy digital marketing and automated newsletters; outreach during regional events.,0,0
Accoount 2343,Prospect - High Potential,-1,High-Potential Market Prospects,High,Launch targeted marketing campaigns; prioritize sales team outreach to acquire new accounts.,0,0
Accoount 2344,Prospect - High Potential,-1,High-Potential Market Prospects,High,Launch targeted marketing campaigns; prioritize sales team outreach to acquire new accounts.,0,0
Accoount 2345,Prospect - High Potential,-1,High-Potential Market Prospects,High,Launch targeted marketing campaigns; prioritize sales team outreach to acquire new accounts.,0,0
Accoount 2346,Prospect - Medium Potential,-1,Medium-Potential Local Prospects,Medium,Deploy digital marketing and automated newsletters; outreach during regional events.,0,0
Accoount 2347,Prospect - High Potential,-1,High-Potential Market Prospects,High,Launch targeted marketing campaigns; prioritize sales team outreach to acquire new accounts.,0,0
Accoount 2348,Prospect - High Potential,-1,High-Potential Market Prospects,High,Launch targeted marketing campaigns; prioritize sales team outreach to acquire new accounts.,0,0
Accoount 2349,Prospect - Medium Potential,-1,Medium-Potential Local Prospects,Medium,Deploy digital marketing and automated newsletters; outreach during regional events.,0,0
Accoount 2350,Prospect - Dormant / Address Missing,-1,Dormant / Unreachable Prospects,Low,Perform database cleanup and address validation before initiating any marketing spend.,0,0
Accoount 2351,Prospect - High Potential,-1,High-Potential Market Prospects,High,Launch targeted marketing campaigns; prioritize sales team outreach to acquire new accounts.,0,0
Accoount 2352,Prospect - Medium Potential,-1,Medium-Potential Local Prospects,Medium,Deploy digital marketing and automated newsletters; outreach during regional events.,0,0
Accoount 2353,Prospect - Medium Potential,-1,Medium-Potential Local Prospects,Medium,Deploy digital marketing and automated newsletters; outreach during regional events.,0,0
Accoount 2354,Prospect - Medium Potential,-1,Medium-Potential Local Prospects,Medium,Deploy digital marketing and automated newsletters; outreach during regional events.,0,0
Accoount 2355,Prospect - Medium Potential,-1,Medium-Potential Local Prospects,Medium,Deploy digital marketing and automated newsletters; outreach during regional events.,0,0
Accoount 2356,Prospect - Medium Potential,-1,Medium-Potential Local Prospects,Medium,Deploy digital marketing and automated newsletters; outreach during regional events.,0,0
Accoount 2357,Prospect - Medium Potential,-1,Medium-Potential Local Prospects,Medium,Deploy digital marketing and automated newsletters; outreach during regional events.,0,0
Accoount 2358,Prospect - Medium Potential,-1,Medium-Potential Local Prospects,Medium,Deploy digital marketing and automated newsletters; outreach during regional events.,0,0
Accoount 2359,Prospect - Medium Potential,-1,Medium-Potential Local Prospects,Medium,Deploy digital marketing and automated newsletters; outreach during regional events.,0,0
Accoount 2360,Prospect - Medium Potential,-1,Medium-Potential Local Prospects,Medium,Deploy digital marketing and automated newsletters; outreach during regional events.,0,0
Accoount 2361,Prospect - Medium Potential,-1,Medium-Potential Local Prospects,Medium,Deploy digital marketing and automated newsletters; outreach during regional events.,0,0
Accoount 2362,Prospect - Medium Potential,-1,Medium-Potential Local Prospects,Medium,Deploy digital marketing and automated newsletters; outreach during regional events.,0,0
Accoount 2363,Prospect - Medium Potential,-1,Medium-Potential Local Prospects,Medium,Deploy digital marketing and automated newsletters; outreach during regional events.,0,0
Accoount 2364,Prospect - Medium Potential,-1,Medium-Potential Local Prospects,Medium,Deploy digital marketing and automated newsletters; outreach during regional events.,0,0
Accoount 2365,Prospect - High Potential,-1,High-Potential Market Prospects,High,Launch targeted marketing campaigns; prioritize sales team outreach to acquire new accounts.,0,0
Accoount 2366,Prospect - High Potential,-1,High-Potential Market Prospects,High,Launch targeted marketing campaigns; prioritize sales team outreach to acquire new accounts.,0,0
Accoount 2367,Prospect - High Potential,-1,High-Potential Market Prospects,High,Launch targeted marketing campaigns; prioritize sales team outreach to acquire new accounts.,0,0
Accoount 2368,Prospect - Medium Potential,-1,Medium-Potential Local Prospects,Medium,Deploy digital marketing and automated newsletters; outreach during regional events.,0,0
Accoount 2369,Prospect - Medium Potential,-1,Medium-Potential Local Prospects,Medium,Deploy digital marketing and automated newsletters; outreach during regional events.,0,0
Accoount 2370,Prospect - Dormant / Address Missing,-1,Dormant / Unreachable Prospects,Low,Perform database cleanup and address validation before initiating any marketing spend.,0,0
Accoount 2371,Prospect - High Potential,-1,High-Potential Market Prospects,High,Launch targeted marketing campaigns; prioritize sales team outreach to acquire new accounts.,0,0
Accoount 2372,Prospect - High Potential,-1,High-Potential Market Prospects,High,Launch targeted marketing campaigns; prioritize sales team outreach to acquire new accounts.,0,0
Accoount 2373,Prospect - High Potential,-1,High-Potential Market Prospects,High,Launch targeted marketing campaigns; prioritize sales team outreach to acquire new accounts.,0,0
Accoount 2374,Prospect - High Potential,-1,High-Potential Market Prospects,High,Launch targeted marketing campaigns; prioritize sales team outreach to acquire new accounts.,0,0
Accoount 2375,Prospect - Medium Potential,-1,Medium-Potential Local Prospects,Medium,Deploy digital marketing and automated newsletters; outreach during regional events.,0,0
Accoount 2376,Prospect - Medium Potential,-1,Medium-Potential Local Prospects,Medium,Deploy digital marketing and automated newsletters; outreach during regional events.,0,0
Accoount 2377,Prospect - Medium Potential,-1,Medium-Potential Local Prospects,Medium,Deploy digital marketing and automated newsletters; outreach during regional events.,0,0
Accoount 2378,Prospect - Medium Potential,-1,Medium-Potential Local Prospects,Medium,Deploy digital marketing and automated newsletters; outreach during regional events.,0,0
Accoount 2379,Prospect - High Potential,-1,High-Potential Market Prospects,High,Launch targeted marketing campaigns; prioritize sales team outreach to acquire new accounts.,0,0
Accoount 2380,Prospect - High Potential,-1,High-Potential Market Prospects,High,Launch targeted marketing campaigns; prioritize sales team outreach to acquire new accounts.,0,0
Accoount 2381,Prospect - Medium Potential,-1,Medium-Potential Local Prospects,Medium,Deploy digital marketing and automated newsletters; outreach during regional events.,0,0
Accoount 2382,Prospect - High Potential,-1,High-Potential Market Prospects,High,Launch targeted marketing campaigns; prioritize sales team outreach to acquire new accounts.,0,0
Accoount 2383,Prospect - Medium Potential,-1,Medium-Potential Local Prospects,Medium,Deploy digital marketing and automated newsletters; outreach during regional events.,0,0
Accoount 2384,Prospect - Dormant / Address Missing,-1,Dormant / Unreachable Prospects,Low,Perform database cleanup and address validation before initiating any marketing spend.,0,0
Accoount 2385,Prospect - Medium Potential,-1,Medium-Potential Local Prospects,Medium,Deploy digital marketing and automated newsletters; outreach during regional events.,0,0
Accoount 2386,Prospect - Medium Potential,-1,Medium-Potential Local Prospects,Medium,Deploy digital marketing and automated newsletters; outreach during regional events.,0,0
Accoount 2387,Prospect - Medium Potential,-1,Medium-Potential Local Prospects,Medium,Deploy digital marketing and automated newsletters; outreach during regional events.,0,0
Accoount 2388,Prospect - Medium Potential,-1,Medium-Potential Local Prospects,Medium,Deploy digital marketing and automated newsletters; outreach during regional events.,0,0
Accoount 2389,Prospect - Medium Potential,-1,Medium-Potential Local Prospects,Medium,Deploy digital marketing and automated newsletters; outreach during regional events.,0,0
Accoount 2390,Prospect - Medium Potential,-1,Medium-Potential Local Prospects,Medium,Deploy digital marketing and automated newsletters; outreach during regional events.,0,0
Accoount 2391,Prospect - Medium Potential,-1,Medium-Potential Local Prospects,Medium,Deploy digital marketing and automated newsletters; outreach during regional events.,0,0
Accoount 2392,Prospect - Medium Potential,-1,Medium-Potential Local Prospects,Medium,Deploy digital marketing and automated newsletters; outreach during regional events.,0,0
Accoount 2393,Prospect - Medium Potential,-1,Medium-Potential Local Prospects,Medium,Deploy digital marketing and automated newsletters; outreach during regional events.,0,0
Accoount 2394,Prospect - Medium Potential,-1,Medium-Potential Local Prospects,Medium,Deploy digital marketing and automated newsletters; outreach during regional events.,0,0
Accoount 2395,Prospect - Medium Potential,-1,Medium-Potential Local Prospects,Medium,Deploy digital marketing and automated newsletters; outreach during regional events.,0,0
Accoount 2396,Prospect - Medium Potential,-1,Medium-Potential Local Prospects,Medium,Deploy digital marketing and automated newsletters; outreach during regional events.,0,0
Accoount 2397,Prospect - Medium Potential,-1,Medium-Potential Local Prospects,Medium,Deploy digital marketing and automated newsletters; outreach during regional events.,0,0
Accoount 2398,Prospect - Medium Potential,-1,Medium-Potential Local Prospects,Medium,Deploy digital marketing and automated newsletters; outreach during regional events.,0,0
Accoount 2399,Prospect - Medium Potential,-1,Medium-Potential Local Prospects,Medium,Deploy digital marketing and automated newsletters; outreach during regional events.,0,0
Accoount 2400,Prospect - Medium Potential,-1,Medium-Potential Local Prospects,Medium,Deploy digital marketing and automated newsletters; outreach during regional events.,0,0
Accoount 2401,Prospect - Medium Potential,-1,Medium-Potential Local Prospects,Medium,Deploy digital marketing and automated newsletters; outreach during regional events.,0,0
Accoount 2402,Prospect - Medium Potential,-1,Medium-Potential Local Prospects,Medium,Deploy digital marketing and automated newsletters; outreach during regional events.,0,0
Accoount 2403,Prospect - High Potential,-1,High-Potential Market Prospects,High,Launch targeted marketing campaigns; prioritize sales team outreach to acquire new accounts.,0,0
Accoount 2404,Prospect - Medium Potential,-1,Medium-Potential Local Prospects,Medium,Deploy digital marketing and automated newsletters; outreach during regional events.,0,0
Accoount 2405,Prospect - Medium Potential,-1,Medium-Potential Local Prospects,Medium,Deploy digital marketing and automated newsletters; outreach during regional events.,0,0
Accoount 2406,Prospect - High Potential,-1,High-Potential Market Prospects,High,Launch targeted marketing campaigns; prioritize sales team outreach to acquire new accounts.,0,0
Accoount 2407,Prospect - High Potential,-1,High-Potential Market Prospects,High,Launch targeted marketing campaigns; prioritize sales team outreach to acquire new accounts.,0,0
Accoount 2408,Prospect - High Potential,-1,High-Potential Market Prospects,High,Launch targeted marketing campaigns; prioritize sales team outreach to acquire new accounts.,0,0
Accoount 2409,Prospect - Medium Potential,-1,Medium-Potential Local Prospects,Medium,Deploy digital marketing and automated newsletters; outreach during regional events.,0,0
Accoount 2410,Prospect - Medium Potential,-1,Medium-Potential Local Prospects,Medium,Deploy digital marketing and automated newsletters; outreach during regional events.,0,0
Accoount 2411,Prospect - High Potential,-1,High-Potential Market Prospects,High,Launch targeted marketing campaigns; prioritize sales team outreach to acquire new accounts.,0,0
Accoount 2412,Prospect - Medium Potential,-1,Medium-Potential Local Prospects,Medium,Deploy digital marketing and automated newsletters; outreach during regional events.,0,0
Accoount 2413,Prospect - Medium Potential,-1,Medium-Potential Local Prospects,Medium,Deploy digital marketing and automated newsletters; outreach during regional events.,0,0
Accoount 2414,Prospect - High Potential,-1,High-Potential Market Prospects,High,Launch targeted marketing campaigns; prioritize sales team outreach to acquire new accounts.,0,0
Accoount 2415,Prospect - High Potential,-1,High-Potential Market Prospects,High,Launch targeted marketing campaigns; prioritize sales team outreach to acquire new accounts.,0,0
Accoount 2416,Prospect - Medium Potential,-1,Medium-Potential Local Prospects,Medium,Deploy digital marketing and automated newsletters; outreach during regional events.,0,0
Accoount 2417,Prospect - Medium Potential,-1,Medium-Potential Local Prospects,Medium,Deploy digital marketing and automated newsletters; outreach during regional events.,0,0
Accoount 2418,Prospect - Medium Potential,-1,Medium-Potential Local Prospects,Medium,Deploy digital marketing and automated newsletters; outreach during regional events.,0,0
Accoount 2419,Prospect - Dormant / Address Missing,-1,Dormant / Unreachable Prospects,Low,Perform database cleanup and address validation before initiating any marketing spend.,0,0
Accoount 2420,Prospect - High Potential,-1,High-Potential Market Prospects,High,Launch targeted marketing campaigns; prioritize sales team outreach to acquire new accounts.,0,0
Accoount 2421,Prospect - Dormant / Address Missing,-1,Dormant / Unreachable Prospects,Low,Perform database cleanup and address validation before initiating any marketing spend.,0,0
Accoount 2422,Prospect - High Potential,-1,High-Potential Market Prospects,High,Launch targeted marketing campaigns; prioritize sales team outreach to acquire new accounts.,0,0
Accoount 2423,Prospect - Dormant / Address Missing,-1,Dormant / Unreachable Prospects,Low,Perform database cleanup and address validation before initiating any marketing spend.,0,0
Accoount 2424,Prospect - Medium Potential,-1,Medium-Potential Local Prospects,Medium,Deploy digital marketing and automated newsletters; outreach during regional events.,0,0
Accoount 2425,Prospect - Medium Potential,-1,Medium-Potential Local Prospects,Medium,Deploy digital marketing and automated newsletters; outreach during regional events.,0,0
Accoount 2426,Prospect - High Potential,-1,High-Potential Market Prospects,High,Launch targeted marketing campaigns; prioritize sales team outreach to acquire new accounts.,0,0
Accoount 2427,Prospect - Medium Potential,-1,Medium-Potential Local Prospects,Medium,Deploy digital marketing and automated newsletters; outreach during regional events.,0,0
Accoount 2428,Prospect - Medium Potential,-1,Medium-Potential Local Prospects,Medium,Deploy digital marketing and automated newsletters; outreach during regional events.,0,0
Accoount 2429,Prospect - Medium Potential,-1,Medium-Potential Local Prospects,Medium,Deploy digital marketing and automated newsletters; outreach during regional events.,0,0
Accoount 2430,Prospect - Medium Potential,-1,Medium-Potential Local Prospects,Medium,Deploy digital marketing and automated newsletters; outreach during regional events.,0,0
Accoount 2431,Prospect - Medium Potential,-1,Medium-Potential Local Prospects,Medium,Deploy digital marketing and automated newsletters; outreach during regional events.,0,0
Accoount 2432,Prospect - Medium Potential,-1,Medium-Potential Local Prospects,Medium,Deploy digital marketing and automated newsletters; outreach during regional events.,0,0
Accoount 2433,Prospect - Medium Potential,-1,Medium-Potential Local Prospects,Medium,Deploy digital marketing and automated newsletters; outreach during regional events.,0,0
Accoount 2434,Prospect - Medium Potential,-1,Medium-Potential Local Prospects,Medium,Deploy digital marketing and automated newsletters; outreach during regional events.,0,0
Accoount 2435,Prospect - Medium Potential,-1,Medium-Potential Local Prospects,Medium,Deploy digital marketing and automated newsletters; outreach during regional events.,0,0
Accoount 2436,Prospect - Medium Potential,-1,Medium-Potential Local Prospects,Medium,Deploy digital marketing and automated newsletters; outreach during regional events.,0,0
Accoount 2437,Prospect - Dormant / Address Missing,-1,Dormant / Unreachable Prospects,Low,Perform database cleanup and address validation before initiating any marketing spend.,0,0
Accoount 2438,Prospect - Medium Potential,-1,Medium-Potential Local Prospects,Medium,Deploy digital marketing and automated newsletters; outreach during regional events.,0,0
Accoount 2439,Prospect - High Potential,-1,High-Potential Market Prospects,High,Launch targeted marketing campaigns; prioritize sales team outreach to acquire new accounts.,0,0
Accoount 2440,Prospect - Medium Potential,-1,Medium-Potential Local Prospects,Medium,Deploy digital marketing and automated newsletters; outreach during regional events.,0,0
Accoount 2441,Prospect - High Potential,-1,High-Potential Market Prospects,High,Launch targeted marketing campaigns; prioritize sales team outreach to acquire new accounts.,0,0
Accoount 2442,Prospect - Medium Potential,-1,Medium-Potential Local Prospects,Medium,Deploy digital marketing and automated newsletters; outreach during regional events.,0,0
Accoount 2443,Prospect - Medium Potential,-1,Medium-Potential Local Prospects,Medium,Deploy digital marketing and automated newsletters; outreach during regional events.,0,0
Accoount 2444,Prospect - Medium Potential,-1,Medium-Potential Local Prospects,Medium,Deploy digital marketing and automated newsletters; outreach during regional events.,0,0
Accoount 2445,Prospect - Dormant / Address Missing,-1,Dormant / Unreachable Prospects,Low,Perform database cleanup and address validation before initiating any marketing spend.,0,0
Accoount 2446,Prospect - Medium Potential,-1,Medium-Potential Local Prospects,Medium,Deploy digital marketing and automated newsletters; outreach during regional events.,0,0
Accoount 2447,Prospect - Dormant / Address Missing,-1,Dormant / Unreachable Prospects,Low,Perform database cleanup and address validation before initiating any marketing spend.,0,0
Accoount 2448,Prospect - High Potential,-1,High-Potential Market Prospects,High,Launch targeted marketing campaigns; prioritize sales team outreach to acquire new accounts.,0,0
Accoount 2449,Prospect - Medium Potential,-1,Medium-Potential Local Prospects,Medium,Deploy digital marketing and automated newsletters; outreach during regional events.,0,0
Accoount 2450,Prospect - High Potential,-1,High-Potential Market Prospects,High,Launch targeted marketing campaigns; prioritize sales team outreach to acquire new accounts.,0,0
Accoount 2451,Prospect - High Potential,-1,High-Potential Market Prospects,High,Launch targeted marketing campaigns; prioritize sales team outreach to acquire new accounts.,0,0
Accoount 2452,Prospect - Medium Potential,-1,Medium-Potential Local Prospects,Medium,Deploy digital marketing and automated newsletters; outreach during regional events.,0,0
Accoount 2453,Prospect - Medium Potential,-1,Medium-Potential Local Prospects,Medium,Deploy digital marketing and automated newsletters; outreach during regional events.,0,0
Accoount 2454,Prospect - Medium Potential,-1,Medium-Potential Local Prospects,Medium,Deploy digital marketing and automated newsletters; outreach during regional events.,0,0
Accoount 2455,Prospect - Dormant / Address Missing,-1,Dormant / Unreachable Prospects,Low,Perform database cleanup and address validation before initiating any marketing spend.,0,0
Accoount 2456,Prospect - Medium Potential,-1,Medium-Potential Local Prospects,Medium,Deploy digital marketing and automated newsletters; outreach during regional events.,0,0
Accoount 2457,Prospect - Medium Potential,-1,Medium-Potential Local Prospects,Medium,Deploy digital marketing and automated newsletters; outreach during regional events.,0,0
Accoount 2458,Prospect - Medium Potential,-1,Medium-Potential Local Prospects,Medium,Deploy digital marketing and automated newsletters; outreach during regional events.,0,0
Accoount 2459,Prospect - High Potential,-1,High-Potential Market Prospects,High,Launch targeted marketing campaigns; prioritize sales team outreach to acquire new accounts.,0,0
Accoount 2460,Prospect - Medium Potential,-1,Medium-Potential Local Prospects,Medium,Deploy digital marketing and automated newsletters; outreach during regional events.,0,0
Accoount 2461,Prospect - Medium Potential,-1,Medium-Potential Local Prospects,Medium,Deploy digital marketing and automated newsletters; outreach during regional events.,0,0
Accoount 2462,Prospect - Medium Potential,-1,Medium-Potential Local Prospects,Medium,Deploy digital marketing and automated newsletters; outreach during regional events.,0,0
Accoount 2463,Prospect - Medium Potential,-1,Medium-Potential Local Prospects,Medium,Deploy digital marketing and automated newsletters; outreach during regional events.,0,0
Accoount 2464,Prospect - Medium Potential,-1,Medium-Potential Local Prospects,Medium,Deploy digital marketing and automated newsletters; outreach during regional events.,0,0
Accoount 2465,Prospect - Medium Potential,-1,Medium-Potential Local Prospects,Medium,Deploy digital marketing and automated newsletters; outreach during regional events.,0,0
Accoount 2466,Prospect - Medium Potential,-1,Medium-Potential Local Prospects,Medium,Deploy digital marketing and automated newsletters; outreach during regional events.,0,0
Accoount 2467,Prospect - Medium Potential,-1,Medium-Potential Local Prospects,Medium,Deploy digital marketing and automated newsletters; outreach during regional events.,0,0
Accoount 2468,Prospect - Medium Potential,-1,Medium-Potential Local Prospects,Medium,Deploy digital marketing and automated newsletters; outreach during regional events.,0,0
Accoount 2469,Prospect - Medium Potential,-1,Medium-Potential Local Prospects,Medium,Deploy digital marketing and automated newsletters; outreach during regional events.,0,0
Accoount 2470,Prospect - Medium Potential,-1,Medium-Potential Local Prospects,Medium,Deploy digital marketing and automated newsletters; outreach during regional events.,0,0
Accoount 2471,Prospect - Medium Potential,-1,Medium-Potential Local Prospects,Medium,Deploy digital marketing and automated newsletters; outreach during regional events.,0,0
Accoount 2472,Prospect - Medium Potential,-1,Medium-Potential Local Prospects,Medium,Deploy digital marketing and automated newsletters; outreach during regional events.,0,0
Accoount 2473,Prospect - Medium Potential,-1,Medium-Potential Local Prospects,Medium,Deploy digital marketing and automated newsletters; outreach during regional events.,0,0
Accoount 2474,Prospect - High Potential,-1,High-Potential Market Prospects,High,Launch targeted marketing campaigns; prioritize sales team outreach to acquire new accounts.,0,0
Accoount 2475,Prospect - High Potential,-1,High-Potential Market Prospects,High,Launch targeted marketing campaigns; prioritize sales team outreach to acquire new accounts.,0,0
Accoount 2476,Prospect - High Potential,-1,High-Potential Market Prospects,High,Launch targeted marketing campaigns; prioritize sales team outreach to acquire new accounts.,0,0
Accoount 2477,Prospect - Medium Potential,-1,Medium-Potential Local Prospects,Medium,Deploy digital marketing and automated newsletters; outreach during regional events.,0,0
Accoount 2478,Prospect - Medium Potential,-1,Medium-Potential Local Prospects,Medium,Deploy digital marketing and automated newsletters; outreach during regional events.,0,0
Accoount 2479,Prospect - Medium Potential,-1,Medium-Potential Local Prospects,Medium,Deploy digital marketing and automated newsletters; outreach during regional events.,0,0
Accoount 2480,Prospect - Medium Potential,-1,Medium-Potential Local Prospects,Medium,Deploy digital marketing and automated newsletters; outreach during regional events.,0,0
Accoount 2481,Prospect - Medium Potential,-1,Medium-Potential Local Prospects,Medium,Deploy digital marketing and automated newsletters; outreach during regional events.,0,0
Accoount 2482,Prospect - High Potential,-1,High-Potential Market Prospects,High,Launch targeted marketing campaigns; prioritize sales team outreach to acquire new accounts.,0,0
Accoount 2483,Prospect - Medium Potential,-1,Medium-Potential Local Prospects,Medium,Deploy digital marketing and automated newsletters; outreach during regional events.,0,0
Accoount 2484,Prospect - Medium Potential,-1,Medium-Potential Local Prospects,Medium,Deploy digital marketing and automated newsletters; outreach during regional events.,0,0
Accoount 2485,Prospect - Medium Potential,-1,Medium-Potential Local Prospects,Medium,Deploy digital marketing and automated newsletters; outreach during regional events.,0,0
Accoount 2486,Prospect - Medium Potential,-1,Medium-Potential Local Prospects,Medium,Deploy digital marketing and automated newsletters; outreach during regional events.,0,0
Accoount 2487,Prospect - Medium Potential,-1,Medium-Potential Local Prospects,Medium,Deploy digital marketing and automated newsletters; outreach during regional events.,0,0
Accoount 2488,Prospect - Medium Potential,-1,Medium-Potential Local Prospects,Medium,Deploy digital marketing and automated newsletters; outreach during regional events.,0,0
Accoount 2489,Prospect - Medium Potential,-1,Medium-Potential Local Prospects,Medium,Deploy digital marketing and automated newsletters; outreach during regional events.,0,0
Accoount 2490,Prospect - High Potential,-1,High-Potential Market Prospects,High,Launch targeted marketing campaigns; prioritize sales team outreach to acquire new accounts.,0,0
Accoount 2491,Prospect - Medium Potential,-1,Medium-Potential Local Prospects,Medium,Deploy digital marketing and automated newsletters; outreach during regional events.,0,0
Accoount 2492,Prospect - High Potential,-1,High-Potential Market Prospects,High,Launch targeted marketing campaigns; prioritize sales team outreach to acquire new accounts.,0,0
Accoount 2493,Prospect - Medium Potential,-1,Medium-Potential Local Prospects,Medium,Deploy digital marketing and automated newsletters; outreach during regional events.,0,0
Accoount 2494,Prospect - Medium Potential,-1,Medium-Potential Local Prospects,Medium,Deploy digital marketing and automated newsletters; outreach during regional events.,0,0
Accoount 2495,Prospect - High Potential,-1,High-Potential Market Prospects,High,Launch targeted marketing campaigns; prioritize sales team outreach to acquire new accounts.,0,0
Accoount 2496,Prospect - High Potential,-1,High-Potential Market Prospects,High,Launch targeted marketing campaigns; prioritize sales team outreach to acquire new accounts.,0,0
Accoount 2497,Prospect - Medium Potential,-1,Medium-Potential Local Prospects,Medium,Deploy digital marketing and automated newsletters; outreach during regional events.,0,0
Accoount 2498,Prospect - Dormant / Address Missing,-1,Dormant / Unreachable Prospects,Low,Perform database cleanup and address validation before initiating any marketing spend.,0,0
Accoount 2499,Prospect - High Potential,-1,High-Potential Market Prospects,High,Launch targeted marketing campaigns; prioritize sales team outreach to acquire new accounts.,0,0
Accoount 2500,Prospect - Dormant / Address Missing,-1,Dormant / Unreachable Prospects,Low,Perform database cleanup and address validation before initiating any marketing spend.,0,0
Accoount 2501,Prospect - High Potential,-1,High-Potential Market Prospects,High,Launch targeted marketing campaigns; prioritize sales team outreach to acquire new accounts.,0,0
Accoount 2502,Prospect - High Potential,-1,High-Potential Market Prospects,High,Launch targeted marketing campaigns; prioritize sales team outreach to acquire new accounts.,0,0
Accoount 2503,Prospect - Medium Potential,-1,Medium-Potential Local Prospects,Medium,Deploy digital marketing and automated newsletters; outreach during regional events.,0,0
Accoount 2504,Prospect - Medium Potential,-1,Medium-Potential Local Prospects,Medium,Deploy digital marketing and automated newsletters; outreach during regional events.,0,0
Accoount 2505,Prospect - Medium Potential,-1,Medium-Potential Local Prospects,Medium,Deploy digital marketing and automated newsletters; outreach during regional events.,0,0
Accoount 2506,Prospect - Medium Potential,-1,Medium-Potential Local Prospects,Medium,Deploy digital marketing and automated newsletters; outreach during regional events.,0,0
Accoount 2507,Prospect - Medium Potential,-1,Medium-Potential Local Prospects,Medium,Deploy digital marketing and automated newsletters; outreach during regional events.,0,0
Accoount 2508,Prospect - Medium Potential,-1,Medium-Potential Local Prospects,Medium,Deploy digital marketing and automated newsletters; outreach during regional events.,0,0
Accoount 2509,Prospect - High Potential,-1,High-Potential Market Prospects,High,Launch targeted marketing campaigns; prioritize sales team outreach to acquire new accounts.,0,0
Accoount 2510,Prospect - High Potential,-1,High-Potential Market Prospects,High,Launch targeted marketing campaigns; prioritize sales team outreach to acquire new accounts.,0,0
Accoount 2511,Prospect - High Potential,-1,High-Potential Market Prospects,High,Launch targeted marketing campaigns; prioritize sales team outreach to acquire new accounts.,0,0
Accoount 2512,Prospect - Medium Potential,-1,Medium-Potential Local Prospects,Medium,Deploy digital marketing and automated newsletters; outreach during regional events.,0,0
Accoount 2513,Prospect - Medium Potential,-1,Medium-Potential Local Prospects,Medium,Deploy digital marketing and automated newsletters; outreach during regional events.,0,0
Accoount 2514,Prospect - High Potential,-1,High-Potential Market Prospects,High,Launch targeted marketing campaigns; prioritize sales team outreach to acquire new accounts.,0,0
Accoount 2515,Prospect - High Potential,-1,High-Potential Market Prospects,High,Launch targeted marketing campaigns; prioritize sales team outreach to acquire new accounts.,0,0
Accoount 2516,Prospect - High Potential,-1,High-Potential Market Prospects,High,Launch targeted marketing campaigns; prioritize sales team outreach to acquire new accounts.,0,0
Accoount 2517,Prospect - Medium Potential,-1,Medium-Potential Local Prospects,Medium,Deploy digital marketing and automated newsletters; outreach during regional events.,0,0
Accoount 2518,Prospect - High Potential,-1,High-Potential Market Prospects,High,Launch targeted marketing campaigns; prioritize sales team outreach to acquire new accounts.,0,0
Accoount 2519,Prospect - High Potential,-1,High-Potential Market Prospects,High,Launch targeted marketing campaigns; prioritize sales team outreach to acquire new accounts.,0,0
Accoount 2520,Prospect - High Potential,-1,High-Potential Market Prospects,High,Launch targeted marketing campaigns; prioritize sales team outreach to acquire new accounts.,0,0
Accoount 2521,Prospect - Medium Potential,-1,Medium-Potential Local Prospects,Medium,Deploy digital marketing and automated newsletters; outreach during regional events.,0,0
Accoount 2522,Prospect - Medium Potential,-1,Medium-Potential Local Prospects,Medium,Deploy digital marketing and automated newsletters; outreach during regional events.,0,0
Accoount 2523,Prospect - Medium Potential,-1,Medium-Potential Local Prospects,Medium,Deploy digital marketing and automated newsletters; outreach during regional events.,0,0
Accoount 2524,Prospect - Medium Potential,-1,Medium-Potential Local Prospects,Medium,Deploy digital marketing and automated newsletters; outreach during regional events.,0,0
Accoount 2525,Prospect - Medium Potential,-1,Medium-Potential Local Prospects,Medium,Deploy digital marketing and automated newsletters; outreach during regional events.,0,0
Accoount 2526,Prospect - High Potential,-1,High-Potential Market Prospects,High,Launch targeted marketing campaigns; prioritize sales team outreach to acquire new accounts.,0,0
Accoount 2527,Prospect - High Potential,-1,High-Potential Market Prospects,High,Launch targeted marketing campaigns; prioritize sales team outreach to acquire new accounts.,0,0
Accoount 2528,Prospect - High Potential,-1,High-Potential Market Prospects,High,Launch targeted marketing campaigns; prioritize sales team outreach to acquire new accounts.,0,0
Accoount 2529,Prospect - Medium Potential,-1,Medium-Potential Local Prospects,Medium,Deploy digital marketing and automated newsletters; outreach during regional events.,0,0
Accoount 2530,Prospect - Medium Potential,-1,Medium-Potential Local Prospects,Medium,Deploy digital marketing and automated newsletters; outreach during regional events.,0,0
Accoount 2531,Prospect - Medium Potential,-1,Medium-Potential Local Prospects,Medium,Deploy digital marketing and automated newsletters; outreach during regional events.,0,0
Accoount 2532,Active - Competitive Niche Accounts,2,Competitive Niche Accounts,Low,Defend competitively in major hubs; use cost-effective remote support; monitor competitor moves.,0,0
Accoount 2533,Prospect - Medium Potential,-1,Medium-Potential Local Prospects,Medium,Deploy digital marketing and automated newsletters; outreach during regional events.,0,0
Accoount 2534,Active - Stable Core Accounts,0,Stable Core Accounts,Medium,Apply benefits bonanza loyalty programs; maintain relationship at low cost.,0,0
Accoount 2535,Active - High-Value Growth Champions,1,High-Value Growth Champions,High,Deploy dedicated account managers; cross-sell early adopter products; aggressive upsell.,1,0
Accoount 2536,Active - Under-Profiled Active Accounts,3,Under-Profiled Active Accounts,High,"Mandate sales team to visit casinos, audit machine counts, and enrich database profiles.",0,0
Accoount 2537,Prospect - Medium Potential,-1,Medium-Potential Local Prospects,Medium,Deploy digital marketing and automated newsletters; outreach during regional events.,0,0
Accoount 2538,Prospect - Medium Potential,-1,Medium-Potential Local Prospects,Medium,Deploy digital marketing and automated newsletters; outreach during regional events.,0,0
Accoount 2539,Prospect - Medium Potential,-1,Medium-Potential Local Prospects,Medium,Deploy digital marketing and automated newsletters; outreach during regional events.,0,0
Accoount 2540,Prospect - Medium Potential,-1,Medium-Potential Local Prospects,Medium,Deploy digital marketing and automated newsletters; outreach during regional events.,0,0
Accoount 2541,Active - Under-Profiled Active Accounts,3,Under-Profiled Active Accounts,High,"Mandate sales team to visit casinos, audit machine counts, and enrich database profiles.",0,0
Accoount 2542,Prospect - Medium Potential,-1,Medium-Potential Local Prospects,Medium,Deploy digital marketing and automated newsletters; outreach during regional events.,0,0
Accoount 2543,Active - Under-Profiled Active Accounts,3,Under-Profiled Active Accounts,High,"Mandate sales team to visit casinos, audit machine counts, and enrich database profiles.",0,0
Accoount 2544,Active - High-Value Growth Champions,1,High-Value Growth Champions,High,Deploy dedicated account managers; cross-sell early adopter products; aggressive upsell.,1,0
Accoount 2545,Active - Under-Profiled Active Accounts,3,Under-Profiled Active Accounts,High,"Mandate sales team to visit casinos, audit machine counts, and enrich database profiles.",0,0
Accoount 2546,Active - Stable Core Accounts,0,Stable Core Accounts,Medium,Apply benefits bonanza loyalty programs; maintain relationship at low cost.,0,0
Accoount 2547,Active - Stable Core Accounts,0,Stable Core Accounts,Medium,Apply benefits bonanza loyalty programs; maintain relationship at low cost.,0,0
Accoount 2548,Prospect - Dormant / Address Missing,-1,Dormant / Unreachable Prospects,Low,Perform database cleanup and address validation before initiating any marketing spend.,0,0
Accoount 2549,Prospect - Medium Potential,-1,Medium-Potential Local Prospects,Medium,Deploy digital marketing and automated newsletters; outreach during regional events.,0,0
Accoount 2550,Active - High-Value Growth Champions,1,High-Value Growth Champions,High,Deploy dedicated account managers; cross-sell early adopter products; aggressive upsell.,0,0
Accoount 2551,Prospect - High Potential,-1,High-Potential Market Prospects,High,Launch targeted marketing campaigns; prioritize sales team outreach to acquire new accounts.,0,0
Accoount 2552,Prospect - Medium Potential,-1,Medium-Potential Local Prospects,Medium,Deploy digital marketing and automated newsletters; outreach during regional events.,0,0
Accoount 2553,Active - Stable Core Accounts,0,Stable Core Accounts,Medium,Apply benefits bonanza loyalty programs; maintain relationship at low cost.,0,0
Accoount 2554,Active - Stable Core Accounts,0,Stable Core Accounts,Medium,Apply benefits bonanza loyalty programs; maintain relationship at low cost.,0,0
Accoount 2555,Prospect - Medium Potential,-1,Medium-Potential Local Prospects,Medium,Deploy digital marketing and automated newsletters; outreach during regional events.,0,0
Accoount 2556,Active - Stable Core Accounts,0,Stable Core Accounts,Medium,Apply benefits bonanza loyalty programs; maintain relationship at low cost.,0,0
Accoount 2557,Prospect - Medium Potential,-1,Medium-Potential Local Prospects,Medium,Deploy digital marketing and automated newsletters; outreach during regional events.,0,0
Accoount 2558,Active - Competitive Niche Accounts,2,Competitive Niche Accounts,Low,Defend competitively in major hubs; use cost-effective remote support; monitor competitor moves.,0,0
Accoount 2559,Active - Stable Core Accounts,0,Stable Core Accounts,Medium,Apply benefits bonanza loyalty programs; maintain relationship at low cost.,0,0
Accoount 2560,Active - Competitive Niche Accounts,2,Competitive Niche Accounts,Low,Defend competitively in major hubs; use cost-effective remote support; monitor competitor moves.,0,1
Accoount 2561,Active - Competitive Niche Accounts,2,Competitive Niche Accounts,Low,Defend competitively in major hubs; use cost-effective remote support; monitor competitor moves.,0,0
Accoount 2562,Active - Under-Profiled Active Accounts,3,Under-Profiled Active Accounts,High,"Mandate sales team to visit casinos, audit machine counts, and enrich database profiles.",0,1
Accoount 2563,Prospect - High Potential,-1,High-Potential Market Prospects,High,Launch targeted marketing campaigns; prioritize sales team outreach to acquire new accounts.,0,0
Accoount 2564,Active - High-Value Growth Champions,1,High-Value Growth Champions,High,Deploy dedicated account managers; cross-sell early adopter products; aggressive upsell.,0,0
Accoount 2565,Prospect - High Potential,-1,High-Potential Market Prospects,High,Launch targeted marketing campaigns; prioritize sales team outreach to acquire new accounts.,0,0
Accoount 2566,Active - Stable Core Accounts,0,Stable Core Accounts,Medium,Apply benefits bonanza loyalty programs; maintain relationship at low cost.,0,0
Accoount 2567,Prospect - Medium Potential,-1,Medium-Potential Local Prospects,Medium,Deploy digital marketing and automated newsletters; outreach during regional events.,0,0
Accoount 2568,Active - Stable Core Accounts,0,Stable Core Accounts,Medium,Apply benefits bonanza loyalty programs; maintain relationship at low cost.,0,0
Accoount 2569,Active - Stable Core Accounts,0,Stable Core Accounts,Medium,Apply benefits bonanza loyalty programs; maintain relationship at low cost.,0,0
Accoount 2570,Active - Stable Core Accounts,0,Stable Core Accounts,Medium,Apply benefits bonanza loyalty programs; maintain relationship at low cost.,0,0
Accoount 2571,Active - Stable Core Accounts,0,Stable Core Accounts,Medium,Apply benefits bonanza loyalty programs; maintain relationship at low cost.,0,0
Accoount 2572,Active - Stable Core Accounts,0,Stable Core Accounts,Medium,Apply benefits bonanza loyalty programs; maintain relationship at low cost.,0,0
Accoount 2573,Prospect - Dormant / Address Missing,-1,Dormant / Unreachable Prospects,Low,Perform database cleanup and address validation before initiating any marketing spend.,0,0
Accoount 2574,Prospect - Dormant / Address Missing,-1,Dormant / Unreachable Prospects,Low,Perform database cleanup and address validation before initiating any marketing spend.,0,0
Accoount 2575,Active - Under-Profiled Active Accounts,3,Under-Profiled Active Accounts,High,"Mandate sales team to visit casinos, audit machine counts, and enrich database profiles.",0,0
Accoount 2576,Prospect - High Potential,-1,High-Potential Market Prospects,High,Launch targeted marketing campaigns; prioritize sales team outreach to acquire new accounts.,0,0
Accoount 2577,Prospect - Medium Potential,-1,Medium-Potential Local Prospects,Medium,Deploy digital marketing and automated newsletters; outreach during regional events.,0,0
Accoount 2578,Prospect - High Potential,-1,High-Potential Market Prospects,High,Launch targeted marketing campaigns; prioritize sales team outreach to acquire new accounts.,0,0
Accoount 2579,Active - Under-Profiled Active Accounts,3,Under-Profiled Active Accounts,High,"Mandate sales team to visit casinos, audit machine counts, and enrich database profiles.",0,1
Accoount 2580,Active - Under-Profiled Active Accounts,3,Under-Profiled Active Accounts,High,"Mandate sales team to visit casinos, audit machine counts, and enrich database profiles.",0,0
Accoount 2581,Active - Stable Core Accounts,0,Stable Core Accounts,Medium,Apply benefits bonanza loyalty programs; maintain relationship at low cost.,0,0
Accoount 2582,Active - Stable Core Accounts,0,Stable Core Accounts,Medium,Apply benefits bonanza loyalty programs; maintain relationship at low cost.,0,0
Accoount 2583,Active - Stable Core Accounts,0,Stable Core Accounts,Medium,Apply benefits bonanza loyalty programs; maintain relationship at low cost.,0,0
Accoount 2584,Prospect - High Potential,-1,High-Potential Market Prospects,High,Launch targeted marketing campaigns; prioritize sales team outreach to acquire new accounts.,0,0
Accoount 2585,Prospect - High Potential,-1,High-Potential Market Prospects,High,Launch targeted marketing campaigns; prioritize sales team outreach to acquire new accounts.,0,0
Accoount 2586,Active - Stable Core Accounts,0,Stable Core Accounts,Medium,Apply benefits bonanza loyalty programs; maintain relationship at low cost.,0,0
Accoount 2587,Prospect - High Potential,-1,High-Potential Market Prospects,High,Launch targeted marketing campaigns; prioritize sales team outreach to acquire new accounts.,0,0
Accoount 2588,Prospect - High Potential,-1,High-Potential Market Prospects,High,Launch targeted marketing campaigns; prioritize sales team outreach to acquire new accounts.,0,0
Accoount 2589,Prospect - Medium Potential,-1,Medium-Potential Local Prospects,Medium,Deploy digital marketing and automated newsletters; outreach during regional events.,0,0
Accoount 2590,Active - Stable Core Accounts,0,Stable Core Accounts,Medium,Apply benefits bonanza loyalty programs; maintain relationship at low cost.,0,0
Accoount 2591,Active - Stable Core Accounts,0,Stable Core Accounts,Medium,Apply benefits bonanza loyalty programs; maintain relationship at low cost.,0,0
Accoount 2592,Active - Under-Profiled Active Accounts,3,Under-Profiled Active Accounts,High,"Mandate sales team to visit casinos, audit machine counts, and enrich database profiles.",0,0
Accoount 2593,Active - Under-Profiled Active Accounts,3,Under-Profiled Active Accounts,High,"Mandate sales team to visit casinos, audit machine counts, and enrich database profiles.",0,0
Accoount 2594,Active - Competitive Niche Accounts,2,Competitive Niche Accounts,Low,Defend competitively in major hubs; use cost-effective remote support; monitor competitor moves.,0,0
Accoount 2595,Active - Under-Profiled Active Accounts,3,Under-Profiled Active Accounts,High,"Mandate sales team to visit casinos, audit machine counts, and enrich database profiles.",0,0
Accoount 2596,Active - Stable Core Accounts,0,Stable Core Accounts,Medium,Apply benefits bonanza loyalty programs; maintain relationship at low cost.,0,0
Accoount 2597,Active - Stable Core Accounts,0,Stable Core Accounts,Medium,Apply benefits bonanza loyalty programs; maintain relationship at low cost.,0,0
Accoount 2598,Active - Competitive Niche Accounts,2,Competitive Niche Accounts,Low,Defend competitively in major hubs; use cost-effective remote support; monitor competitor moves.,0,0
Accoount 2599,Active - Under-Profiled Active Accounts,3,Under-Profiled Active Accounts,High,"Mandate sales team to visit casinos, audit machine counts, and enrich database profiles.",0,0
Accoount 2600,Active - Under-Profiled Active Accounts,3,Under-Profiled Active Accounts,High,"Mandate sales team to visit casinos, audit machine counts, and enrich database profiles.",0,0
Accoount 2601,Prospect - High Potential,-1,High-Potential Market Prospects,High,Launch targeted marketing campaigns; prioritize sales team outreach to acquire new accounts.,0,0
Accoount 2602,Active - Competitive Niche Accounts,2,Competitive Niche Accounts,Low,Defend competitively in major hubs; use cost-effective remote support; monitor competitor moves.,0,0
Accoount 2603,Prospect - Medium Potential,-1,Medium-Potential Local Prospects,Medium,Deploy digital marketing and automated newsletters; outreach during regional events.,0,0
Accoount 2604,Prospect - Medium Potential,-1,Medium-Potential Local Prospects,Medium,Deploy digital marketing and automated newsletters; outreach during regional events.,0,0
Accoount 2605,Prospect - Medium Potential,-1,Medium-Potential Local Prospects,Medium,Deploy digital marketing and automated newsletters; outreach during regional events.,0,0
Accoount 2606,Active - Stable Core Accounts,0,Stable Core Accounts,Medium,Apply benefits bonanza loyalty programs; maintain relationship at low cost.,0,0
Accoount 2607,Active - Stable Core Accounts,0,Stable Core Accounts,Medium,Apply benefits bonanza loyalty programs; maintain relationship at low cost.,0,0
Accoount 2608,Active - Stable Core Accounts,0,Stable Core Accounts,Medium,Apply benefits bonanza loyalty programs; maintain relationship at low cost.,0,0
Accoount 2609,Active - Stable Core Accounts,0,Stable Core Accounts,Medium,Apply benefits bonanza loyalty programs; maintain relationship at low cost.,0,0
Accoount 2610,Active - Stable Core Accounts,0,Stable Core Accounts,Medium,Apply benefits bonanza loyalty programs; maintain relationship at low cost.,0,0
Accoount 2611,Active - Stable Core Accounts,0,Stable Core Accounts,Medium,Apply benefits bonanza loyalty programs; maintain relationship at low cost.,0,0
Accoount 2612,Active - Under-Profiled Active Accounts,3,Under-Profiled Active Accounts,High,"Mandate sales team to visit casinos, audit machine counts, and enrich database profiles.",0,0
Accoount 2613,Prospect - High Potential,-1,High-Potential Market Prospects,High,Launch targeted marketing campaigns; prioritize sales team outreach to acquire new accounts.,0,0
Accoount 2614,Active - Stable Core Accounts,0,Stable Core Accounts,Medium,Apply benefits bonanza loyalty programs; maintain relationship at low cost.,0,0
Accoount 2615,Prospect - High Potential,-1,High-Potential Market Prospects,High,Launch targeted marketing campaigns; prioritize sales team outreach to acquire new accounts.,0,0
Accoount 2616,Active - Competitive Niche Accounts,2,Competitive Niche Accounts,Low,Defend competitively in major hubs; use cost-effective remote support; monitor competitor moves.,0,0
Accoount 2617,Active - High-Value Growth Champions,1,High-Value Growth Champions,High,Deploy dedicated account managers; cross-sell early adopter products; aggressive upsell.,0,0
Accoount 2618,Prospect - Medium Potential,-1,Medium-Potential Local Prospects,Medium,Deploy digital marketing and automated newsletters; outreach during regional events.,0,0
Accoount 2619,Active - Stable Core Accounts,0,Stable Core Accounts,Medium,Apply benefits bonanza loyalty programs; maintain relationship at low cost.,0,0
Accoount 2620,Prospect - High Potential,-1,High-Potential Market Prospects,High,Launch targeted marketing campaigns; prioritize sales team outreach to acquire new accounts.,0,0
Accoount 2621,Prospect - Medium Potential,-1,Medium-Potential Local Prospects,Medium,Deploy digital marketing and automated newsletters; outreach during regional events.,0,0
Accoount 2622,Prospect - High Potential,-1,High-Potential Market Prospects,High,Launch targeted marketing campaigns; prioritize sales team outreach to acquire new accounts.,0,0
Accoount 2623,Active - Under-Profiled Active Accounts,3,Under-Profiled Active Accounts,High,"Mandate sales team to visit casinos, audit machine counts, and enrich database profiles.",0,0
Accoount 2624,Active - Stable Core Accounts,0,Stable Core Accounts,Medium,Apply benefits bonanza loyalty programs; maintain relationship at low cost.,0,0
Accoount 2625,Prospect - High Potential,-1,High-Potential Market Prospects,High,Launch targeted marketing campaigns; prioritize sales team outreach to acquire new accounts.,0,0
Accoount 2626,Active - High-Value Growth Champions,1,High-Value Growth Champions,High,Deploy dedicated account managers; cross-sell early adopter products; aggressive upsell.,0,0
Accoount 2627,Active - Competitive Niche Accounts,2,Competitive Niche Accounts,Low,Defend competitively in major hubs; use cost-effective remote support; monitor competitor moves.,0,0
Accoount 2628,Active - Stable Core Accounts,0,Stable Core Accounts,Medium,Apply benefits bonanza loyalty programs; maintain relationship at low cost.,0,0
Accoount 2629,Active - Stable Core Accounts,0,Stable Core Accounts,Medium,Apply benefits bonanza loyalty programs; maintain relationship at low cost.,0,0
Accoount 2630,Active - High-Value Growth Champions,1,High-Value Growth Champions,High,Deploy dedicated account managers; cross-sell early adopter products; aggressive upsell.,0,0
Accoount 2631,Prospect - High Potential,-1,High-Potential Market Prospects,High,Launch targeted marketing campaigns; prioritize sales team outreach to acquire new accounts.,0,0
Accoount 2632,Active - Stable Core Accounts,0,Stable Core Accounts,Medium,Apply benefits bonanza loyalty programs; maintain relationship at low cost.,0,0
Accoount 2633,Active - High-Value Growth Champions,1,High-Value Growth Champions,High,Deploy dedicated account managers; cross-sell early adopter products; aggressive upsell.,1,0
Accoount 2634,Prospect - High Potential,-1,High-Potential Market Prospects,High,Launch targeted marketing campaigns; prioritize sales team outreach to acquire new accounts.,0,0
Accoount 2635,Active - Under-Profiled Active Accounts,3,Under-Profiled Active Accounts,High,"Mandate sales team to visit casinos, audit machine counts, and enrich database profiles.",0,1
Accoount 2636,Active - Under-Profiled Active Accounts,3,Under-Profiled Active Accounts,High,"Mandate sales team to visit casinos, audit machine counts, and enrich database profiles.",0,0
Accoount 2637,Prospect - Medium Potential,-1,Medium-Potential Local Prospects,Medium,Deploy digital marketing and automated newsletters; outreach during regional events.,0,0
Accoount 2638,Prospect - Dormant / Address Missing,-1,Dormant / Unreachable Prospects,Low,Perform database cleanup and address validation before initiating any marketing spend.,0,0
Accoount 2639,Prospect - Medium Potential,-1,Medium-Potential Local Prospects,Medium,Deploy digital marketing and automated newsletters; outreach during regional events.,0,0
Accoount 2640,Prospect - High Potential,-1,High-Potential Market Prospects,High,Launch targeted marketing campaigns; prioritize sales team outreach to acquire new accounts.,0,0
Accoount 2641,Active - Stable Core Accounts,0,Stable Core Accounts,Medium,Apply benefits bonanza loyalty programs; maintain relationship at low cost.,0,0
Accoount 2642,Active - Under-Profiled Active Accounts,3,Under-Profiled Active Accounts,High,"Mandate sales team to visit casinos, audit machine counts, and enrich database profiles.",0,0
Accoount 2643,Active - Stable Core Accounts,0,Stable Core Accounts,Medium,Apply benefits bonanza loyalty programs; maintain relationship at low cost.,0,0
Accoount 2644,Active - Stable Core Accounts,0,Stable Core Accounts,Medium,Apply benefits bonanza loyalty programs; maintain relationship at low cost.,0,0
Accoount 2645,Prospect - High Potential,-1,High-Potential Market Prospects,High,Launch targeted marketing campaigns; prioritize sales team outreach to acquire new accounts.,0,0
Accoount 2646,Prospect - High Potential,-1,High-Potential Market Prospects,High,Launch targeted marketing campaigns; prioritize sales team outreach to acquire new accounts.,0,0
Accoount 2647,Prospect - Medium Potential,-1,Medium-Potential Local Prospects,Medium,Deploy digital marketing and automated newsletters; outreach during regional events.,0,0
Accoount 2648,Active - Competitive Niche Accounts,2,Competitive Niche Accounts,Low,Defend competitively in major hubs; use cost-effective remote support; monitor competitor moves.,0,0
Accoount 2649,Active - High-Value Growth Champions,1,High-Value Growth Champions,High,Deploy dedicated account managers; cross-sell early adopter products; aggressive upsell.,0,0
Accoount 2650,Prospect - High Potential,-1,High-Potential Market Prospects,High,Launch targeted marketing campaigns; prioritize sales team outreach to acquire new accounts.,0,0
Accoount 2651,Prospect - Medium Potential,-1,Medium-Potential Local Prospects,Medium,Deploy digital marketing and automated newsletters; outreach during regional events.,0,0
Accoount 2652,Prospect - High Potential,-1,High-Potential Market Prospects,High,Launch targeted marketing campaigns; prioritize sales team outreach to acquire new accounts.,0,0
Accoount 2653,Active - Stable Core Accounts,0,Stable Core Accounts,Medium,Apply benefits bonanza loyalty programs; maintain relationship at low cost.,0,1
Accoount 2654,Active - Under-Profiled Active Accounts,3,Under-Profiled Active Accounts,High,"Mandate sales team to visit casinos, audit machine counts, and enrich database profiles.",0,0
Accoount 2655,Active - Stable Core Accounts,0,Stable Core Accounts,Medium,Apply benefits bonanza loyalty programs; maintain relationship at low cost.,0,0
Accoount 2656,Active - Stable Core Accounts,0,Stable Core Accounts,Medium,Apply benefits bonanza loyalty programs; maintain relationship at low cost.,0,0
Accoount 2657,Prospect - Medium Potential,-1,Medium-Potential Local Prospects,Medium,Deploy digital marketing and automated newsletters; outreach during regional events.,0,0
Accoount 2658,Prospect - High Potential,-1,High-Potential Market Prospects,High,Launch targeted marketing campaigns; prioritize sales team outreach to acquire new accounts.,0,0
Accoount 2659,Prospect - High Potential,-1,High-Potential Market Prospects,High,Launch targeted marketing campaigns; prioritize sales team outreach to acquire new accounts.,0,0
Accoount 2660,Prospect - High Potential,-1,High-Potential Market Prospects,High,Launch targeted marketing campaigns; prioritize sales team outreach to acquire new accounts.,0,0
Accoount 2661,Prospect - High Potential,-1,High-Potential Market Prospects,High,Launch targeted marketing campaigns; prioritize sales team outreach to acquire new accounts.,0,0
Accoount 2662,Prospect - High Potential,-1,High-Potential Market Prospects,High,Launch targeted marketing campaigns; prioritize sales team outreach to acquire new accounts.,0,0
Accoount 2663,Prospect - Medium Potential,-1,Medium-Potential Local Prospects,Medium,Deploy digital marketing and automated newsletters; outreach during regional events.,0,0
Accoount 2664,Prospect - Medium Potential,-1,Medium-Potential Local Prospects,Medium,Deploy digital marketing and automated newsletters; outreach during regional events.,0,0
Accoount 2665,Active - Under-Profiled Active Accounts,3,Under-Profiled Active Accounts,High,"Mandate sales team to visit casinos, audit machine counts, and enrich database profiles.",0,0
Accoount 2666,Active - Under-Profiled Active Accounts,3,Under-Profiled Active Accounts,High,"Mandate sales team to visit casinos, audit machine counts, and enrich database profiles.",0,0
Accoount 2667,Prospect - High Potential,-1,High-Potential Market Prospects,High,Launch targeted marketing campaigns; prioritize sales team outreach to acquire new accounts.,0,0
Accoount 2668,Prospect - High Potential,-1,High-Potential Market Prospects,High,Launch targeted marketing campaigns; prioritize sales team outreach to acquire new accounts.,0,0
Accoount 2669,Active - Competitive Niche Accounts,2,Competitive Niche Accounts,Low,Defend competitively in major hubs; use cost-effective remote support; monitor competitor moves.,0,1
Accoount 2670,Prospect - Medium Potential,-1,Medium-Potential Local Prospects,Medium,Deploy digital marketing and automated newsletters; outreach during regional events.,0,0
Accoount 2671,Prospect - High Potential,-1,High-Potential Market Prospects,High,Launch targeted marketing campaigns; prioritize sales team outreach to acquire new accounts.,0,0
Accoount 2672,Prospect - High Potential,-1,High-Potential Market Prospects,High,Launch targeted marketing campaigns; prioritize sales team outreach to acquire new accounts.,0,0
Accoount 2673,Active - High-Value Growth Champions,1,High-Value Growth Champions,High,Deploy dedicated account managers; cross-sell early adopter products; aggressive upsell.,0,0
Accoount 2674,Active - Stable Core Accounts,0,Stable Core Accounts,Medium,Apply benefits bonanza loyalty programs; maintain relationship at low cost.,0,0
Accoount 2675,Active - High-Value Growth Champions,1,High-Value Growth Champions,High,Deploy dedicated account managers; cross-sell early adopter products; aggressive upsell.,0,0
Accoount 2676,Active - Under-Profiled Active Accounts,3,Under-Profiled Active Accounts,High,"Mandate sales team to visit casinos, audit machine counts, and enrich database profiles.",0,0
Accoount 2677,Active - Competitive Niche Accounts,2,Competitive Niche Accounts,Low,Defend competitively in major hubs; use cost-effective remote support; monitor competitor moves.,0,0
Accoount 2678,Prospect - Medium Potential,-1,Medium-Potential Local Prospects,Medium,Deploy digital marketing and automated newsletters; outreach during regional events.,0,0
Accoount 2679,Prospect - High Potential,-1,High-Potential Market Prospects,High,Launch targeted marketing campaigns; prioritize sales team outreach to acquire new accounts.,0,0
Accoount 2680,Prospect - Medium Potential,-1,Medium-Potential Local Prospects,Medium,Deploy digital marketing and automated newsletters; outreach during regional events.,0,0
Accoount 2681,Active - Competitive Niche Accounts,2,Competitive Niche Accounts,Low,Defend competitively in major hubs; use cost-effective remote support; monitor competitor moves.,1,0
Accoount 2682,Prospect - Medium Potential,-1,Medium-Potential Local Prospects,Medium,Deploy digital marketing and automated newsletters; outreach during regional events.,0,0
Accoount 2683,Active - Stable Core Accounts,0,Stable Core Accounts,Medium,Apply benefits bonanza loyalty programs; maintain relationship at low cost.,0,0
Accoount 2684,Active - Under-Profiled Active Accounts,3,Under-Profiled Active Accounts,High,"Mandate sales team to visit casinos, audit machine counts, and enrich database profiles.",0,0
Accoount 2685,Active - Under-Profiled Active Accounts,3,Under-Profiled Active Accounts,High,"Mandate sales team to visit casinos, audit machine counts, and enrich database profiles.",0,0
Accoount 2686,Active - Under-Profiled Active Accounts,3,Under-Profiled Active Accounts,High,"Mandate sales team to visit casinos, audit machine counts, and enrich database profiles.",0,1
Accoount 2687,Active - Stable Core Accounts,0,Stable Core Accounts,Medium,Apply benefits bonanza loyalty programs; maintain relationship at low cost.,0,0
Accoount 2688,Active - Under-Profiled Active Accounts,3,Under-Profiled Active Accounts,High,"Mandate sales team to visit casinos, audit machine counts, and enrich database profiles.",0,0
Accoount 2689,Active - Stable Core Accounts,0,Stable Core Accounts,Medium,Apply benefits bonanza loyalty programs; maintain relationship at low cost.,0,0
Accoount 2690,Prospect - High Potential,-1,High-Potential Market Prospects,High,Launch targeted marketing campaigns; prioritize sales team outreach to acquire new accounts.,0,0
Accoount 2691,Prospect - Medium Potential,-1,Medium-Potential Local Prospects,Medium,Deploy digital marketing and automated newsletters; outreach during regional events.,0,0
Accoount 2692,Prospect - High Potential,-1,High-Potential Market Prospects,High,Launch targeted marketing campaigns; prioritize sales team outreach to acquire new accounts.,0,0
Accoount 2693,Prospect - Medium Potential,-1,Medium-Potential Local Prospects,Medium,Deploy digital marketing and automated newsletters; outreach during regional events.,0,0
Accoount 2694,Active - Stable Core Accounts,0,Stable Core Accounts,Medium,Apply benefits bonanza loyalty programs; maintain relationship at low cost.,1,1
Accoount 2695,Active - High-Value Growth Champions,1,High-Value Growth Champions,High,Deploy dedicated account managers; cross-sell early adopter products; aggressive upsell.,0,0
Accoount 2696,Active - High-Value Growth Champions,1,High-Value Growth Champions,High,Deploy dedicated account managers; cross-sell early adopter products; aggressive upsell.,0,0
Accoount 2697,Prospect - Medium Potential,-1,Medium-Potential Local Prospects,Medium,Deploy digital marketing and automated newsletters; outreach during regional events.,0,0
Accoount 2698,Active - Stable Core Accounts,0,Stable Core Accounts,Medium,Apply benefits bonanza loyalty programs; maintain relationship at low cost.,0,0
Accoount 2699,Active - High-Value Growth Champions,1,High-Value Growth Champions,High,Deploy dedicated account managers; cross-sell early adopter products; aggressive upsell.,0,0
Accoount 2700,Active - Stable Core Accounts,0,Stable Core Accounts,Medium,Apply benefits bonanza loyalty programs; maintain relationship at low cost.,0,0
Accoount 2701,Prospect - Medium Potential,-1,Medium-Potential Local Prospects,Medium,Deploy digital marketing and automated newsletters; outreach during regional events.,0,0
Accoount 2702,Prospect - Medium Potential,-1,Medium-Potential Local Prospects,Medium,Deploy digital marketing and automated newsletters; outreach during regional events.,0,0
Accoount 2703,Active - Competitive Niche Accounts,2,Competitive Niche Accounts,Low,Defend competitively in major hubs; use cost-effective remote support; monitor competitor moves.,0,0
Accoount 2704,Prospect - Medium Potential,-1,Medium-Potential Local Prospects,Medium,Deploy digital marketing and automated newsletters; outreach during regional events.,0,0
Accoount 2705,Active - Under-Profiled Active Accounts,3,Under-Profiled Active Accounts,High,"Mandate sales team to visit casinos, audit machine counts, and enrich database profiles.",0,0
Accoount 2706,Active - Stable Core Accounts,0,Stable Core Accounts,Medium,Apply benefits bonanza loyalty programs; maintain relationship at low cost.,0,0
Accoount 2707,Prospect - High Potential,-1,High-Potential Market Prospects,High,Launch targeted marketing campaigns; prioritize sales team outreach to acquire new accounts.,0,0
Accoount 2708,Active - Under-Profiled Active Accounts,3,Under-Profiled Active Accounts,High,"Mandate sales team to visit casinos, audit machine counts, and enrich database profiles.",0,0
Accoount 2709,Active - High-Value Growth Champions,1,High-Value Growth Champions,High,Deploy dedicated account managers; cross-sell early adopter products; aggressive upsell.,0,0
Accoount 2710,Active - Stable Core Accounts,0,Stable Core Accounts,Medium,Apply benefits bonanza loyalty programs; maintain relationship at low cost.,0,0
Accoount 2711,Active - Under-Profiled Active Accounts,3,Under-Profiled Active Accounts,High,"Mandate sales team to visit casinos, audit machine counts, and enrich database profiles.",0,0
Accoount 2712,Active - Stable Core Accounts,0,Stable Core Accounts,Medium,Apply benefits bonanza loyalty programs; maintain relationship at low cost.,0,0
Accoount 2713,Active - Stable Core Accounts,0,Stable Core Accounts,Medium,Apply benefits bonanza loyalty programs; maintain relationship at low cost.,0,0
Accoount 2714,Prospect - High Potential,-1,High-Potential Market Prospects,High,Launch targeted marketing campaigns; prioritize sales team outreach to acquire new accounts.,0,0
Accoount 2715,Active - High-Value Growth Champions,1,High-Value Growth Champions,High,Deploy dedicated account managers; cross-sell early adopter products; aggressive upsell.,0,0
Accoount 2716,Prospect - High Potential,-1,High-Potential Market Prospects,High,Launch targeted marketing campaigns; prioritize sales team outreach to acquire new accounts.,0,0
Accoount 2717,Prospect - Medium Potential,-1,Medium-Potential Local Prospects,Medium,Deploy digital marketing and automated newsletters; outreach during regional events.,0,0
Accoount 2718,Active - Under-Profiled Active Accounts,3,Under-Profiled Active Accounts,High,"Mandate sales team to visit casinos, audit machine counts, and enrich database profiles.",0,0
Accoount 2719,Prospect - High Potential,-1,High-Potential Market Prospects,High,Launch targeted marketing campaigns; prioritize sales team outreach to acquire new accounts.,0,0
Accoount 2720,Active - Under-Profiled Active Accounts,3,Under-Profiled Active Accounts,High,"Mandate sales team to visit casinos, audit machine counts, and enrich database profiles.",0,1
Accoount 2721,Active - Competitive Niche Accounts,2,Competitive Niche Accounts,Low,Defend competitively in major hubs; use cost-effective remote support; monitor competitor moves.,0,0
Accoount 2722,Active - Under-Profiled Active Accounts,3,Under-Profiled Active Accounts,High,"Mandate sales team to visit casinos, audit machine counts, and enrich database profiles.",0,0
Accoount 2723,Prospect - High Potential,-1,High-Potential Market Prospects,High,Launch targeted marketing campaigns; prioritize sales team outreach to acquire new accounts.,0,0
Accoount 2724,Prospect - Medium Potential,-1,Medium-Potential Local Prospects,Medium,Deploy digital marketing and automated newsletters; outreach during regional events.,0,0
Accoount 2725,Active - Stable Core Accounts,0,Stable Core Accounts,Medium,Apply benefits bonanza loyalty programs; maintain relationship at low cost.,0,0
Accoount 2726,Active - Stable Core Accounts,0,Stable Core Accounts,Medium,Apply benefits bonanza loyalty programs; maintain relationship at low cost.,0,0
Accoount 2727,Active - Stable Core Accounts,0,Stable Core Accounts,Medium,Apply benefits bonanza loyalty programs; maintain relationship at low cost.,0,0
Accoount 2728,Active - Stable Core Accounts,0,Stable Core Accounts,Medium,Apply benefits bonanza loyalty programs; maintain relationship at low cost.,0,0
Accoount 2729,Active - High-Value Growth Champions,1,High-Value Growth Champions,High,Deploy dedicated account managers; cross-sell early adopter products; aggressive upsell.,0,0
Accoount 2730,Prospect - High Potential,-1,High-Potential Market Prospects,High,Launch targeted marketing campaigns; prioritize sales team outreach to acquire new accounts.,0,0
Accoount 2731,Active - Stable Core Accounts,0,Stable Core Accounts,Medium,Apply benefits bonanza loyalty programs; maintain relationship at low cost.,0,0
Accoount 2732,Active - Stable Core Accounts,0,Stable Core Accounts,Medium,Apply benefits bonanza loyalty programs; maintain relationship at low cost.,0,0
Accoount 2733,Active - High-Value Growth Champions,1,High-Value Growth Champions,High,Deploy dedicated account managers; cross-sell early adopter products; aggressive upsell.,0,0
Accoount 2734,Prospect - High Potential,-1,High-Potential Market Prospects,High,Launch targeted marketing campaigns; prioritize sales team outreach to acquire new accounts.,0,0
Accoount 2735,Active - Under-Profiled Active Accounts,3,Under-Profiled Active Accounts,High,"Mandate sales team to visit casinos, audit machine counts, and enrich database profiles.",0,0
Accoount 2736,Active - Under-Profiled Active Accounts,3,Under-Profiled Active Accounts,High,"Mandate sales team to visit casinos, audit machine counts, and enrich database profiles.",0,0
Accoount 2737,Active - Stable Core Accounts,0,Stable Core Accounts,Medium,Apply benefits bonanza loyalty programs; maintain relationship at low cost.,0,0
Accoount 2738,Active - Stable Core Accounts,0,Stable Core Accounts,Medium,Apply benefits bonanza loyalty programs; maintain relationship at low cost.,0,0
Accoount 2739,Prospect - High Potential,-1,High-Potential Market Prospects,High,Launch targeted marketing campaigns; prioritize sales team outreach to acquire new accounts.,0,0
Accoount 2740,Active - High-Value Growth Champions,1,High-Value Growth Champions,High,Deploy dedicated account managers; cross-sell early adopter products; aggressive upsell.,1,0
Accoount 2741,Active - Competitive Niche Accounts,2,Competitive Niche Accounts,Low,Defend competitively in major hubs; use cost-effective remote support; monitor competitor moves.,0,0
Accoount 2742,Prospect - Medium Potential,-1,Medium-Potential Local Prospects,Medium,Deploy digital marketing and automated newsletters; outreach during regional events.,0,0
Accoount 2743,Prospect - High Potential,-1,High-Potential Market Prospects,High,Launch targeted marketing campaigns; prioritize sales team outreach to acquire new accounts.,0,0
Accoount 2744,Prospect - High Potential,-1,High-Potential Market Prospects,High,Launch targeted marketing campaigns; prioritize sales team outreach to acquire new accounts.,0,0
Accoount 2745,Active - Stable Core Accounts,0,Stable Core Accounts,Medium,Apply benefits bonanza loyalty programs; maintain relationship at low cost.,0,0
Accoount 2746,Active - Stable Core Accounts,0,Stable Core Accounts,Medium,Apply benefits bonanza loyalty programs; maintain relationship at low cost.,0,0
Accoount 2747,Active - Stable Core Accounts,0,Stable Core Accounts,Medium,Apply benefits bonanza loyalty programs; maintain relationship at low cost.,0,0
Accoount 2748,Prospect - High Potential,-1,High-Potential Market Prospects,High,Launch targeted marketing campaigns; prioritize sales team outreach to acquire new accounts.,0,0
Accoount 2749,Active - High-Value Growth Champions,1,High-Value Growth Champions,High,Deploy dedicated account managers; cross-sell early adopter products; aggressive upsell.,0,0
Accoount 2750,Active - Competitive Niche Accounts,2,Competitive Niche Accounts,Low,Defend competitively in major hubs; use cost-effective remote support; monitor competitor moves.,0,0
Accoount 2751,Active - High-Value Growth Champions,1,High-Value Growth Champions,High,Deploy dedicated account managers; cross-sell early adopter products; aggressive upsell.,0,0
Accoount 2752,Active - Under-Profiled Active Accounts,3,Under-Profiled Active Accounts,High,"Mandate sales team to visit casinos, audit machine counts, and enrich database profiles.",0,1
Accoount 2753,Prospect - High Potential,-1,High-Potential Market Prospects,High,Launch targeted marketing campaigns; prioritize sales team outreach to acquire new accounts.,0,0
Accoount 2754,Active - Competitive Niche Accounts,2,Competitive Niche Accounts,Low,Defend competitively in major hubs; use cost-effective remote support; monitor competitor moves.,0,0
Accoount 2755,Active - Under-Profiled Active Accounts,3,Under-Profiled Active Accounts,High,"Mandate sales team to visit casinos, audit machine counts, and enrich database profiles.",0,0
Accoount 2756,Active - High-Value Growth Champions,1,High-Value Growth Champions,High,Deploy dedicated account managers; cross-sell early adopter products; aggressive upsell.,0,0
Accoount 2757,Active - Under-Profiled Active Accounts,3,Under-Profiled Active Accounts,High,"Mandate sales team to visit casinos, audit machine counts, and enrich database profiles.",0,0
Accoount 2758,Active - Stable Core Accounts,0,Stable Core Accounts,Medium,Apply benefits bonanza loyalty programs; maintain relationship at low cost.,0,0
Accoount 2759,Active - High-Value Growth Champions,1,High-Value Growth Champions,High,Deploy dedicated account managers; cross-sell early adopter products; aggressive upsell.,0,0
Accoount 2760,Active - Under-Profiled Active Accounts,3,Under-Profiled Active Accounts,High,"Mandate sales team to visit casinos, audit machine counts, and enrich database profiles.",0,0
Accoount 2761,Active - Competitive Niche Accounts,2,Competitive Niche Accounts,Low,Defend competitively in major hubs; use cost-effective remote support; monitor competitor moves.,0,1
Accoount 2762,Active - Competitive Niche Accounts,2,Competitive Niche Accounts,Low,Defend competitively in major hubs; use cost-effective remote support; monitor competitor moves.,0,0
Accoount 2763,Prospect - High Potential,-1,High-Potential Market Prospects,High,Launch targeted marketing campaigns; prioritize sales team outreach to acquire new accounts.,0,0
Accoount 2764,Active - Under-Profiled Active Accounts,3,Under-Profiled Active Accounts,High,"Mandate sales team to visit casinos, audit machine counts, and enrich database profiles.",0,1
Accoount 2765,Active - High-Value Growth Champions,1,High-Value Growth Champions,High,Deploy dedicated account managers; cross-sell early adopter products; aggressive upsell.,0,0
Accoount 2766,Active - Stable Core Accounts,0,Stable Core Accounts,Medium,Apply benefits bonanza loyalty programs; maintain relationship at low cost.,0,0
Accoount 2767,Active - Stable Core Accounts,0,Stable Core Accounts,Medium,Apply benefits bonanza loyalty programs; maintain relationship at low cost.,0,0
Accoount 2768,Active - Under-Profiled Active Accounts,3,Under-Profiled Active Accounts,High,"Mandate sales team to visit casinos, audit machine counts, and enrich database profiles.",1,0
Accoount 2769,Prospect - Medium Potential,-1,Medium-Potential Local Prospects,Medium,Deploy digital marketing and automated newsletters; outreach during regional events.,0,0
Accoount 2770,Prospect - High Potential,-1,High-Potential Market Prospects,High,Launch targeted marketing campaigns; prioritize sales team outreach to acquire new accounts.,0,0
Accoount 2771,Prospect - Medium Potential,-1,Medium-Potential Local Prospects,Medium,Deploy digital marketing and automated newsletters; outreach during regional events.,0,0
Accoount 2772,Prospect - High Potential,-1,High-Potential Market Prospects,High,Launch targeted marketing campaigns; prioritize sales team outreach to acquire new accounts.,0,0
Accoount 2773,Prospect - High Potential,-1,High-Potential Market Prospects,High,Launch targeted marketing campaigns; prioritize sales team outreach to acquire new accounts.,0,0
Accoount 2774,Prospect - High Potential,-1,High-Potential Market Prospects,High,Launch targeted marketing campaigns; prioritize sales team outreach to acquire new accounts.,0,0
Accoount 2775,Prospect - High Potential,-1,High-Potential Market Prospects,High,Launch targeted marketing campaigns; prioritize sales team outreach to acquire new accounts.,0,0
Accoount 2776,Prospect - High Potential,-1,High-Potential Market Prospects,High,Launch targeted marketing campaigns; prioritize sales team outreach to acquire new accounts.,0,0
Accoount 2777,Active - Stable Core Accounts,0,Stable Core Accounts,Medium,Apply benefits bonanza loyalty programs; maintain relationship at low cost.,0,0
Accoount 2778,Active - Under-Profiled Active Accounts,3,Under-Profiled Active Accounts,High,"Mandate sales team to visit casinos, audit machine counts, and enrich database profiles.",0,0
Accoount 2779,Active - Competitive Niche Accounts,2,Competitive Niche Accounts,Low,Defend competitively in major hubs; use cost-effective remote support; monitor competitor moves.,0,0
Accoount 2780,Active - Stable Core Accounts,0,Stable Core Accounts,Medium,Apply benefits bonanza loyalty programs; maintain relationship at low cost.,0,0
Accoount 2781,Active - Competitive Niche Accounts,2,Competitive Niche Accounts,Low,Defend competitively in major hubs; use cost-effective remote support; monitor competitor moves.,0,0
Accoount 2782,Prospect - High Potential,-1,High-Potential Market Prospects,High,Launch targeted marketing campaigns; prioritize sales team outreach to acquire new accounts.,0,0
Accoount 2783,Prospect - High Potential,-1,High-Potential Market Prospects,High,Launch targeted marketing campaigns; prioritize sales team outreach to acquire new accounts.,0,0
Accoount 2784,Prospect - Medium Potential,-1,Medium-Potential Local Prospects,Medium,Deploy digital marketing and automated newsletters; outreach during regional events.,0,0
Accoount 2785,Active - Under-Profiled Active Accounts,3,Under-Profiled Active Accounts,High,"Mandate sales team to visit casinos, audit machine counts, and enrich database profiles.",0,0
Accoount 2786,Prospect - High Potential,-1,High-Potential Market Prospects,High,Launch targeted marketing campaigns; prioritize sales team outreach to acquire new accounts.,0,0
Accoount 2787,Active - Stable Core Accounts,0,Stable Core Accounts,Medium,Apply benefits bonanza loyalty programs; maintain relationship at low cost.,0,0
Accoount 2788,Active - Stable Core Accounts,0,Stable Core Accounts,Medium,Apply benefits bonanza loyalty programs; maintain relationship at low cost.,0,0
Accoount 2789,Prospect - High Potential,-1,High-Potential Market Prospects,High,Launch targeted marketing campaigns; prioritize sales team outreach to acquire new accounts.,0,0
Accoount 2790,Prospect - Medium Potential,-1,Medium-Potential Local Prospects,Medium,Deploy digital marketing and automated newsletters; outreach during regional events.,0,0
Accoount 2791,Prospect - High Potential,-1,High-Potential Market Prospects,High,Launch targeted marketing campaigns; prioritize sales team outreach to acquire new accounts.,0,0
Accoount 2792,Active - Stable Core Accounts,0,Stable Core Accounts,Medium,Apply benefits bonanza loyalty programs; maintain relationship at low cost.,0,0
Accoount 2793,Active - High-Value Growth Champions,1,High-Value Growth Champions,High,Deploy dedicated account managers; cross-sell early adopter products; aggressive upsell.,0,0
Accoount 2794,Active - Competitive Niche Accounts,2,Competitive Niche Accounts,Low,Defend competitively in major hubs; use cost-effective remote support; monitor competitor moves.,0,0
Accoount 2795,Prospect - Medium Potential,-1,Medium-Potential Local Prospects,Medium,Deploy digital marketing and automated newsletters; outreach during regional events.,0,0
Accoount 2796,Active - Stable Core Accounts,0,Stable Core Accounts,Medium,Apply benefits bonanza loyalty programs; maintain relationship at low cost.,0,0
Accoount 2797,Prospect - High Potential,-1,High-Potential Market Prospects,High,Launch targeted marketing campaigns; prioritize sales team outreach to acquire new accounts.,0,0
Accoount 2798,Prospect - Medium Potential,-1,Medium-Potential Local Prospects,Medium,Deploy digital marketing and automated newsletters; outreach during regional events.,0,0
Accoount 2799,Active - Competitive Niche Accounts,2,Competitive Niche Accounts,Low,Defend competitively in major hubs; use cost-effective remote support; monitor competitor moves.,0,0
Accoount 2800,Active - Under-Profiled Active Accounts,3,Under-Profiled Active Accounts,High,"Mandate sales team to visit casinos, audit machine counts, and enrich database profiles.",0,0
Accoount 2801,Active - Under-Profiled Active Accounts,3,Under-Profiled Active Accounts,High,"Mandate sales team to visit casinos, audit machine counts, and enrich database profiles.",0,0
Accoount 2802,Active - Competitive Niche Accounts,2,Competitive Niche Accounts,Low,Defend competitively in major hubs; use cost-effective remote support; monitor competitor moves.,0,0
Accoount 2803,Prospect - Dormant / Address Missing,-1,Dormant / Unreachable Prospects,Low,Perform database cleanup and address validation before initiating any marketing spend.,0,0
Accoount 2804,Prospect - Dormant / Address Missing,-1,Dormant / Unreachable Prospects,Low,Perform database cleanup and address validation before initiating any marketing spend.,0,0
Accoount 2805,Prospect - Dormant / Address Missing,-1,Dormant / Unreachable Prospects,Low,Perform database cleanup and address validation before initiating any marketing spend.,0,0
Accoount 2806,Prospect - Dormant / Address Missing,-1,Dormant / Unreachable Prospects,Low,Perform database cleanup and address validation before initiating any marketing spend.,0,0
Accoount 2807,Prospect - Dormant / Address Missing,-1,Dormant / Unreachable Prospects,Low,Perform database cleanup and address validation before initiating any marketing spend.,0,0
Accoount 2808,Prospect - Dormant / Address Missing,-1,Dormant / Unreachable Prospects,Low,Perform database cleanup and address validation before initiating any marketing spend.,0,0
Accoount 2809,Prospect - Dormant / Address Missing,-1,Dormant / Unreachable Prospects,Low,Perform database cleanup and address validation before initiating any marketing spend.,0,0
Accoount 2810,Prospect - Dormant / Address Missing,-1,Dormant / Unreachable Prospects,Low,Perform database cleanup and address validation before initiating any marketing spend.,0,0
Accoount 2811,Prospect - Dormant / Address Missing,-1,Dormant / Unreachable Prospects,Low,Perform database cleanup and address validation before initiating any marketing spend.,0,0
Accoount 2812,Prospect - Dormant / Address Missing,-1,Dormant / Unreachable Prospects,Low,Perform database cleanup and address validation before initiating any marketing spend.,0,0
Accoount 2813,Prospect - Dormant / Address Missing,-1,Dormant / Unreachable Prospects,Low,Perform database cleanup and address validation before initiating any marketing spend.,0,0
Accoount 2814,Prospect - Dormant / Address Missing,-1,Dormant / Unreachable Prospects,Low,Perform database cleanup and address validation before initiating any marketing spend.,0,0
Accoount 2815,Prospect - Dormant / Address Missing,-1,Dormant / Unreachable Prospects,Low,Perform database cleanup and address validation before initiating any marketing spend.,0,0
Accoount 2816,Prospect - Dormant / Address Missing,-1,Dormant / Unreachable Prospects,Low,Perform database cleanup and address validation before initiating any marketing spend.,0,0
Accoount 2817,Prospect - Dormant / Address Missing,-1,Dormant / Unreachable Prospects,Low,Perform database cleanup and address validation before initiating any marketing spend.,0,0
Accoount 2818,Prospect - Dormant / Address Missing,-1,Dormant / Unreachable Prospects,Low,Perform database cleanup and address validation before initiating any marketing spend.,0,0
Accoount 2819,Prospect - Dormant / Address Missing,-1,Dormant / Unreachable Prospects,Low,Perform database cleanup and address validation before initiating any marketing spend.,0,0
Accoount 2820,Prospect - Dormant / Address Missing,-1,Dormant / Unreachable Prospects,Low,Perform database cleanup and address validation before initiating any marketing spend.,0,0
Accoount 2821,Prospect - Dormant / Address Missing,-1,Dormant / Unreachable Prospects,Low,Perform database cleanup and address validation before initiating any marketing spend.,0,0
Accoount 2822,Prospect - Dormant / Address Missing,-1,Dormant / Unreachable Prospects,Low,Perform database cleanup and address validation before initiating any marketing spend.,0,0
Accoount 2823,Prospect - Dormant / Address Missing,-1,Dormant / Unreachable Prospects,Low,Perform database cleanup and address validation before initiating any marketing spend.,0,0
Accoount 2824,Prospect - Dormant / Address Missing,-1,Dormant / Unreachable Prospects,Low,Perform database cleanup and address validation before initiating any marketing spend.,0,0
Accoount 2825,Prospect - Dormant / Address Missing,-1,Dormant / Unreachable Prospects,Low,Perform database cleanup and address validation before initiating any marketing spend.,0,0
Accoount 2826,Prospect - Dormant / Address Missing,-1,Dormant / Unreachable Prospects,Low,Perform database cleanup and address validation before initiating any marketing spend.,0,0
Accoount 2827,Prospect - Dormant / Address Missing,-1,Dormant / Unreachable Prospects,Low,Perform database cleanup and address validation before initiating any marketing spend.,0,0
Accoount 2828,Prospect - Dormant / Address Missing,-1,Dormant / Unreachable Prospects,Low,Perform database cleanup and address validation before initiating any marketing spend.,0,0
Accoount 2829,Prospect - Dormant / Address Missing,-1,Dormant / Unreachable Prospects,Low,Perform database cleanup and address validation before initiating any marketing spend.,0,0
Accoount 2830,Prospect - Dormant / Address Missing,-1,Dormant / Unreachable Prospects,Low,Perform database cleanup and address validation before initiating any marketing spend.,0,0
Accoount 2831,Prospect - Dormant / Address Missing,-1,Dormant / Unreachable Prospects,Low,Perform database cleanup and address validation before initiating any marketing spend.,0,0
Accoount 2832,Prospect - Dormant / Address Missing,-1,Dormant / Unreachable Prospects,Low,Perform database cleanup and address validation before initiating any marketing spend.,0,0
Accoount 2833,Prospect - Dormant / Address Missing,-1,Dormant / Unreachable Prospects,Low,Perform database cleanup and address validation before initiating any marketing spend.,0,0
Accoount 2834,Prospect - Dormant / Address Missing,-1,Dormant / Unreachable Prospects,Low,Perform database cleanup and address validation before initiating any marketing spend.,0,0
Accoount 2835,Prospect - Dormant / Address Missing,-1,Dormant / Unreachable Prospects,Low,Perform database cleanup and address validation before initiating any marketing spend.,0,0
Accoount 2836,Prospect - Dormant / Address Missing,-1,Dormant / Unreachable Prospects,Low,Perform database cleanup and address validation before initiating any marketing spend.,0,0
Accoount 2837,Prospect - Dormant / Address Missing,-1,Dormant / Unreachable Prospects,Low,Perform database cleanup and address validation before initiating any marketing spend.,0,0
Accoount 2838,Prospect - Dormant / Address Missing,-1,Dormant / Unreachable Prospects,Low,Perform database cleanup and address validation before initiating any marketing spend.,0,0
Accoount 2839,Prospect - Dormant / Address Missing,-1,Dormant / Unreachable Prospects,Low,Perform database cleanup and address validation before initiating any marketing spend.,0,0
Accoount 2840,Prospect - Dormant / Address Missing,-1,Dormant / Unreachable Prospects,Low,Perform database cleanup and address validation before initiating any marketing spend.,0,0
Accoount 2841,Prospect - Dormant / Address Missing,-1,Dormant / Unreachable Prospects,Low,Perform database cleanup and address validation before initiating any marketing spend.,0,0
Accoount 2842,Prospect - Dormant / Address Missing,-1,Dormant / Unreachable Prospects,Low,Perform database cleanup and address validation before initiating any marketing spend.,0,0
Accoount 2843,Prospect - Dormant / Address Missing,-1,Dormant / Unreachable Prospects,Low,Perform database cleanup and address validation before initiating any marketing spend.,0,0
Accoount 2844,Prospect - Dormant / Address Missing,-1,Dormant / Unreachable Prospects,Low,Perform database cleanup and address validation before initiating any marketing spend.,0,0
Accoount 2845,Prospect - Dormant / Address Missing,-1,Dormant / Unreachable Prospects,Low,Perform database cleanup and address validation before initiating any marketing spend.,0,0
Accoount 2846,Prospect - Dormant / Address Missing,-1,Dormant / Unreachable Prospects,Low,Perform database cleanup and address validation before initiating any marketing spend.,0,0
Accoount 2847,Prospect - Dormant / Address Missing,-1,Dormant / Unreachable Prospects,Low,Perform database cleanup and address validation before initiating any marketing spend.,0,0
Accoount 2848,Prospect - Dormant / Address Missing,-1,Dormant / Unreachable Prospects,Low,Perform database cleanup and address validation before initiating any marketing spend.,0,0
Accoount 2849,Prospect - Dormant / Address Missing,-1,Dormant / Unreachable Prospects,Low,Perform database cleanup and address validation before initiating any marketing spend.,0,0
Accoount 2850,Prospect - Dormant / Address Missing,-1,Dormant / Unreachable Prospects,Low,Perform database cleanup and address validation before initiating any marketing spend.,0,0
Accoount 2851,Prospect - Dormant / Address Missing,-1,Dormant / Unreachable Prospects,Low,Perform database cleanup and address validation before initiating any marketing spend.,0,0
Accoount 2852,Prospect - Dormant / Address Missing,-1,Dormant / Unreachable Prospects,Low,Perform database cleanup and address validation before initiating any marketing spend.,0,0
Accoount 2853,Prospect - Dormant / Address Missing,-1,Dormant / Unreachable Prospects,Low,Perform database cleanup and address validation before initiating any marketing spend.,0,0
Accoount 2854,Prospect - Dormant / Address Missing,-1,Dormant / Unreachable Prospects,Low,Perform database cleanup and address validation before initiating any marketing spend.,0,0
Accoount 2855,Prospect - Dormant / Address Missing,-1,Dormant / Unreachable Prospects,Low,Perform database cleanup and address validation before initiating any marketing spend.,0,0
Accoount 2856,Prospect - Dormant / Address Missing,-1,Dormant / Unreachable Prospects,Low,Perform database cleanup and address validation before initiating any marketing spend.,0,0
Accoount 2857,Prospect - Dormant / Address Missing,-1,Dormant / Unreachable Prospects,Low,Perform database cleanup and address validation before initiating any marketing spend.,0,0
Accoount 2858,Prospect - Dormant / Address Missing,-1,Dormant / Unreachable Prospects,Low,Perform database cleanup and address validation before initiating any marketing spend.,0,0
Accoount 2859,Prospect - Dormant / Address Missing,-1,Dormant / Unreachable Prospects,Low,Perform database cleanup and address validation before initiating any marketing spend.,0,0
Accoount 2860,Prospect - Dormant / Address Missing,-1,Dormant / Unreachable Prospects,Low,Perform database cleanup and address validation before initiating any marketing spend.,0,0
Accoount 2861,Prospect - Dormant / Address Missing,-1,Dormant / Unreachable Prospects,Low,Perform database cleanup and address validation before initiating any marketing spend.,0,0
Accoount 2862,Prospect - Dormant / Address Missing,-1,Dormant / Unreachable Prospects,Low,Perform database cleanup and address validation before initiating any marketing spend.,0,0
Accoount 2863,Prospect - Dormant / Address Missing,-1,Dormant / Unreachable Prospects,Low,Perform database cleanup and address validation before initiating any marketing spend.,0,0
Accoount 2864,Prospect - Dormant / Address Missing,-1,Dormant / Unreachable Prospects,Low,Perform database cleanup and address validation before initiating any marketing spend.,0,0
Accoount 2865,Prospect - Dormant / Address Missing,-1,Dormant / Unreachable Prospects,Low,Perform database cleanup and address validation before initiating any marketing spend.,0,0
Accoount 2866,Prospect - Dormant / Address Missing,-1,Dormant / Unreachable Prospects,Low,Perform database cleanup and address validation before initiating any marketing spend.,0,0
Accoount 2867,Prospect - Dormant / Address Missing,-1,Dormant / Unreachable Prospects,Low,Perform database cleanup and address validation before initiating any marketing spend.,0,0
Accoount 2868,Prospect - Dormant / Address Missing,-1,Dormant / Unreachable Prospects,Low,Perform database cleanup and address validation before initiating any marketing spend.,0,0
Accoount 2869,Prospect - Dormant / Address Missing,-1,Dormant / Unreachable Prospects,Low,Perform database cleanup and address validation before initiating any marketing spend.,0,0
Accoount 2870,Prospect - Dormant / Address Missing,-1,Dormant / Unreachable Prospects,Low,Perform database cleanup and address validation before initiating any marketing spend.,0,0
Accoount 2871,Prospect - Dormant / Address Missing,-1,Dormant / Unreachable Prospects,Low,Perform database cleanup and address validation before initiating any marketing spend.,0,0
Accoount 2872,Prospect - Dormant / Address Missing,-1,Dormant / Unreachable Prospects,Low,Perform database cleanup and address validation before initiating any marketing spend.,0,0
Accoount 2873,Prospect - Dormant / Address Missing,-1,Dormant / Unreachable Prospects,Low,Perform database cleanup and address validation before initiating any marketing spend.,0,0
Accoount 2874,Prospect - Dormant / Address Missing,-1,Dormant / Unreachable Prospects,Low,Perform database cleanup and address validation before initiating any marketing spend.,0,0
Accoount 2875,Prospect - Dormant / Address Missing,-1,Dormant / Unreachable Prospects,Low,Perform database cleanup and address validation before initiating any marketing spend.,0,0
Accoount 2876,Prospect - Dormant / Address Missing,-1,Dormant / Unreachable Prospects,Low,Perform database cleanup and address validation before initiating any marketing spend.,0,0
Accoount 2877,Prospect - Dormant / Address Missing,-1,Dormant / Unreachable Prospects,Low,Perform database cleanup and address validation before initiating any marketing spend.,0,0
Accoount 2878,Prospect - Dormant / Address Missing,-1,Dormant / Unreachable Prospects,Low,Perform database cleanup and address validation before initiating any marketing spend.,0,0
Accoount 2879,Prospect - Dormant / Address Missing,-1,Dormant / Unreachable Prospects,Low,Perform database cleanup and address validation before initiating any marketing spend.,0,0
Accoount 2880,Prospect - Dormant / Address Missing,-1,Dormant / Unreachable Prospects,Low,Perform database cleanup and address validation before initiating any marketing spend.,0,0
Accoount 2881,Prospect - Dormant / Address Missing,-1,Dormant / Unreachable Prospects,Low,Perform database cleanup and address validation before initiating any marketing spend.,0,0
Accoount 2882,Prospect - Dormant / Address Missing,-1,Dormant / Unreachable Prospects,Low,Perform database cleanup and address validation before initiating any marketing spend.,0,0
Accoount 2883,Prospect - Dormant / Address Missing,-1,Dormant / Unreachable Prospects,Low,Perform database cleanup and address validation before initiating any marketing spend.,0,0
Accoount 2884,Prospect - Dormant / Address Missing,-1,Dormant / Unreachable Prospects,Low,Perform database cleanup and address validation before initiating any marketing spend.,0,0
Accoount 2885,Prospect - Dormant / Address Missing,-1,Dormant / Unreachable Prospects,Low,Perform database cleanup and address validation before initiating any marketing spend.,0,0
Accoount 2886,Prospect - Dormant / Address Missing,-1,Dormant / Unreachable Prospects,Low,Perform database cleanup and address validation before initiating any marketing spend.,0,0
Accoount 2887,Prospect - Dormant / Address Missing,-1,Dormant / Unreachable Prospects,Low,Perform database cleanup and address validation before initiating any marketing spend.,0,0
Accoount 2888,Prospect - Dormant / Address Missing,-1,Dormant / Unreachable Prospects,Low,Perform database cleanup and address validation before initiating any marketing spend.,0,0
Accoount 2889,Prospect - Dormant / Address Missing,-1,Dormant / Unreachable Prospects,Low,Perform database cleanup and address validation before initiating any marketing spend.,0,0
Accoount 2890,Prospect - Dormant / Address Missing,-1,Dormant / Unreachable Prospects,Low,Perform database cleanup and address validation before initiating any marketing spend.,0,0
Accoount 2891,Prospect - Dormant / Address Missing,-1,Dormant / Unreachable Prospects,Low,Perform database cleanup and address validation before initiating any marketing spend.,0,0
Accoount 2892,Prospect - Dormant / Address Missing,-1,Dormant / Unreachable Prospects,Low,Perform database cleanup and address validation before initiating any marketing spend.,0,0
Accoount 2893,Prospect - Dormant / Address Missing,-1,Dormant / Unreachable Prospects,Low,Perform database cleanup and address validation before initiating any marketing spend.,0,0
Accoount 2894,Prospect - Dormant / Address Missing,-1,Dormant / Unreachable Prospects,Low,Perform database cleanup and address validation before initiating any marketing spend.,0,0
Accoount 2895,Prospect - Dormant / Address Missing,-1,Dormant / Unreachable Prospects,Low,Perform database cleanup and address validation before initiating any marketing spend.,0,0
Accoount 2896,Prospect - Dormant / Address Missing,-1,Dormant / Unreachable Prospects,Low,Perform database cleanup and address validation before initiating any marketing spend.,0,0
Accoount 2897,Prospect - Dormant / Address Missing,-1,Dormant / Unreachable Prospects,Low,Perform database cleanup and address validation before initiating any marketing spend.,0,0
Accoount 2898,Prospect - Dormant / Address Missing,-1,Dormant / Unreachable Prospects,Low,Perform database cleanup and address validation before initiating any marketing spend.,0,0
Accoount 2899,Prospect - Dormant / Address Missing,-1,Dormant / Unreachable Prospects,Low,Perform database cleanup and address validation before initiating any marketing spend.,0,0
Accoount 2900,Prospect - Dormant / Address Missing,-1,Dormant / Unreachable Prospects,Low,Perform database cleanup and address validation before initiating any marketing spend.,0,0
Accoount 2901,Prospect - Dormant / Address Missing,-1,Dormant / Unreachable Prospects,Low,Perform database cleanup and address validation before initiating any marketing spend.,0,0
Accoount 2902,Prospect - Dormant / Address Missing,-1,Dormant / Unreachable Prospects,Low,Perform database cleanup and address validation before initiating any marketing spend.,0,0
Accoount 2903,Prospect - Dormant / Address Missing,-1,Dormant / Unreachable Prospects,Low,Perform database cleanup and address validation before initiating any marketing spend.,0,0
Accoount 2904,Prospect - Dormant / Address Missing,-1,Dormant / Unreachable Prospects,Low,Perform database cleanup and address validation before initiating any marketing spend.,0,0
Accoount 2905,Prospect - Dormant / Address Missing,-1,Dormant / Unreachable Prospects,Low,Perform database cleanup and address validation before initiating any marketing spend.,0,0
Accoount 2906,Prospect - Dormant / Address Missing,-1,Dormant / Unreachable Prospects,Low,Perform database cleanup and address validation before initiating any marketing spend.,0,0
Accoount 2907,Prospect - Dormant / Address Missing,-1,Dormant / Unreachable Prospects,Low,Perform database cleanup and address validation before initiating any marketing spend.,0,0
Accoount 2908,Prospect - Dormant / Address Missing,-1,Dormant / Unreachable Prospects,Low,Perform database cleanup and address validation before initiating any marketing spend.,0,0
Accoount 2909,Prospect - Dormant / Address Missing,-1,Dormant / Unreachable Prospects,Low,Perform database cleanup and address validation before initiating any marketing spend.,0,0
Accoount 2910,Prospect - Dormant / Address Missing,-1,Dormant / Unreachable Prospects,Low,Perform database cleanup and address validation before initiating any marketing spend.,0,0
Accoount 2911,Prospect - Dormant / Address Missing,-1,Dormant / Unreachable Prospects,Low,Perform database cleanup and address validation before initiating any marketing spend.,0,0
Accoount 2912,Prospect - Dormant / Address Missing,-1,Dormant / Unreachable Prospects,Low,Perform database cleanup and address validation before initiating any marketing spend.,0,0
Accoount 2913,Prospect - Dormant / Address Missing,-1,Dormant / Unreachable Prospects,Low,Perform database cleanup and address validation before initiating any marketing spend.,0,0
Accoount 2914,Prospect - Dormant / Address Missing,-1,Dormant / Unreachable Prospects,Low,Perform database cleanup and address validation before initiating any marketing spend.,0,0
Accoount 2915,Prospect - Dormant / Address Missing,-1,Dormant / Unreachable Prospects,Low,Perform database cleanup and address validation before initiating any marketing spend.,0,0
Accoount 2916,Prospect - Dormant / Address Missing,-1,Dormant / Unreachable Prospects,Low,Perform database cleanup and address validation before initiating any marketing spend.,0,0
Accoount 2917,Prospect - Dormant / Address Missing,-1,Dormant / Unreachable Prospects,Low,Perform database cleanup and address validation before initiating any marketing spend.,0,0
Accoount 2918,Prospect - Dormant / Address Missing,-1,Dormant / Unreachable Prospects,Low,Perform database cleanup and address validation before initiating any marketing spend.,0,0
Accoount 2919,Prospect - Dormant / Address Missing,-1,Dormant / Unreachable Prospects,Low,Perform database cleanup and address validation before initiating any marketing spend.,0,0
Accoount 2920,Prospect - Dormant / Address Missing,-1,Dormant / Unreachable Prospects,Low,Perform database cleanup and address validation before initiating any marketing spend.,0,0
Accoount 2921,Prospect - Dormant / Address Missing,-1,Dormant / Unreachable Prospects,Low,Perform database cleanup and address validation before initiating any marketing spend.,0,0
Accoount 2922,Prospect - Dormant / Address Missing,-1,Dormant / Unreachable Prospects,Low,Perform database cleanup and address validation before initiating any marketing spend.,0,0
Accoount 2923,Prospect - Dormant / Address Missing,-1,Dormant / Unreachable Prospects,Low,Perform database cleanup and address validation before initiating any marketing spend.,0,0
Accoount 2924,Prospect - Dormant / Address Missing,-1,Dormant / Unreachable Prospects,Low,Perform database cleanup and address validation before initiating any marketing spend.,0,0
Accoount 2925,Prospect - Dormant / Address Missing,-1,Dormant / Unreachable Prospects,Low,Perform database cleanup and address validation before initiating any marketing spend.,0,0
Accoount 2926,Prospect - Dormant / Address Missing,-1,Dormant / Unreachable Prospects,Low,Perform database cleanup and address validation before initiating any marketing spend.,0,0
Accoount 2927,Prospect - Dormant / Address Missing,-1,Dormant / Unreachable Prospects,Low,Perform database cleanup and address validation before initiating any marketing spend.,0,0
Accoount 2928,Prospect - Dormant / Address Missing,-1,Dormant / Unreachable Prospects,Low,Perform database cleanup and address validation before initiating any marketing spend.,0,0
Accoount 2929,Prospect - Dormant / Address Missing,-1,Dormant / Unreachable Prospects,Low,Perform database cleanup and address validation before initiating any marketing spend.,0,0
Accoount 2930,Prospect - Dormant / Address Missing,-1,Dormant / Unreachable Prospects,Low,Perform database cleanup and address validation before initiating any marketing spend.,0,0
Accoount 2931,Prospect - Dormant / Address Missing,-1,Dormant / Unreachable Prospects,Low,Perform database cleanup and address validation before initiating any marketing spend.,0,0
Accoount 2932,Prospect - Dormant / Address Missing,-1,Dormant / Unreachable Prospects,Low,Perform database cleanup and address validation before initiating any marketing spend.,0,0
Accoount 2933,Prospect - Dormant / Address Missing,-1,Dormant / Unreachable Prospects,Low,Perform database cleanup and address validation before initiating any marketing spend.,0,0
Accoount 2934,Prospect - Dormant / Address Missing,-1,Dormant / Unreachable Prospects,Low,Perform database cleanup and address validation before initiating any marketing spend.,0,0
Accoount 2935,Prospect - Dormant / Address Missing,-1,Dormant / Unreachable Prospects,Low,Perform database cleanup and address validation before initiating any marketing spend.,0,0
Accoount 2936,Prospect - Dormant / Address Missing,-1,Dormant / Unreachable Prospects,Low,Perform database cleanup and address validation before initiating any marketing spend.,0,0
Accoount 2937,Prospect - Dormant / Address Missing,-1,Dormant / Unreachable Prospects,Low,Perform database cleanup and address validation before initiating any marketing spend.,0,0
Accoount 2938,Prospect - Dormant / Address Missing,-1,Dormant / Unreachable Prospects,Low,Perform database cleanup and address validation before initiating any marketing spend.,0,0
Accoount 2939,Prospect - Dormant / Address Missing,-1,Dormant / Unreachable Prospects,Low,Perform database cleanup and address validation before initiating any marketing spend.,0,0
Accoount 2940,Prospect - Dormant / Address Missing,-1,Dormant / Unreachable Prospects,Low,Perform database cleanup and address validation before initiating any marketing spend.,0,0
Accoount 2941,Prospect - Dormant / Address Missing,-1,Dormant / Unreachable Prospects,Low,Perform database cleanup and address validation before initiating any marketing spend.,0,0
Accoount 2942,Prospect - Dormant / Address Missing,-1,Dormant / Unreachable Prospects,Low,Perform database cleanup and address validation before initiating any marketing spend.,0,0
Accoount 2943,Prospect - Dormant / Address Missing,-1,Dormant / Unreachable Prospects,Low,Perform database cleanup and address validation before initiating any marketing spend.,0,0
Accoount 2944,Prospect - Dormant / Address Missing,-1,Dormant / Unreachable Prospects,Low,Perform database cleanup and address validation before initiating any marketing spend.,0,0
Accoount 2945,Prospect - Dormant / Address Missing,-1,Dormant / Unreachable Prospects,Low,Perform database cleanup and address validation before initiating any marketing spend.,0,0
Accoount 2946,Prospect - Dormant / Address Missing,-1,Dormant / Unreachable Prospects,Low,Perform database cleanup and address validation before initiating any marketing spend.,0,0
Accoount 2947,Prospect - Dormant / Address Missing,-1,Dormant / Unreachable Prospects,Low,Perform database cleanup and address validation before initiating any marketing spend.,0,0
Accoount 2948,Prospect - Dormant / Address Missing,-1,Dormant / Unreachable Prospects,Low,Perform database cleanup and address validation before initiating any marketing spend.,0,0
Accoount 2949,Prospect - Dormant / Address Missing,-1,Dormant / Unreachable Prospects,Low,Perform database cleanup and address validation before initiating any marketing spend.,0,0
Accoount 2950,Prospect - Dormant / Address Missing,-1,Dormant / Unreachable Prospects,Low,Perform database cleanup and address validation before initiating any marketing spend.,0,0
Accoount 2951,Prospect - Dormant / Address Missing,-1,Dormant / Unreachable Prospects,Low,Perform database cleanup and address validation before initiating any marketing spend.,0,0
Accoount 2952,Prospect - Dormant / Address Missing,-1,Dormant / Unreachable Prospects,Low,Perform database cleanup and address validation before initiating any marketing spend.,0,0
Accoount 2953,Prospect - Dormant / Address Missing,-1,Dormant / Unreachable Prospects,Low,Perform database cleanup and address validation before initiating any marketing spend.,0,0
Accoount 2954,Prospect - Dormant / Address Missing,-1,Dormant / Unreachable Prospects,Low,Perform database cleanup and address validation before initiating any marketing spend.,0,0
Accoount 2955,Prospect - Dormant / Address Missing,-1,Dormant / Unreachable Prospects,Low,Perform database cleanup and address validation before initiating any marketing spend.,0,0
Accoount 2956,Prospect - Dormant / Address Missing,-1,Dormant / Unreachable Prospects,Low,Perform database cleanup and address validation before initiating any marketing spend.,0,0
Accoount 2957,Prospect - Dormant / Address Missing,-1,Dormant / Unreachable Prospects,Low,Perform database cleanup and address validation before initiating any marketing spend.,0,0
Accoount 2958,Prospect - Dormant / Address Missing,-1,Dormant / Unreachable Prospects,Low,Perform database cleanup and address validation before initiating any marketing spend.,0,0
Accoount 2959,Prospect - Dormant / Address Missing,-1,Dormant / Unreachable Prospects,Low,Perform database cleanup and address validation before initiating any marketing spend.,0,0
Accoount 2960,Prospect - Dormant / Address Missing,-1,Dormant / Unreachable Prospects,Low,Perform database cleanup and address validation before initiating any marketing spend.,0,0
Accoount 2961,Prospect - Dormant / Address Missing,-1,Dormant / Unreachable Prospects,Low,Perform database cleanup and address validation before initiating any marketing spend.,0,0
Accoount 2962,Prospect - Dormant / Address Missing,-1,Dormant / Unreachable Prospects,Low,Perform database cleanup and address validation before initiating any marketing spend.,0,0
Accoount 2963,Prospect - Dormant / Address Missing,-1,Dormant / Unreachable Prospects,Low,Perform database cleanup and address validation before initiating any marketing spend.,0,0
Accoount 2964,Prospect - Dormant / Address Missing,-1,Dormant / Unreachable Prospects,Low,Perform database cleanup and address validation before initiating any marketing spend.,0,0
Accoount 2965,Prospect - Dormant / Address Missing,-1,Dormant / Unreachable Prospects,Low,Perform database cleanup and address validation before initiating any marketing spend.,0,0
Accoount 2966,Prospect - Dormant / Address Missing,-1,Dormant / Unreachable Prospects,Low,Perform database cleanup and address validation before initiating any marketing spend.,0,0
Accoount 2967,Prospect - Dormant / Address Missing,-1,Dormant / Unreachable Prospects,Low,Perform database cleanup and address validation before initiating any marketing spend.,0,0
Accoount 2968,Prospect - Dormant / Address Missing,-1,Dormant / Unreachable Prospects,Low,Perform database cleanup and address validation before initiating any marketing spend.,0,0
Accoount 2969,Prospect - Dormant / Address Missing,-1,Dormant / Unreachable Prospects,Low,Perform database cleanup and address validation before initiating any marketing spend.,0,0
Accoount 2970,Prospect - Dormant / Address Missing,-1,Dormant / Unreachable Prospects,Low,Perform database cleanup and address validation before initiating any marketing spend.,0,0
Accoount 2971,Prospect - Dormant / Address Missing,-1,Dormant / Unreachable Prospects,Low,Perform database cleanup and address validation before initiating any marketing spend.,0,0
Accoount 2972,Prospect - Dormant / Address Missing,-1,Dormant / Unreachable Prospects,Low,Perform database cleanup and address validation before initiating any marketing spend.,0,0
Accoount 2973,Prospect - Dormant / Address Missing,-1,Dormant / Unreachable Prospects,Low,Perform database cleanup and address validation before initiating any marketing spend.,0,0
Accoount 2974,Prospect - Dormant / Address Missing,-1,Dormant / Unreachable Prospects,Low,Perform database cleanup and address validation before initiating any marketing spend.,0,0
Accoount 2975,Prospect - Dormant / Address Missing,-1,Dormant / Unreachable Prospects,Low,Perform database cleanup and address validation before initiating any marketing spend.,0,0
Accoount 2976,Prospect - Dormant / Address Missing,-1,Dormant / Unreachable Prospects,Low,Perform database cleanup and address validation before initiating any marketing spend.,0,0
Accoount 2977,Prospect - Dormant / Address Missing,-1,Dormant / Unreachable Prospects,Low,Perform database cleanup and address validation before initiating any marketing spend.,0,0
Accoount 2978,Prospect - Dormant / Address Missing,-1,Dormant / Unreachable Prospects,Low,Perform database cleanup and address validation before initiating any marketing spend.,0,0
Accoount 2979,Prospect - Dormant / Address Missing,-1,Dormant / Unreachable Prospects,Low,Perform database cleanup and address validation before initiating any marketing spend.,0,0
Accoount 2980,Prospect - Dormant / Address Missing,-1,Dormant / Unreachable Prospects,Low,Perform database cleanup and address validation before initiating any marketing spend.,0,0
Accoount 2981,Prospect - Dormant / Address Missing,-1,Dormant / Unreachable Prospects,Low,Perform database cleanup and address validation before initiating any marketing spend.,0,0
Accoount 2982,Prospect - Dormant / Address Missing,-1,Dormant / Unreachable Prospects,Low,Perform database cleanup and address validation before initiating any marketing spend.,0,0
Accoount 2983,Prospect - Dormant / Address Missing,-1,Dormant / Unreachable Prospects,Low,Perform database cleanup and address validation before initiating any marketing spend.,0,0
Accoount 2984,Prospect - Dormant / Address Missing,-1,Dormant / Unreachable Prospects,Low,Perform database cleanup and address validation before initiating any marketing spend.,0,0
Accoount 2985,Prospect - Dormant / Address Missing,-1,Dormant / Unreachable Prospects,Low,Perform database cleanup and address validation before initiating any marketing spend.,0,0
Accoount 2986,Prospect - Dormant / Address Missing,-1,Dormant / Unreachable Prospects,Low,Perform database cleanup and address validation before initiating any marketing spend.,0,0
Accoount 2987,Prospect - Dormant / Address Missing,-1,Dormant / Unreachable Prospects,Low,Perform database cleanup and address validation before initiating any marketing spend.,0,0
Accoount 2988,Prospect - Dormant / Address Missing,-1,Dormant / Unreachable Prospects,Low,Perform database cleanup and address validation before initiating any marketing spend.,0,0
Accoount 2989,Prospect - Dormant / Address Missing,-1,Dormant / Unreachable Prospects,Low,Perform database cleanup and address validation before initiating any marketing spend.,0,0
Accoount 2990,Prospect - Dormant / Address Missing,-1,Dormant / Unreachable Prospects,Low,Perform database cleanup and address validation before initiating any marketing spend.,0,0
Accoount 2991,Prospect - Dormant / Address Missing,-1,Dormant / Unreachable Prospects,Low,Perform database cleanup and address validation before initiating any marketing spend.,0,0
Accoount 2992,Prospect - Dormant / Address Missing,-1,Dormant / Unreachable Prospects,Low,Perform database cleanup and address validation before initiating any marketing spend.,0,0
Accoount 2993,Prospect - Dormant / Address Missing,-1,Dormant / Unreachable Prospects,Low,Perform database cleanup and address validation before initiating any marketing spend.,0,0
Accoount 2994,Prospect - Dormant / Address Missing,-1,Dormant / Unreachable Prospects,Low,Perform database cleanup and address validation before initiating any marketing spend.,0,0
Accoount 2995,Prospect - Medium Potential,-1,Medium-Potential Local Prospects,Medium,Deploy digital marketing and automated newsletters; outreach during regional events.,0,0
Accoount 2996,Prospect - Medium Potential,-1,Medium-Potential Local Prospects,Medium,Deploy digital marketing and automated newsletters; outreach during regional events.,0,0
Accoount 2997,Prospect - Medium Potential,-1,Medium-Potential Local Prospects,Medium,Deploy digital marketing and automated newsletters; outreach during regional events.,0,0
Accoount 2998,Prospect - Medium Potential,-1,Medium-Potential Local Prospects,Medium,Deploy digital marketing and automated newsletters; outreach during regional events.,0,0
Accoount 2999,Prospect - Medium Potential,-1,Medium-Potential Local Prospects,Medium,Deploy digital marketing and automated newsletters; outreach during regional events.,0,0
Accoount 3000,Prospect - Medium Potential,-1,Medium-Potential Local Prospects,Medium,Deploy digital marketing and automated newsletters; outreach during regional events.,0,0
Accoount 3001,Prospect - Medium Potential,-1,Medium-Potential Local Prospects,Medium,Deploy digital marketing and automated newsletters; outreach during regional events.,0,0
Accoount 3002,Prospect - Medium Potential,-1,Medium-Potential Local Prospects,Medium,Deploy digital marketing and automated newsletters; outreach during regional events.,0,0
Accoount 3003,Prospect - Medium Potential,-1,Medium-Potential Local Prospects,Medium,Deploy digital marketing and automated newsletters; outreach during regional events.,0,0
Accoount 3004,Prospect - Medium Potential,-1,Medium-Potential Local Prospects,Medium,Deploy digital marketing and automated newsletters; outreach during regional events.,0,0
Accoount 3005,Prospect - Medium Potential,-1,Medium-Potential Local Prospects,Medium,Deploy digital marketing and automated newsletters; outreach during regional events.,0,0
Accoount 3006,Prospect - Medium Potential,-1,Medium-Potential Local Prospects,Medium,Deploy digital marketing and automated newsletters; outreach during regional events.,0,0
Accoount 3007,Prospect - Medium Potential,-1,Medium-Potential Local Prospects,Medium,Deploy digital marketing and automated newsletters; outreach during regional events.,0,0
Accoount 3008,Prospect - Medium Potential,-1,Medium-Potential Local Prospects,Medium,Deploy digital marketing and automated newsletters; outreach during regional events.,0,0
Accoount 3009,Prospect - Medium Potential,-1,Medium-Potential Local Prospects,Medium,Deploy digital marketing and automated newsletters; outreach during regional events.,0,0
Accoount 3010,Prospect - High Potential,-1,High-Potential Market Prospects,High,Launch targeted marketing campaigns; prioritize sales team outreach to acquire new accounts.,0,0
Accoount 3011,Prospect - Medium Potential,-1,Medium-Potential Local Prospects,Medium,Deploy digital marketing and automated newsletters; outreach during regional events.,0,0
Accoount 3012,Prospect - Medium Potential,-1,Medium-Potential Local Prospects,Medium,Deploy digital marketing and automated newsletters; outreach during regional events.,0,0
Accoount 3013,Prospect - Medium Potential,-1,Medium-Potential Local Prospects,Medium,Deploy digital marketing and automated newsletters; outreach during regional events.,0,0
Accoount 3014,Active - High-Value Growth Champions,1,High-Value Growth Champions,High,Deploy dedicated account managers; cross-sell early adopter products; aggressive upsell.,0,0
Accoount 3015,Prospect - High Potential,-1,High-Potential Market Prospects,High,Launch targeted marketing campaigns; prioritize sales team outreach to acquire new accounts.,0,0
Accoount 3016,Prospect - Medium Potential,-1,Medium-Potential Local Prospects,Medium,Deploy digital marketing and automated newsletters; outreach during regional events.,0,0
Accoount 3017,Prospect - High Potential,-1,High-Potential Market Prospects,High,Launch targeted marketing campaigns; prioritize sales team outreach to acquire new accounts.,0,0
Accoount 3018,Prospect - Medium Potential,-1,Medium-Potential Local Prospects,Medium,Deploy digital marketing and automated newsletters; outreach during regional events.,0,0
Accoount 3019,Prospect - Medium Potential,-1,Medium-Potential Local Prospects,Medium,Deploy digital marketing and automated newsletters; outreach during regional events.,0,0
Accoount 3020,Prospect - Medium Potential,-1,Medium-Potential Local Prospects,Medium,Deploy digital marketing and automated newsletters; outreach during regional events.,0,0
Accoount 3021,Prospect - Medium Potential,-1,Medium-Potential Local Prospects,Medium,Deploy digital marketing and automated newsletters; outreach during regional events.,0,0
Accoount 3022,Prospect - Medium Potential,-1,Medium-Potential Local Prospects,Medium,Deploy digital marketing and automated newsletters; outreach during regional events.,0,0
Accoount 3023,Prospect - Medium Potential,-1,Medium-Potential Local Prospects,Medium,Deploy digital marketing and automated newsletters; outreach during regional events.,0,0
Accoount 3024,Prospect - Dormant / Address Missing,-1,Dormant / Unreachable Prospects,Low,Perform database cleanup and address validation before initiating any marketing spend.,0,0
Accoount 3025,Prospect - Dormant / Address Missing,-1,Dormant / Unreachable Prospects,Low,Perform database cleanup and address validation before initiating any marketing spend.,0,0
Accoount 3026,Prospect - High Potential,-1,High-Potential Market Prospects,High,Launch targeted marketing campaigns; prioritize sales team outreach to acquire new accounts.,0,0
Accoount 3027,Prospect - High Potential,-1,High-Potential Market Prospects,High,Launch targeted marketing campaigns; prioritize sales team outreach to acquire new accounts.,0,0
Accoount 3028,Prospect - Medium Potential,-1,Medium-Potential Local Prospects,Medium,Deploy digital marketing and automated newsletters; outreach during regional events.,0,0
Accoount 3029,Prospect - Dormant / Address Missing,-1,Dormant / Unreachable Prospects,Low,Perform database cleanup and address validation before initiating any marketing spend.,0,0
Accoount 3030,Prospect - High Potential,-1,High-Potential Market Prospects,High,Launch targeted marketing campaigns; prioritize sales team outreach to acquire new accounts.,0,0
